id,type,name,variation,saveAs,prompt
cabs-hero-desktop,service,Outstation Cabs,1,public/images/hero/cabs-hero-desktop.png,"Create a Outstation Cabs image for YatraNexus travel website. Theme: comfortable outstation cabs anywhere in India, white SUV on scenic highway. Shot type: hero-desktop — Left third clear for text overlay. YatraNexus brand colors: navy #001b2a, orange #ff7a00, purple #4b2cff. Photorealistic, no text, no watermark. Technical: 16:9 1920×1080."
cabs-hero-mobile,service,Outstation Cabs,2,public/images/hero/cabs-hero-mobile.png,"Create a Outstation Cabs image for YatraNexus travel website. Theme: comfortable outstation cabs anywhere in India, white SUV on scenic highway. Shot type: hero-mobile — Vertical crop, subject center-bottom. YatraNexus brand colors: navy #001b2a, orange #ff7a00, purple #4b2cff. Photorealistic, no text, no watermark. Technical: 9:16 1080×1920."
cabs-service-card,service,Outstation Cabs,3,public/images/hero/cabs-service-card.png,"Create a Outstation Cabs image for YatraNexus travel website. Theme: comfortable outstation cabs anywhere in India, white SUV on scenic highway. Shot type: service-card — Package/service card thumbnail. YatraNexus brand colors: navy #001b2a, orange #ff7a00, purple #4b2cff. Photorealistic, no text, no watermark. Technical: 3:2 1200×800."
cabs-cta-banner,service,Outstation Cabs,4,public/images/hero/cabs-cta-banner.png,"Create a Outstation Cabs image for YatraNexus travel website. Theme: comfortable outstation cabs anywhere in India, white SUV on scenic highway. Shot type: cta-banner — Wide CTA section background. YatraNexus brand colors: navy #001b2a, orange #ff7a00, purple #4b2cff. Photorealistic, no text, no watermark. Technical: 21:9 ultrawide."
cabs-trust-section,service,Outstation Cabs,5,public/images/hero/cabs-trust-section.png,"Create a Outstation Cabs image for YatraNexus travel website. Theme: comfortable outstation cabs anywhere in India, white SUV on scenic highway. Shot type: trust-section — Subtle background for stats/trust bar. YatraNexus brand colors: navy #001b2a, orange #ff7a00, purple #4b2cff. Photorealistic, no text, no watermark. Technical: 16:9."
cabs-how-it-works,service,Outstation Cabs,6,public/images/hero/cabs-how-it-works.png,"Create a Outstation Cabs image for YatraNexus travel website. Theme: comfortable outstation cabs anywhere in India, white SUV on scenic highway. Shot type: how-it-works — Clean illustrative step background. YatraNexus brand colors: navy #001b2a, orange #ff7a00, purple #4b2cff. Photorealistic, no text, no watermark. Technical: 16:9."
cabs-social-square,service,Outstation Cabs,7,public/images/hero/cabs-social-square.png,"Create a Outstation Cabs image for YatraNexus travel website. Theme: comfortable outstation cabs anywhere in India, white SUV on scenic highway. Shot type: social-square — Instagram/LinkedIn post. YatraNexus brand colors: navy #001b2a, orange #ff7a00, purple #4b2cff. Photorealistic, no text, no watermark. Technical: 1:1 1080×1080."
cabs-social-story,service,Outstation Cabs,8,public/images/hero/cabs-social-story.png,"Create a Outstation Cabs image for YatraNexus travel website. Theme: comfortable outstation cabs anywhere in India, white SUV on scenic highway. Shot type: social-story — Instagram story. YatraNexus brand colors: navy #001b2a, orange #ff7a00, purple #4b2cff. Photorealistic, no text, no watermark. Technical: 9:16."
cabs-ppt-slide,service,Outstation Cabs,9,public/images/hero/cabs-ppt-slide.png,"Create a Outstation Cabs image for YatraNexus travel website. Theme: comfortable outstation cabs anywhere in India, white SUV on scenic highway. Shot type: ppt-slide — Vendor presentation slide. YatraNexus brand colors: navy #001b2a, orange #ff7a00, purple #4b2cff. Photorealistic, no text, no watermark. Technical: 16:9."
cabs-email-header,service,Outstation Cabs,10,public/images/hero/cabs-email-header.png,"Create a Outstation Cabs image for YatraNexus travel website. Theme: comfortable outstation cabs anywhere in India, white SUV on scenic highway. Shot type: email-header — Email newsletter banner. YatraNexus brand colors: navy #001b2a, orange #ff7a00, purple #4b2cff. Photorealistic, no text, no watermark. Technical: 3:1 wide."
flights-hero-desktop,service,Flight Booking,1,public/images/hero/flights-hero-desktop.png,"Create a Flight Booking image for YatraNexus travel website. Theme: airplane at airport, flight booking, domestic and international travel. Shot type: hero-desktop — Left third clear for text overlay. YatraNexus brand colors: navy #001b2a, orange #ff7a00, purple #4b2cff. Photorealistic, no text, no watermark. Technical: 16:9 1920×1080."
flights-hero-mobile,service,Flight Booking,2,public/images/hero/flights-hero-mobile.png,"Create a Flight Booking image for YatraNexus travel website. Theme: airplane at airport, flight booking, domestic and international travel. Shot type: hero-mobile — Vertical crop, subject center-bottom. YatraNexus brand colors: navy #001b2a, orange #ff7a00, purple #4b2cff. Photorealistic, no text, no watermark. Technical: 9:16 1080×1920."
flights-service-card,service,Flight Booking,3,public/images/hero/flights-service-card.png,"Create a Flight Booking image for YatraNexus travel website. Theme: airplane at airport, flight booking, domestic and international travel. Shot type: service-card — Package/service card thumbnail. YatraNexus brand colors: navy #001b2a, orange #ff7a00, purple #4b2cff. Photorealistic, no text, no watermark. Technical: 3:2 1200×800."
flights-cta-banner,service,Flight Booking,4,public/images/hero/flights-cta-banner.png,"Create a Flight Booking image for YatraNexus travel website. Theme: airplane at airport, flight booking, domestic and international travel. Shot type: cta-banner — Wide CTA section background. YatraNexus brand colors: navy #001b2a, orange #ff7a00, purple #4b2cff. Photorealistic, no text, no watermark. Technical: 21:9 ultrawide."
flights-trust-section,service,Flight Booking,5,public/images/hero/flights-trust-section.png,"Create a Flight Booking image for YatraNexus travel website. Theme: airplane at airport, flight booking, domestic and international travel. Shot type: trust-section — Subtle background for stats/trust bar. YatraNexus brand colors: navy #001b2a, orange #ff7a00, purple #4b2cff. Photorealistic, no text, no watermark. Technical: 16:9."
flights-how-it-works,service,Flight Booking,6,public/images/hero/flights-how-it-works.png,"Create a Flight Booking image for YatraNexus travel website. Theme: airplane at airport, flight booking, domestic and international travel. Shot type: how-it-works — Clean illustrative step background. YatraNexus brand colors: navy #001b2a, orange #ff7a00, purple #4b2cff. Photorealistic, no text, no watermark. Technical: 16:9."
flights-social-square,service,Flight Booking,7,public/images/hero/flights-social-square.png,"Create a Flight Booking image for YatraNexus travel website. Theme: airplane at airport, flight booking, domestic and international travel. Shot type: social-square — Instagram/LinkedIn post. YatraNexus brand colors: navy #001b2a, orange #ff7a00, purple #4b2cff. Photorealistic, no text, no watermark. Technical: 1:1 1080×1080."
flights-social-story,service,Flight Booking,8,public/images/hero/flights-social-story.png,"Create a Flight Booking image for YatraNexus travel website. Theme: airplane at airport, flight booking, domestic and international travel. Shot type: social-story — Instagram story. YatraNexus brand colors: navy #001b2a, orange #ff7a00, purple #4b2cff. Photorealistic, no text, no watermark. Technical: 9:16."
flights-ppt-slide,service,Flight Booking,9,public/images/hero/flights-ppt-slide.png,"Create a Flight Booking image for YatraNexus travel website. Theme: airplane at airport, flight booking, domestic and international travel. Shot type: ppt-slide — Vendor presentation slide. YatraNexus brand colors: navy #001b2a, orange #ff7a00, purple #4b2cff. Photorealistic, no text, no watermark. Technical: 16:9."
flights-email-header,service,Flight Booking,10,public/images/hero/flights-email-header.png,"Create a Flight Booking image for YatraNexus travel website. Theme: airplane at airport, flight booking, domestic and international travel. Shot type: email-header — Email newsletter banner. YatraNexus brand colors: navy #001b2a, orange #ff7a00, purple #4b2cff. Photorealistic, no text, no watermark. Technical: 3:1 wide."
hotels-hero-desktop,service,Hotel Booking,1,public/images/hero/hotels-hero-desktop.png,"Create a Hotel Booking image for YatraNexus travel website. Theme: luxury hotel room and lobby, handpicked stays worldwide. Shot type: hero-desktop — Left third clear for text overlay. YatraNexus brand colors: navy #001b2a, orange #ff7a00, purple #4b2cff. Photorealistic, no text, no watermark. Technical: 16:9 1920×1080."
hotels-hero-mobile,service,Hotel Booking,2,public/images/hero/hotels-hero-mobile.png,"Create a Hotel Booking image for YatraNexus travel website. Theme: luxury hotel room and lobby, handpicked stays worldwide. Shot type: hero-mobile — Vertical crop, subject center-bottom. YatraNexus brand colors: navy #001b2a, orange #ff7a00, purple #4b2cff. Photorealistic, no text, no watermark. Technical: 9:16 1080×1920."
hotels-service-card,service,Hotel Booking,3,public/images/hero/hotels-service-card.png,"Create a Hotel Booking image for YatraNexus travel website. Theme: luxury hotel room and lobby, handpicked stays worldwide. Shot type: service-card — Package/service card thumbnail. YatraNexus brand colors: navy #001b2a, orange #ff7a00, purple #4b2cff. Photorealistic, no text, no watermark. Technical: 3:2 1200×800."
hotels-cta-banner,service,Hotel Booking,4,public/images/hero/hotels-cta-banner.png,"Create a Hotel Booking image for YatraNexus travel website. Theme: luxury hotel room and lobby, handpicked stays worldwide. Shot type: cta-banner — Wide CTA section background. YatraNexus brand colors: navy #001b2a, orange #ff7a00, purple #4b2cff. Photorealistic, no text, no watermark. Technical: 21:9 ultrawide."
hotels-trust-section,service,Hotel Booking,5,public/images/hero/hotels-trust-section.png,"Create a Hotel Booking image for YatraNexus travel website. Theme: luxury hotel room and lobby, handpicked stays worldwide. Shot type: trust-section — Subtle background for stats/trust bar. YatraNexus brand colors: navy #001b2a, orange #ff7a00, purple #4b2cff. Photorealistic, no text, no watermark. Technical: 16:9."
hotels-how-it-works,service,Hotel Booking,6,public/images/hero/hotels-how-it-works.png,"Create a Hotel Booking image for YatraNexus travel website. Theme: luxury hotel room and lobby, handpicked stays worldwide. Shot type: how-it-works — Clean illustrative step background. YatraNexus brand colors: navy #001b2a, orange #ff7a00, purple #4b2cff. Photorealistic, no text, no watermark. Technical: 16:9."
hotels-social-square,service,Hotel Booking,7,public/images/hero/hotels-social-square.png,"Create a Hotel Booking image for YatraNexus travel website. Theme: luxury hotel room and lobby, handpicked stays worldwide. Shot type: social-square — Instagram/LinkedIn post. YatraNexus brand colors: navy #001b2a, orange #ff7a00, purple #4b2cff. Photorealistic, no text, no watermark. Technical: 1:1 1080×1080."
hotels-social-story,service,Hotel Booking,8,public/images/hero/hotels-social-story.png,"Create a Hotel Booking image for YatraNexus travel website. Theme: luxury hotel room and lobby, handpicked stays worldwide. Shot type: social-story — Instagram story. YatraNexus brand colors: navy #001b2a, orange #ff7a00, purple #4b2cff. Photorealistic, no text, no watermark. Technical: 9:16."
hotels-ppt-slide,service,Hotel Booking,9,public/images/hero/hotels-ppt-slide.png,"Create a Hotel Booking image for YatraNexus travel website. Theme: luxury hotel room and lobby, handpicked stays worldwide. Shot type: ppt-slide — Vendor presentation slide. YatraNexus brand colors: navy #001b2a, orange #ff7a00, purple #4b2cff. Photorealistic, no text, no watermark. Technical: 16:9."
hotels-email-header,service,Hotel Booking,10,public/images/hero/hotels-email-header.png,"Create a Hotel Booking image for YatraNexus travel website. Theme: luxury hotel room and lobby, handpicked stays worldwide. Shot type: email-header — Email newsletter banner. YatraNexus brand colors: navy #001b2a, orange #ff7a00, purple #4b2cff. Photorealistic, no text, no watermark. Technical: 3:1 wide."
visa-hero-desktop,service,Visa Services,1,public/images/hero/visa-hero-desktop.png,"Create a Visa Services image for YatraNexus travel website. Theme: passport visa stamps, travel documents, your visa sorted, global access. Shot type: hero-desktop — Left third clear for text overlay. YatraNexus brand colors: navy #001b2a, orange #ff7a00, purple #4b2cff. Photorealistic, no text, no watermark. Technical: 16:9 1920×1080."
visa-hero-mobile,service,Visa Services,2,public/images/hero/visa-hero-mobile.png,"Create a Visa Services image for YatraNexus travel website. Theme: passport visa stamps, travel documents, your visa sorted, global access. Shot type: hero-mobile — Vertical crop, subject center-bottom. YatraNexus brand colors: navy #001b2a, orange #ff7a00, purple #4b2cff. Photorealistic, no text, no watermark. Technical: 9:16 1080×1920."
visa-service-card,service,Visa Services,3,public/images/hero/visa-service-card.png,"Create a Visa Services image for YatraNexus travel website. Theme: passport visa stamps, travel documents, your visa sorted, global access. Shot type: service-card — Package/service card thumbnail. YatraNexus brand colors: navy #001b2a, orange #ff7a00, purple #4b2cff. Photorealistic, no text, no watermark. Technical: 3:2 1200×800."
visa-cta-banner,service,Visa Services,4,public/images/hero/visa-cta-banner.png,"Create a Visa Services image for YatraNexus travel website. Theme: passport visa stamps, travel documents, your visa sorted, global access. Shot type: cta-banner — Wide CTA section background. YatraNexus brand colors: navy #001b2a, orange #ff7a00, purple #4b2cff. Photorealistic, no text, no watermark. Technical: 21:9 ultrawide."
visa-trust-section,service,Visa Services,5,public/images/hero/visa-trust-section.png,"Create a Visa Services image for YatraNexus travel website. Theme: passport visa stamps, travel documents, your visa sorted, global access. Shot type: trust-section — Subtle background for stats/trust bar. YatraNexus brand colors: navy #001b2a, orange #ff7a00, purple #4b2cff. Photorealistic, no text, no watermark. Technical: 16:9."
visa-how-it-works,service,Visa Services,6,public/images/hero/visa-how-it-works.png,"Create a Visa Services image for YatraNexus travel website. Theme: passport visa stamps, travel documents, your visa sorted, global access. Shot type: how-it-works — Clean illustrative step background. YatraNexus brand colors: navy #001b2a, orange #ff7a00, purple #4b2cff. Photorealistic, no text, no watermark. Technical: 16:9."
visa-social-square,service,Visa Services,7,public/images/hero/visa-social-square.png,"Create a Visa Services image for YatraNexus travel website. Theme: passport visa stamps, travel documents, your visa sorted, global access. Shot type: social-square — Instagram/LinkedIn post. YatraNexus brand colors: navy #001b2a, orange #ff7a00, purple #4b2cff. Photorealistic, no text, no watermark. Technical: 1:1 1080×1080."
visa-social-story,service,Visa Services,8,public/images/hero/visa-social-story.png,"Create a Visa Services image for YatraNexus travel website. Theme: passport visa stamps, travel documents, your visa sorted, global access. Shot type: social-story — Instagram story. YatraNexus brand colors: navy #001b2a, orange #ff7a00, purple #4b2cff. Photorealistic, no text, no watermark. Technical: 9:16."
visa-ppt-slide,service,Visa Services,9,public/images/hero/visa-ppt-slide.png,"Create a Visa Services image for YatraNexus travel website. Theme: passport visa stamps, travel documents, your visa sorted, global access. Shot type: ppt-slide — Vendor presentation slide. YatraNexus brand colors: navy #001b2a, orange #ff7a00, purple #4b2cff. Photorealistic, no text, no watermark. Technical: 16:9."
visa-email-header,service,Visa Services,10,public/images/hero/visa-email-header.png,"Create a Visa Services image for YatraNexus travel website. Theme: passport visa stamps, travel documents, your visa sorted, global access. Shot type: email-header — Email newsletter banner. YatraNexus brand colors: navy #001b2a, orange #ff7a00, purple #4b2cff. Photorealistic, no text, no watermark. Technical: 3:1 wide."
insurance-hero-desktop,service,Travel Insurance,1,public/images/hero/insurance-hero-desktop.png,"Create a Travel Insurance image for YatraNexus travel website. Theme: travel with peace of mind, family at airport, protection and safety. Shot type: hero-desktop — Left third clear for text overlay. YatraNexus brand colors: navy #001b2a, orange #ff7a00, purple #4b2cff. Photorealistic, no text, no watermark. Technical: 16:9 1920×1080."
insurance-hero-mobile,service,Travel Insurance,2,public/images/hero/insurance-hero-mobile.png,"Create a Travel Insurance image for YatraNexus travel website. Theme: travel with peace of mind, family at airport, protection and safety. Shot type: hero-mobile — Vertical crop, subject center-bottom. YatraNexus brand colors: navy #001b2a, orange #ff7a00, purple #4b2cff. Photorealistic, no text, no watermark. Technical: 9:16 1080×1920."
insurance-service-card,service,Travel Insurance,3,public/images/hero/insurance-service-card.png,"Create a Travel Insurance image for YatraNexus travel website. Theme: travel with peace of mind, family at airport, protection and safety. Shot type: service-card — Package/service card thumbnail. YatraNexus brand colors: navy #001b2a, orange #ff7a00, purple #4b2cff. Photorealistic, no text, no watermark. Technical: 3:2 1200×800."
insurance-cta-banner,service,Travel Insurance,4,public/images/hero/insurance-cta-banner.png,"Create a Travel Insurance image for YatraNexus travel website. Theme: travel with peace of mind, family at airport, protection and safety. Shot type: cta-banner — Wide CTA section background. YatraNexus brand colors: navy #001b2a, orange #ff7a00, purple #4b2cff. Photorealistic, no text, no watermark. Technical: 21:9 ultrawide."
insurance-trust-section,service,Travel Insurance,5,public/images/hero/insurance-trust-section.png,"Create a Travel Insurance image for YatraNexus travel website. Theme: travel with peace of mind, family at airport, protection and safety. Shot type: trust-section — Subtle background for stats/trust bar. YatraNexus brand colors: navy #001b2a, orange #ff7a00, purple #4b2cff. Photorealistic, no text, no watermark. Technical: 16:9."
insurance-how-it-works,service,Travel Insurance,6,public/images/hero/insurance-how-it-works.png,"Create a Travel Insurance image for YatraNexus travel website. Theme: travel with peace of mind, family at airport, protection and safety. Shot type: how-it-works — Clean illustrative step background. YatraNexus brand colors: navy #001b2a, orange #ff7a00, purple #4b2cff. Photorealistic, no text, no watermark. Technical: 16:9."
insurance-social-square,service,Travel Insurance,7,public/images/hero/insurance-social-square.png,"Create a Travel Insurance image for YatraNexus travel website. Theme: travel with peace of mind, family at airport, protection and safety. Shot type: social-square — Instagram/LinkedIn post. YatraNexus brand colors: navy #001b2a, orange #ff7a00, purple #4b2cff. Photorealistic, no text, no watermark. Technical: 1:1 1080×1080."
insurance-social-story,service,Travel Insurance,8,public/images/hero/insurance-social-story.png,"Create a Travel Insurance image for YatraNexus travel website. Theme: travel with peace of mind, family at airport, protection and safety. Shot type: social-story — Instagram story. YatraNexus brand colors: navy #001b2a, orange #ff7a00, purple #4b2cff. Photorealistic, no text, no watermark. Technical: 9:16."
insurance-ppt-slide,service,Travel Insurance,9,public/images/hero/insurance-ppt-slide.png,"Create a Travel Insurance image for YatraNexus travel website. Theme: travel with peace of mind, family at airport, protection and safety. Shot type: ppt-slide — Vendor presentation slide. YatraNexus brand colors: navy #001b2a, orange #ff7a00, purple #4b2cff. Photorealistic, no text, no watermark. Technical: 16:9."
insurance-email-header,service,Travel Insurance,10,public/images/hero/insurance-email-header.png,"Create a Travel Insurance image for YatraNexus travel website. Theme: travel with peace of mind, family at airport, protection and safety. Shot type: email-header — Email newsletter banner. YatraNexus brand colors: navy #001b2a, orange #ff7a00, purple #4b2cff. Photorealistic, no text, no watermark. Technical: 3:1 wide."
forex-hero-desktop,service,Forex Card,1,public/images/hero/forex-hero-desktop.png,"Create a Forex Card image for YatraNexus travel website. Theme: multi-currency forex card, international payments, globe and currency. Shot type: hero-desktop — Left third clear for text overlay. YatraNexus brand colors: navy #001b2a, orange #ff7a00, purple #4b2cff. Photorealistic, no text, no watermark. Technical: 16:9 1920×1080."
forex-hero-mobile,service,Forex Card,2,public/images/hero/forex-hero-mobile.png,"Create a Forex Card image for YatraNexus travel website. Theme: multi-currency forex card, international payments, globe and currency. Shot type: hero-mobile — Vertical crop, subject center-bottom. YatraNexus brand colors: navy #001b2a, orange #ff7a00, purple #4b2cff. Photorealistic, no text, no watermark. Technical: 9:16 1080×1920."
forex-service-card,service,Forex Card,3,public/images/hero/forex-service-card.png,"Create a Forex Card image for YatraNexus travel website. Theme: multi-currency forex card, international payments, globe and currency. Shot type: service-card — Package/service card thumbnail. YatraNexus brand colors: navy #001b2a, orange #ff7a00, purple #4b2cff. Photorealistic, no text, no watermark. Technical: 3:2 1200×800."
forex-cta-banner,service,Forex Card,4,public/images/hero/forex-cta-banner.png,"Create a Forex Card image for YatraNexus travel website. Theme: multi-currency forex card, international payments, globe and currency. Shot type: cta-banner — Wide CTA section background. YatraNexus brand colors: navy #001b2a, orange #ff7a00, purple #4b2cff. Photorealistic, no text, no watermark. Technical: 21:9 ultrawide."
forex-trust-section,service,Forex Card,5,public/images/hero/forex-trust-section.png,"Create a Forex Card image for YatraNexus travel website. Theme: multi-currency forex card, international payments, globe and currency. Shot type: trust-section — Subtle background for stats/trust bar. YatraNexus brand colors: navy #001b2a, orange #ff7a00, purple #4b2cff. Photorealistic, no text, no watermark. Technical: 16:9."
forex-how-it-works,service,Forex Card,6,public/images/hero/forex-how-it-works.png,"Create a Forex Card image for YatraNexus travel website. Theme: multi-currency forex card, international payments, globe and currency. Shot type: how-it-works — Clean illustrative step background. YatraNexus brand colors: navy #001b2a, orange #ff7a00, purple #4b2cff. Photorealistic, no text, no watermark. Technical: 16:9."
forex-social-square,service,Forex Card,7,public/images/hero/forex-social-square.png,"Create a Forex Card image for YatraNexus travel website. Theme: multi-currency forex card, international payments, globe and currency. Shot type: social-square — Instagram/LinkedIn post. YatraNexus brand colors: navy #001b2a, orange #ff7a00, purple #4b2cff. Photorealistic, no text, no watermark. Technical: 1:1 1080×1080."
forex-social-story,service,Forex Card,8,public/images/hero/forex-social-story.png,"Create a Forex Card image for YatraNexus travel website. Theme: multi-currency forex card, international payments, globe and currency. Shot type: social-story — Instagram story. YatraNexus brand colors: navy #001b2a, orange #ff7a00, purple #4b2cff. Photorealistic, no text, no watermark. Technical: 9:16."
forex-ppt-slide,service,Forex Card,9,public/images/hero/forex-ppt-slide.png,"Create a Forex Card image for YatraNexus travel website. Theme: multi-currency forex card, international payments, globe and currency. Shot type: ppt-slide — Vendor presentation slide. YatraNexus brand colors: navy #001b2a, orange #ff7a00, purple #4b2cff. Photorealistic, no text, no watermark. Technical: 16:9."
forex-email-header,service,Forex Card,10,public/images/hero/forex-email-header.png,"Create a Forex Card image for YatraNexus travel website. Theme: multi-currency forex card, international payments, globe and currency. Shot type: email-header — Email newsletter banner. YatraNexus brand colors: navy #001b2a, orange #ff7a00, purple #4b2cff. Photorealistic, no text, no watermark. Technical: 3:1 wide."
corporate-hero-desktop,service,Corporate Travel,1,public/images/corporate/corporate-hero-desktop.png,"Create a Corporate Travel image for YatraNexus travel website. Theme: business corporate travel MICE, executives airport, professional. Shot type: hero-desktop — Left third clear for text overlay. YatraNexus brand colors: navy #001b2a, orange #ff7a00, purple #4b2cff. Photorealistic, no text, no watermark. Technical: 16:9 1920×1080."
corporate-hero-mobile,service,Corporate Travel,2,public/images/corporate/corporate-hero-mobile.png,"Create a Corporate Travel image for YatraNexus travel website. Theme: business corporate travel MICE, executives airport, professional. Shot type: hero-mobile — Vertical crop, subject center-bottom. YatraNexus brand colors: navy #001b2a, orange #ff7a00, purple #4b2cff. Photorealistic, no text, no watermark. Technical: 9:16 1080×1920."
corporate-service-card,service,Corporate Travel,3,public/images/corporate/corporate-service-card.png,"Create a Corporate Travel image for YatraNexus travel website. Theme: business corporate travel MICE, executives airport, professional. Shot type: service-card — Package/service card thumbnail. YatraNexus brand colors: navy #001b2a, orange #ff7a00, purple #4b2cff. Photorealistic, no text, no watermark. Technical: 3:2 1200×800."
corporate-cta-banner,service,Corporate Travel,4,public/images/corporate/corporate-cta-banner.png,"Create a Corporate Travel image for YatraNexus travel website. Theme: business corporate travel MICE, executives airport, professional. Shot type: cta-banner — Wide CTA section background. YatraNexus brand colors: navy #001b2a, orange #ff7a00, purple #4b2cff. Photorealistic, no text, no watermark. Technical: 21:9 ultrawide."
corporate-trust-section,service,Corporate Travel,5,public/images/corporate/corporate-trust-section.png,"Create a Corporate Travel image for YatraNexus travel website. Theme: business corporate travel MICE, executives airport, professional. Shot type: trust-section — Subtle background for stats/trust bar. YatraNexus brand colors: navy #001b2a, orange #ff7a00, purple #4b2cff. Photorealistic, no text, no watermark. Technical: 16:9."
corporate-how-it-works,service,Corporate Travel,6,public/images/corporate/corporate-how-it-works.png,"Create a Corporate Travel image for YatraNexus travel website. Theme: business corporate travel MICE, executives airport, professional. Shot type: how-it-works — Clean illustrative step background. YatraNexus brand colors: navy #001b2a, orange #ff7a00, purple #4b2cff. Photorealistic, no text, no watermark. Technical: 16:9."
corporate-social-square,service,Corporate Travel,7,public/images/corporate/corporate-social-square.png,"Create a Corporate Travel image for YatraNexus travel website. Theme: business corporate travel MICE, executives airport, professional. Shot type: social-square — Instagram/LinkedIn post. YatraNexus brand colors: navy #001b2a, orange #ff7a00, purple #4b2cff. Photorealistic, no text, no watermark. Technical: 1:1 1080×1080."
corporate-social-story,service,Corporate Travel,8,public/images/corporate/corporate-social-story.png,"Create a Corporate Travel image for YatraNexus travel website. Theme: business corporate travel MICE, executives airport, professional. Shot type: social-story — Instagram story. YatraNexus brand colors: navy #001b2a, orange #ff7a00, purple #4b2cff. Photorealistic, no text, no watermark. Technical: 9:16."
corporate-ppt-slide,service,Corporate Travel,9,public/images/corporate/corporate-ppt-slide.png,"Create a Corporate Travel image for YatraNexus travel website. Theme: business corporate travel MICE, executives airport, professional. Shot type: ppt-slide — Vendor presentation slide. YatraNexus brand colors: navy #001b2a, orange #ff7a00, purple #4b2cff. Photorealistic, no text, no watermark. Technical: 16:9."
corporate-email-header,service,Corporate Travel,10,public/images/corporate/corporate-email-header.png,"Create a Corporate Travel image for YatraNexus travel website. Theme: business corporate travel MICE, executives airport, professional. Shot type: email-header — Email newsletter banner. YatraNexus brand colors: navy #001b2a, orange #ff7a00, purple #4b2cff. Photorealistic, no text, no watermark. Technical: 3:1 wide."
holiday-packages-hero-desktop,service,Holiday Packages,1,public/images/hero/holiday-packages-hero-desktop.png,"Create a Holiday Packages image for YatraNexus travel website. Theme: collage India destinations Goa Kerala Kashmir Rajasthan holidays. Shot type: hero-desktop — Left third clear for text overlay. YatraNexus brand colors: navy #001b2a, orange #ff7a00, purple #4b2cff. Photorealistic, no text, no watermark. Technical: 16:9 1920×1080."
holiday-packages-hero-mobile,service,Holiday Packages,2,public/images/hero/holiday-packages-hero-mobile.png,"Create a Holiday Packages image for YatraNexus travel website. Theme: collage India destinations Goa Kerala Kashmir Rajasthan holidays. Shot type: hero-mobile — Vertical crop, subject center-bottom. YatraNexus brand colors: navy #001b2a, orange #ff7a00, purple #4b2cff. Photorealistic, no text, no watermark. Technical: 9:16 1080×1920."
holiday-packages-service-card,service,Holiday Packages,3,public/images/hero/holiday-packages-service-card.png,"Create a Holiday Packages image for YatraNexus travel website. Theme: collage India destinations Goa Kerala Kashmir Rajasthan holidays. Shot type: service-card — Package/service card thumbnail. YatraNexus brand colors: navy #001b2a, orange #ff7a00, purple #4b2cff. Photorealistic, no text, no watermark. Technical: 3:2 1200×800."
holiday-packages-cta-banner,service,Holiday Packages,4,public/images/hero/holiday-packages-cta-banner.png,"Create a Holiday Packages image for YatraNexus travel website. Theme: collage India destinations Goa Kerala Kashmir Rajasthan holidays. Shot type: cta-banner — Wide CTA section background. YatraNexus brand colors: navy #001b2a, orange #ff7a00, purple #4b2cff. Photorealistic, no text, no watermark. Technical: 21:9 ultrawide."
holiday-packages-trust-section,service,Holiday Packages,5,public/images/hero/holiday-packages-trust-section.png,"Create a Holiday Packages image for YatraNexus travel website. Theme: collage India destinations Goa Kerala Kashmir Rajasthan holidays. Shot type: trust-section — Subtle background for stats/trust bar. YatraNexus brand colors: navy #001b2a, orange #ff7a00, purple #4b2cff. Photorealistic, no text, no watermark. Technical: 16:9."
holiday-packages-how-it-works,service,Holiday Packages,6,public/images/hero/holiday-packages-how-it-works.png,"Create a Holiday Packages image for YatraNexus travel website. Theme: collage India destinations Goa Kerala Kashmir Rajasthan holidays. Shot type: how-it-works — Clean illustrative step background. YatraNexus brand colors: navy #001b2a, orange #ff7a00, purple #4b2cff. Photorealistic, no text, no watermark. Technical: 16:9."
holiday-packages-social-square,service,Holiday Packages,7,public/images/hero/holiday-packages-social-square.png,"Create a Holiday Packages image for YatraNexus travel website. Theme: collage India destinations Goa Kerala Kashmir Rajasthan holidays. Shot type: social-square — Instagram/LinkedIn post. YatraNexus brand colors: navy #001b2a, orange #ff7a00, purple #4b2cff. Photorealistic, no text, no watermark. Technical: 1:1 1080×1080."
holiday-packages-social-story,service,Holiday Packages,8,public/images/hero/holiday-packages-social-story.png,"Create a Holiday Packages image for YatraNexus travel website. Theme: collage India destinations Goa Kerala Kashmir Rajasthan holidays. Shot type: social-story — Instagram story. YatraNexus brand colors: navy #001b2a, orange #ff7a00, purple #4b2cff. Photorealistic, no text, no watermark. Technical: 9:16."
holiday-packages-ppt-slide,service,Holiday Packages,9,public/images/hero/holiday-packages-ppt-slide.png,"Create a Holiday Packages image for YatraNexus travel website. Theme: collage India destinations Goa Kerala Kashmir Rajasthan holidays. Shot type: ppt-slide — Vendor presentation slide. YatraNexus brand colors: navy #001b2a, orange #ff7a00, purple #4b2cff. Photorealistic, no text, no watermark. Technical: 16:9."
holiday-packages-email-header,service,Holiday Packages,10,public/images/hero/holiday-packages-email-header.png,"Create a Holiday Packages image for YatraNexus travel website. Theme: collage India destinations Goa Kerala Kashmir Rajasthan holidays. Shot type: email-header — Email newsletter banner. YatraNexus brand colors: navy #001b2a, orange #ff7a00, purple #4b2cff. Photorealistic, no text, no watermark. Technical: 3:1 wide."
kashmir-kashmir-highlights-tour-5d4n-v1,package,Kashmir Highlights Tour,1,public/images/packages/kashmir-kashmir-highlights-tour-5d4n-v1.png,"Create a photorealistic travel image for ""Kashmir Highlights Tour"" — 5-day Kashmir holiday package, India. Scene: scenic highlights of Dal Lake shikara, snow Himalayas, Gulmarg meadows, Pahalgam valley. Style: Wide cinematic golden-hour landscape, premium travel brochure. YatraNexus brand colors: navy #001b2a, orange #ff7a00, purple #4b2cff. Photorealistic, no text, no watermark. Technical: 3:2 landscape 1200×800."
kashmir-kashmir-highlights-tour-5d4n-v2,package,Kashmir Highlights Tour,2,public/images/packages/kashmir-kashmir-highlights-tour-5d4n-v2.png,"Create a photorealistic travel image for ""Kashmir Highlights Tour"" — 5-day Kashmir holiday package, India. Scene: scenic highlights of Dal Lake shikara, snow Himalayas, Gulmarg meadows, Pahalgam valley. Style: Bright daylight vibrant colors, inviting family-friendly mood. YatraNexus brand colors: navy #001b2a, orange #ff7a00, purple #4b2cff. Photorealistic, no text, no watermark. Technical: 3:2 landscape 1200×800."
kashmir-kashmir-highlights-tour-5d4n-v3,package,Kashmir Highlights Tour,3,public/images/packages/kashmir-kashmir-highlights-tour-5d4n-v3.png,"Create a photorealistic travel image for ""Kashmir Highlights Tour"" — 5-day Kashmir holiday package, India. Scene: scenic highlights of Dal Lake shikara, snow Himalayas, Gulmarg meadows, Pahalgam valley. Style: Soft morning mist, peaceful serene atmosphere. YatraNexus brand colors: navy #001b2a, orange #ff7a00, purple #4b2cff. Photorealistic, no text, no watermark. Technical: 3:2 landscape 1200×800."
kashmir-kashmir-highlights-tour-5d4n-v4,package,Kashmir Highlights Tour,4,public/images/packages/kashmir-kashmir-highlights-tour-5d4n-v4.png,"Create a photorealistic travel image for ""Kashmir Highlights Tour"" — 5-day Kashmir holiday package, India. Scene: scenic highlights of Dal Lake shikara, snow Himalayas, Gulmarg meadows, Pahalgam valley. Style: Dramatic sunset warm orange-pink sky, romantic mood. YatraNexus brand colors: navy #001b2a, orange #ff7a00, purple #4b2cff. Photorealistic, no text, no watermark. Technical: 3:2 landscape 1200×800."
kashmir-kashmir-highlights-tour-5d4n-v5,package,Kashmir Highlights Tour,5,public/images/packages/kashmir-kashmir-highlights-tour-5d4n-v5.png,"Create a photorealistic travel image for ""Kashmir Highlights Tour"" — 5-day Kashmir holiday package, India. Scene: scenic highlights of Dal Lake shikara, snow Himalayas, Gulmarg meadows, Pahalgam valley. Style: Aerial drone bird's-eye view, epic panoramic scale. YatraNexus brand colors: navy #001b2a, orange #ff7a00, purple #4b2cff. Photorealistic, no text, no watermark. Technical: 3:2 landscape 1200×800."
kashmir-kashmir-highlights-tour-5d4n-v6,package,Kashmir Highlights Tour,6,public/images/packages/kashmir-kashmir-highlights-tour-5d4n-v6.png,"Create a photorealistic travel image for ""Kashmir Highlights Tour"" — 5-day Kashmir holiday package, India. Scene: scenic highlights of Dal Lake shikara, snow Himalayas, Gulmarg meadows, Pahalgam valley. Style: Close-up iconic landmark detail, shallow depth of field. YatraNexus brand colors: navy #001b2a, orange #ff7a00, purple #4b2cff. Photorealistic, no text, no watermark. Technical: 3:2 landscape 1200×800."
kashmir-kashmir-highlights-tour-5d4n-v7,package,Kashmir Highlights Tour,7,public/images/packages/kashmir-kashmir-highlights-tour-5d4n-v7.png,"Create a photorealistic travel image for ""Kashmir Highlights Tour"" — 5-day Kashmir holiday package, India. Scene: scenic highlights of Dal Lake shikara, snow Himalayas, Gulmarg meadows, Pahalgam valley. Style: Cultural heritage focus — temples, forts, or local architecture. YatraNexus brand colors: navy #001b2a, orange #ff7a00, purple #4b2cff. Photorealistic, no text, no watermark. Technical: 3:2 landscape 1200×800."
kashmir-kashmir-highlights-tour-5d4n-v8,package,Kashmir Highlights Tour,8,public/images/packages/kashmir-kashmir-highlights-tour-5d4n-v8.png,"Create a photorealistic travel image for ""Kashmir Highlights Tour"" — 5-day Kashmir holiday package, India. Scene: scenic highlights of Dal Lake shikara, snow Himalayas, Gulmarg meadows, Pahalgam valley. Style: Nature adventure — mountains, forests, rivers, wildlife hints. YatraNexus brand colors: navy #001b2a, orange #ff7a00, purple #4b2cff. Photorealistic, no text, no watermark. Technical: 3:2 landscape 1200×800."
kashmir-kashmir-highlights-tour-5d4n-v9,package,Kashmir Highlights Tour,9,public/images/packages/kashmir-kashmir-highlights-tour-5d4n-v9.png,"Create a photorealistic travel image for ""Kashmir Highlights Tour"" — 5-day Kashmir holiday package, India. Scene: scenic highlights of Dal Lake shikara, snow Himalayas, Gulmarg meadows, Pahalgam valley. Style: Coastal or lakeside calm water reflection composition. YatraNexus brand colors: navy #001b2a, orange #ff7a00, purple #4b2cff. Photorealistic, no text, no watermark. Technical: 3:2 landscape 1200×800."
kashmir-kashmir-highlights-tour-5d4n-v10,package,Kashmir Highlights Tour,10,public/images/packages/kashmir-kashmir-highlights-tour-5d4n-v10.png,"Create a photorealistic travel image for ""Kashmir Highlights Tour"" — 5-day Kashmir holiday package, India. Scene: scenic highlights of Dal Lake shikara, snow Himalayas, Gulmarg meadows, Pahalgam valley. Style: Clean package-card thumbnail — subject centered, minimal clutter. YatraNexus brand colors: navy #001b2a, orange #ff7a00, purple #4b2cff. Photorealistic, no text, no watermark. Technical: 3:2 landscape 1200×800."
kashmir-kashmir-family-tour-package-5d4n-v1,package,Kashmir Family Tour Package,1,public/images/packages/kashmir-kashmir-family-tour-package-5d4n-v1.png,"Create a photorealistic travel image for ""Kashmir Family Tour Package"" — 5-day Kashmir holiday package, India. Scene: family-friendly Dal Lake shikara, snow Himalayas, Gulmarg meadows, Pahalgam valley, cheerful safe travel. Style: Wide cinematic golden-hour landscape, premium travel brochure. YatraNexus brand colors: navy #001b2a, orange #ff7a00, purple #4b2cff. Photorealistic, no text, no watermark. Technical: 3:2 landscape 1200×800."
kashmir-kashmir-family-tour-package-5d4n-v2,package,Kashmir Family Tour Package,2,public/images/packages/kashmir-kashmir-family-tour-package-5d4n-v2.png,"Create a photorealistic travel image for ""Kashmir Family Tour Package"" — 5-day Kashmir holiday package, India. Scene: family-friendly Dal Lake shikara, snow Himalayas, Gulmarg meadows, Pahalgam valley, cheerful safe travel. Style: Bright daylight vibrant colors, inviting family-friendly mood. YatraNexus brand colors: navy #001b2a, orange #ff7a00, purple #4b2cff. Photorealistic, no text, no watermark. Technical: 3:2 landscape 1200×800."
kashmir-kashmir-family-tour-package-5d4n-v3,package,Kashmir Family Tour Package,3,public/images/packages/kashmir-kashmir-family-tour-package-5d4n-v3.png,"Create a photorealistic travel image for ""Kashmir Family Tour Package"" — 5-day Kashmir holiday package, India. Scene: family-friendly Dal Lake shikara, snow Himalayas, Gulmarg meadows, Pahalgam valley, cheerful safe travel. Style: Soft morning mist, peaceful serene atmosphere. YatraNexus brand colors: navy #001b2a, orange #ff7a00, purple #4b2cff. Photorealistic, no text, no watermark. Technical: 3:2 landscape 1200×800."
kashmir-kashmir-family-tour-package-5d4n-v4,package,Kashmir Family Tour Package,4,public/images/packages/kashmir-kashmir-family-tour-package-5d4n-v4.png,"Create a photorealistic travel image for ""Kashmir Family Tour Package"" — 5-day Kashmir holiday package, India. Scene: family-friendly Dal Lake shikara, snow Himalayas, Gulmarg meadows, Pahalgam valley, cheerful safe travel. Style: Dramatic sunset warm orange-pink sky, romantic mood. YatraNexus brand colors: navy #001b2a, orange #ff7a00, purple #4b2cff. Photorealistic, no text, no watermark. Technical: 3:2 landscape 1200×800."
kashmir-kashmir-family-tour-package-5d4n-v5,package,Kashmir Family Tour Package,5,public/images/packages/kashmir-kashmir-family-tour-package-5d4n-v5.png,"Create a photorealistic travel image for ""Kashmir Family Tour Package"" — 5-day Kashmir holiday package, India. Scene: family-friendly Dal Lake shikara, snow Himalayas, Gulmarg meadows, Pahalgam valley, cheerful safe travel. Style: Aerial drone bird's-eye view, epic panoramic scale. YatraNexus brand colors: navy #001b2a, orange #ff7a00, purple #4b2cff. Photorealistic, no text, no watermark. Technical: 3:2 landscape 1200×800."
kashmir-kashmir-family-tour-package-5d4n-v6,package,Kashmir Family Tour Package,6,public/images/packages/kashmir-kashmir-family-tour-package-5d4n-v6.png,"Create a photorealistic travel image for ""Kashmir Family Tour Package"" — 5-day Kashmir holiday package, India. Scene: family-friendly Dal Lake shikara, snow Himalayas, Gulmarg meadows, Pahalgam valley, cheerful safe travel. Style: Close-up iconic landmark detail, shallow depth of field. YatraNexus brand colors: navy #001b2a, orange #ff7a00, purple #4b2cff. Photorealistic, no text, no watermark. Technical: 3:2 landscape 1200×800."
kashmir-kashmir-family-tour-package-5d4n-v7,package,Kashmir Family Tour Package,7,public/images/packages/kashmir-kashmir-family-tour-package-5d4n-v7.png,"Create a photorealistic travel image for ""Kashmir Family Tour Package"" — 5-day Kashmir holiday package, India. Scene: family-friendly Dal Lake shikara, snow Himalayas, Gulmarg meadows, Pahalgam valley, cheerful safe travel. Style: Cultural heritage focus — temples, forts, or local architecture. YatraNexus brand colors: navy #001b2a, orange #ff7a00, purple #4b2cff. Photorealistic, no text, no watermark. Technical: 3:2 landscape 1200×800."
kashmir-kashmir-family-tour-package-5d4n-v8,package,Kashmir Family Tour Package,8,public/images/packages/kashmir-kashmir-family-tour-package-5d4n-v8.png,"Create a photorealistic travel image for ""Kashmir Family Tour Package"" — 5-day Kashmir holiday package, India. Scene: family-friendly Dal Lake shikara, snow Himalayas, Gulmarg meadows, Pahalgam valley, cheerful safe travel. Style: Nature adventure — mountains, forests, rivers, wildlife hints. YatraNexus brand colors: navy #001b2a, orange #ff7a00, purple #4b2cff. Photorealistic, no text, no watermark. Technical: 3:2 landscape 1200×800."
kashmir-kashmir-family-tour-package-5d4n-v9,package,Kashmir Family Tour Package,9,public/images/packages/kashmir-kashmir-family-tour-package-5d4n-v9.png,"Create a photorealistic travel image for ""Kashmir Family Tour Package"" — 5-day Kashmir holiday package, India. Scene: family-friendly Dal Lake shikara, snow Himalayas, Gulmarg meadows, Pahalgam valley, cheerful safe travel. Style: Coastal or lakeside calm water reflection composition. YatraNexus brand colors: navy #001b2a, orange #ff7a00, purple #4b2cff. Photorealistic, no text, no watermark. Technical: 3:2 landscape 1200×800."
kashmir-kashmir-family-tour-package-5d4n-v10,package,Kashmir Family Tour Package,10,public/images/packages/kashmir-kashmir-family-tour-package-5d4n-v10.png,"Create a photorealistic travel image for ""Kashmir Family Tour Package"" — 5-day Kashmir holiday package, India. Scene: family-friendly Dal Lake shikara, snow Himalayas, Gulmarg meadows, Pahalgam valley, cheerful safe travel. Style: Clean package-card thumbnail — subject centered, minimal clutter. YatraNexus brand colors: navy #001b2a, orange #ff7a00, purple #4b2cff. Photorealistic, no text, no watermark. Technical: 3:2 landscape 1200×800."
kashmir-kashmir-honeymoon-package-6d5n-v1,package,Kashmir Honeymoon Package,1,public/images/packages/kashmir-kashmir-honeymoon-package-6d5n-v1.png,"Create a photorealistic travel image for ""Kashmir Honeymoon Package"" — 6-day Kashmir holiday package, India. Scene: romantic Dal Lake shikara, snow Himalayas, Gulmarg meadows, Pahalgam valley, intimate luxury mood. Style: Wide cinematic golden-hour landscape, premium travel brochure. YatraNexus brand colors: navy #001b2a, orange #ff7a00, purple #4b2cff. Photorealistic, no text, no watermark. Technical: 3:2 landscape 1200×800."
kashmir-kashmir-honeymoon-package-6d5n-v2,package,Kashmir Honeymoon Package,2,public/images/packages/kashmir-kashmir-honeymoon-package-6d5n-v2.png,"Create a photorealistic travel image for ""Kashmir Honeymoon Package"" — 6-day Kashmir holiday package, India. Scene: romantic Dal Lake shikara, snow Himalayas, Gulmarg meadows, Pahalgam valley, intimate luxury mood. Style: Bright daylight vibrant colors, inviting family-friendly mood. YatraNexus brand colors: navy #001b2a, orange #ff7a00, purple #4b2cff. Photorealistic, no text, no watermark. Technical: 3:2 landscape 1200×800."
kashmir-kashmir-honeymoon-package-6d5n-v3,package,Kashmir Honeymoon Package,3,public/images/packages/kashmir-kashmir-honeymoon-package-6d5n-v3.png,"Create a photorealistic travel image for ""Kashmir Honeymoon Package"" — 6-day Kashmir holiday package, India. Scene: romantic Dal Lake shikara, snow Himalayas, Gulmarg meadows, Pahalgam valley, intimate luxury mood. Style: Soft morning mist, peaceful serene atmosphere. YatraNexus brand colors: navy #001b2a, orange #ff7a00, purple #4b2cff. Photorealistic, no text, no watermark. Technical: 3:2 landscape 1200×800."
kashmir-kashmir-honeymoon-package-6d5n-v4,package,Kashmir Honeymoon Package,4,public/images/packages/kashmir-kashmir-honeymoon-package-6d5n-v4.png,"Create a photorealistic travel image for ""Kashmir Honeymoon Package"" — 6-day Kashmir holiday package, India. Scene: romantic Dal Lake shikara, snow Himalayas, Gulmarg meadows, Pahalgam valley, intimate luxury mood. Style: Dramatic sunset warm orange-pink sky, romantic mood. YatraNexus brand colors: navy #001b2a, orange #ff7a00, purple #4b2cff. Photorealistic, no text, no watermark. Technical: 3:2 landscape 1200×800."
kashmir-kashmir-honeymoon-package-6d5n-v5,package,Kashmir Honeymoon Package,5,public/images/packages/kashmir-kashmir-honeymoon-package-6d5n-v5.png,"Create a photorealistic travel image for ""Kashmir Honeymoon Package"" — 6-day Kashmir holiday package, India. Scene: romantic Dal Lake shikara, snow Himalayas, Gulmarg meadows, Pahalgam valley, intimate luxury mood. Style: Aerial drone bird's-eye view, epic panoramic scale. YatraNexus brand colors: navy #001b2a, orange #ff7a00, purple #4b2cff. Photorealistic, no text, no watermark. Technical: 3:2 landscape 1200×800."
kashmir-kashmir-honeymoon-package-6d5n-v6,package,Kashmir Honeymoon Package,6,public/images/packages/kashmir-kashmir-honeymoon-package-6d5n-v6.png,"Create a photorealistic travel image for ""Kashmir Honeymoon Package"" — 6-day Kashmir holiday package, India. Scene: romantic Dal Lake shikara, snow Himalayas, Gulmarg meadows, Pahalgam valley, intimate luxury mood. Style: Close-up iconic landmark detail, shallow depth of field. YatraNexus brand colors: navy #001b2a, orange #ff7a00, purple #4b2cff. Photorealistic, no text, no watermark. Technical: 3:2 landscape 1200×800."
kashmir-kashmir-honeymoon-package-6d5n-v7,package,Kashmir Honeymoon Package,7,public/images/packages/kashmir-kashmir-honeymoon-package-6d5n-v7.png,"Create a photorealistic travel image for ""Kashmir Honeymoon Package"" — 6-day Kashmir holiday package, India. Scene: romantic Dal Lake shikara, snow Himalayas, Gulmarg meadows, Pahalgam valley, intimate luxury mood. Style: Cultural heritage focus — temples, forts, or local architecture. YatraNexus brand colors: navy #001b2a, orange #ff7a00, purple #4b2cff. Photorealistic, no text, no watermark. Technical: 3:2 landscape 1200×800."
kashmir-kashmir-honeymoon-package-6d5n-v8,package,Kashmir Honeymoon Package,8,public/images/packages/kashmir-kashmir-honeymoon-package-6d5n-v8.png,"Create a photorealistic travel image for ""Kashmir Honeymoon Package"" — 6-day Kashmir holiday package, India. Scene: romantic Dal Lake shikara, snow Himalayas, Gulmarg meadows, Pahalgam valley, intimate luxury mood. Style: Nature adventure — mountains, forests, rivers, wildlife hints. YatraNexus brand colors: navy #001b2a, orange #ff7a00, purple #4b2cff. Photorealistic, no text, no watermark. Technical: 3:2 landscape 1200×800."
kashmir-kashmir-honeymoon-package-6d5n-v9,package,Kashmir Honeymoon Package,9,public/images/packages/kashmir-kashmir-honeymoon-package-6d5n-v9.png,"Create a photorealistic travel image for ""Kashmir Honeymoon Package"" — 6-day Kashmir holiday package, India. Scene: romantic Dal Lake shikara, snow Himalayas, Gulmarg meadows, Pahalgam valley, intimate luxury mood. Style: Coastal or lakeside calm water reflection composition. YatraNexus brand colors: navy #001b2a, orange #ff7a00, purple #4b2cff. Photorealistic, no text, no watermark. Technical: 3:2 landscape 1200×800."
kashmir-kashmir-honeymoon-package-6d5n-v10,package,Kashmir Honeymoon Package,10,public/images/packages/kashmir-kashmir-honeymoon-package-6d5n-v10.png,"Create a photorealistic travel image for ""Kashmir Honeymoon Package"" — 6-day Kashmir holiday package, India. Scene: romantic Dal Lake shikara, snow Himalayas, Gulmarg meadows, Pahalgam valley, intimate luxury mood. Style: Clean package-card thumbnail — subject centered, minimal clutter. YatraNexus brand colors: navy #001b2a, orange #ff7a00, purple #4b2cff. Photorealistic, no text, no watermark. Technical: 3:2 landscape 1200×800."
kashmir-vaishno-devi-with-kashmir-tour-6d5n-v1,package,Vaishno Devi with Kashmir Tour,1,public/images/packages/kashmir-vaishno-devi-with-kashmir-tour-6d5n-v1.png,"Create a photorealistic travel image for ""Vaishno Devi with Kashmir Tour"" — 6-day Kashmir holiday package, India. Scene: spiritual pilgrimage Dal Lake shikara, snow Himalayas, Gulmarg meadows, Pahalgam valley, respectful reverent mood. Style: Wide cinematic golden-hour landscape, premium travel brochure. YatraNexus brand colors: navy #001b2a, orange #ff7a00, purple #4b2cff. Photorealistic, no text, no watermark. Technical: 3:2 landscape 1200×800."
kashmir-vaishno-devi-with-kashmir-tour-6d5n-v2,package,Vaishno Devi with Kashmir Tour,2,public/images/packages/kashmir-vaishno-devi-with-kashmir-tour-6d5n-v2.png,"Create a photorealistic travel image for ""Vaishno Devi with Kashmir Tour"" — 6-day Kashmir holiday package, India. Scene: spiritual pilgrimage Dal Lake shikara, snow Himalayas, Gulmarg meadows, Pahalgam valley, respectful reverent mood. Style: Bright daylight vibrant colors, inviting family-friendly mood. YatraNexus brand colors: navy #001b2a, orange #ff7a00, purple #4b2cff. Photorealistic, no text, no watermark. Technical: 3:2 landscape 1200×800."
kashmir-vaishno-devi-with-kashmir-tour-6d5n-v3,package,Vaishno Devi with Kashmir Tour,3,public/images/packages/kashmir-vaishno-devi-with-kashmir-tour-6d5n-v3.png,"Create a photorealistic travel image for ""Vaishno Devi with Kashmir Tour"" — 6-day Kashmir holiday package, India. Scene: spiritual pilgrimage Dal Lake shikara, snow Himalayas, Gulmarg meadows, Pahalgam valley, respectful reverent mood. Style: Soft morning mist, peaceful serene atmosphere. YatraNexus brand colors: navy #001b2a, orange #ff7a00, purple #4b2cff. Photorealistic, no text, no watermark. Technical: 3:2 landscape 1200×800."
kashmir-vaishno-devi-with-kashmir-tour-6d5n-v4,package,Vaishno Devi with Kashmir Tour,4,public/images/packages/kashmir-vaishno-devi-with-kashmir-tour-6d5n-v4.png,"Create a photorealistic travel image for ""Vaishno Devi with Kashmir Tour"" — 6-day Kashmir holiday package, India. Scene: spiritual pilgrimage Dal Lake shikara, snow Himalayas, Gulmarg meadows, Pahalgam valley, respectful reverent mood. Style: Dramatic sunset warm orange-pink sky, romantic mood. YatraNexus brand colors: navy #001b2a, orange #ff7a00, purple #4b2cff. Photorealistic, no text, no watermark. Technical: 3:2 landscape 1200×800."
kashmir-vaishno-devi-with-kashmir-tour-6d5n-v5,package,Vaishno Devi with Kashmir Tour,5,public/images/packages/kashmir-vaishno-devi-with-kashmir-tour-6d5n-v5.png,"Create a photorealistic travel image for ""Vaishno Devi with Kashmir Tour"" — 6-day Kashmir holiday package, India. Scene: spiritual pilgrimage Dal Lake shikara, snow Himalayas, Gulmarg meadows, Pahalgam valley, respectful reverent mood. Style: Aerial drone bird's-eye view, epic panoramic scale. YatraNexus brand colors: navy #001b2a, orange #ff7a00, purple #4b2cff. Photorealistic, no text, no watermark. Technical: 3:2 landscape 1200×800."
kashmir-vaishno-devi-with-kashmir-tour-6d5n-v6,package,Vaishno Devi with Kashmir Tour,6,public/images/packages/kashmir-vaishno-devi-with-kashmir-tour-6d5n-v6.png,"Create a photorealistic travel image for ""Vaishno Devi with Kashmir Tour"" — 6-day Kashmir holiday package, India. Scene: spiritual pilgrimage Dal Lake shikara, snow Himalayas, Gulmarg meadows, Pahalgam valley, respectful reverent mood. Style: Close-up iconic landmark detail, shallow depth of field. YatraNexus brand colors: navy #001b2a, orange #ff7a00, purple #4b2cff. Photorealistic, no text, no watermark. Technical: 3:2 landscape 1200×800."
kashmir-vaishno-devi-with-kashmir-tour-6d5n-v7,package,Vaishno Devi with Kashmir Tour,7,public/images/packages/kashmir-vaishno-devi-with-kashmir-tour-6d5n-v7.png,"Create a photorealistic travel image for ""Vaishno Devi with Kashmir Tour"" — 6-day Kashmir holiday package, India. Scene: spiritual pilgrimage Dal Lake shikara, snow Himalayas, Gulmarg meadows, Pahalgam valley, respectful reverent mood. Style: Cultural heritage focus — temples, forts, or local architecture. YatraNexus brand colors: navy #001b2a, orange #ff7a00, purple #4b2cff. Photorealistic, no text, no watermark. Technical: 3:2 landscape 1200×800."
kashmir-vaishno-devi-with-kashmir-tour-6d5n-v8,package,Vaishno Devi with Kashmir Tour,8,public/images/packages/kashmir-vaishno-devi-with-kashmir-tour-6d5n-v8.png,"Create a photorealistic travel image for ""Vaishno Devi with Kashmir Tour"" — 6-day Kashmir holiday package, India. Scene: spiritual pilgrimage Dal Lake shikara, snow Himalayas, Gulmarg meadows, Pahalgam valley, respectful reverent mood. Style: Nature adventure — mountains, forests, rivers, wildlife hints. YatraNexus brand colors: navy #001b2a, orange #ff7a00, purple #4b2cff. Photorealistic, no text, no watermark. Technical: 3:2 landscape 1200×800."
kashmir-vaishno-devi-with-kashmir-tour-6d5n-v9,package,Vaishno Devi with Kashmir Tour,9,public/images/packages/kashmir-vaishno-devi-with-kashmir-tour-6d5n-v9.png,"Create a photorealistic travel image for ""Vaishno Devi with Kashmir Tour"" — 6-day Kashmir holiday package, India. Scene: spiritual pilgrimage Dal Lake shikara, snow Himalayas, Gulmarg meadows, Pahalgam valley, respectful reverent mood. Style: Coastal or lakeside calm water reflection composition. YatraNexus brand colors: navy #001b2a, orange #ff7a00, purple #4b2cff. Photorealistic, no text, no watermark. Technical: 3:2 landscape 1200×800."
kashmir-vaishno-devi-with-kashmir-tour-6d5n-v10,package,Vaishno Devi with Kashmir Tour,10,public/images/packages/kashmir-vaishno-devi-with-kashmir-tour-6d5n-v10.png,"Create a photorealistic travel image for ""Vaishno Devi with Kashmir Tour"" — 6-day Kashmir holiday package, India. Scene: spiritual pilgrimage Dal Lake shikara, snow Himalayas, Gulmarg meadows, Pahalgam valley, respectful reverent mood. Style: Clean package-card thumbnail — subject centered, minimal clutter. YatraNexus brand colors: navy #001b2a, orange #ff7a00, purple #4b2cff. Photorealistic, no text, no watermark. Technical: 3:2 landscape 1200×800."
kashmir-amritsar-jammu-kashmir-tour-7d6n-v1,package,Amritsar Jammu Kashmir Tour,1,public/images/packages/kashmir-amritsar-jammu-kashmir-tour-7d6n-v1.png,"Create a photorealistic travel image for ""Amritsar Jammu Kashmir Tour"" — 7-day Kashmir holiday package, India. Scene: scenic highlights of Dal Lake shikara, snow Himalayas, Gulmarg meadows, Pahalgam valley. Style: Wide cinematic golden-hour landscape, premium travel brochure. YatraNexus brand colors: navy #001b2a, orange #ff7a00, purple #4b2cff. Photorealistic, no text, no watermark. Technical: 3:2 landscape 1200×800."
kashmir-amritsar-jammu-kashmir-tour-7d6n-v2,package,Amritsar Jammu Kashmir Tour,2,public/images/packages/kashmir-amritsar-jammu-kashmir-tour-7d6n-v2.png,"Create a photorealistic travel image for ""Amritsar Jammu Kashmir Tour"" — 7-day Kashmir holiday package, India. Scene: scenic highlights of Dal Lake shikara, snow Himalayas, Gulmarg meadows, Pahalgam valley. Style: Bright daylight vibrant colors, inviting family-friendly mood. YatraNexus brand colors: navy #001b2a, orange #ff7a00, purple #4b2cff. Photorealistic, no text, no watermark. Technical: 3:2 landscape 1200×800."
kashmir-amritsar-jammu-kashmir-tour-7d6n-v3,package,Amritsar Jammu Kashmir Tour,3,public/images/packages/kashmir-amritsar-jammu-kashmir-tour-7d6n-v3.png,"Create a photorealistic travel image for ""Amritsar Jammu Kashmir Tour"" — 7-day Kashmir holiday package, India. Scene: scenic highlights of Dal Lake shikara, snow Himalayas, Gulmarg meadows, Pahalgam valley. Style: Soft morning mist, peaceful serene atmosphere. YatraNexus brand colors: navy #001b2a, orange #ff7a00, purple #4b2cff. Photorealistic, no text, no watermark. Technical: 3:2 landscape 1200×800."
kashmir-amritsar-jammu-kashmir-tour-7d6n-v4,package,Amritsar Jammu Kashmir Tour,4,public/images/packages/kashmir-amritsar-jammu-kashmir-tour-7d6n-v4.png,"Create a photorealistic travel image for ""Amritsar Jammu Kashmir Tour"" — 7-day Kashmir holiday package, India. Scene: scenic highlights of Dal Lake shikara, snow Himalayas, Gulmarg meadows, Pahalgam valley. Style: Dramatic sunset warm orange-pink sky, romantic mood. YatraNexus brand colors: navy #001b2a, orange #ff7a00, purple #4b2cff. Photorealistic, no text, no watermark. Technical: 3:2 landscape 1200×800."
kashmir-amritsar-jammu-kashmir-tour-7d6n-v5,package,Amritsar Jammu Kashmir Tour,5,public/images/packages/kashmir-amritsar-jammu-kashmir-tour-7d6n-v5.png,"Create a photorealistic travel image for ""Amritsar Jammu Kashmir Tour"" — 7-day Kashmir holiday package, India. Scene: scenic highlights of Dal Lake shikara, snow Himalayas, Gulmarg meadows, Pahalgam valley. Style: Aerial drone bird's-eye view, epic panoramic scale. YatraNexus brand colors: navy #001b2a, orange #ff7a00, purple #4b2cff. Photorealistic, no text, no watermark. Technical: 3:2 landscape 1200×800."
kashmir-amritsar-jammu-kashmir-tour-7d6n-v6,package,Amritsar Jammu Kashmir Tour,6,public/images/packages/kashmir-amritsar-jammu-kashmir-tour-7d6n-v6.png,"Create a photorealistic travel image for ""Amritsar Jammu Kashmir Tour"" — 7-day Kashmir holiday package, India. Scene: scenic highlights of Dal Lake shikara, snow Himalayas, Gulmarg meadows, Pahalgam valley. Style: Close-up iconic landmark detail, shallow depth of field. YatraNexus brand colors: navy #001b2a, orange #ff7a00, purple #4b2cff. Photorealistic, no text, no watermark. Technical: 3:2 landscape 1200×800."
kashmir-amritsar-jammu-kashmir-tour-7d6n-v7,package,Amritsar Jammu Kashmir Tour,7,public/images/packages/kashmir-amritsar-jammu-kashmir-tour-7d6n-v7.png,"Create a photorealistic travel image for ""Amritsar Jammu Kashmir Tour"" — 7-day Kashmir holiday package, India. Scene: scenic highlights of Dal Lake shikara, snow Himalayas, Gulmarg meadows, Pahalgam valley. Style: Cultural heritage focus — temples, forts, or local architecture. YatraNexus brand colors: navy #001b2a, orange #ff7a00, purple #4b2cff. Photorealistic, no text, no watermark. Technical: 3:2 landscape 1200×800."
kashmir-amritsar-jammu-kashmir-tour-7d6n-v8,package,Amritsar Jammu Kashmir Tour,8,public/images/packages/kashmir-amritsar-jammu-kashmir-tour-7d6n-v8.png,"Create a photorealistic travel image for ""Amritsar Jammu Kashmir Tour"" — 7-day Kashmir holiday package, India. Scene: scenic highlights of Dal Lake shikara, snow Himalayas, Gulmarg meadows, Pahalgam valley. Style: Nature adventure — mountains, forests, rivers, wildlife hints. YatraNexus brand colors: navy #001b2a, orange #ff7a00, purple #4b2cff. Photorealistic, no text, no watermark. Technical: 3:2 landscape 1200×800."
kashmir-amritsar-jammu-kashmir-tour-7d6n-v9,package,Amritsar Jammu Kashmir Tour,9,public/images/packages/kashmir-amritsar-jammu-kashmir-tour-7d6n-v9.png,"Create a photorealistic travel image for ""Amritsar Jammu Kashmir Tour"" — 7-day Kashmir holiday package, India. Scene: scenic highlights of Dal Lake shikara, snow Himalayas, Gulmarg meadows, Pahalgam valley. Style: Coastal or lakeside calm water reflection composition. YatraNexus brand colors: navy #001b2a, orange #ff7a00, purple #4b2cff. Photorealistic, no text, no watermark. Technical: 3:2 landscape 1200×800."
kashmir-amritsar-jammu-kashmir-tour-7d6n-v10,package,Amritsar Jammu Kashmir Tour,10,public/images/packages/kashmir-amritsar-jammu-kashmir-tour-7d6n-v10.png,"Create a photorealistic travel image for ""Amritsar Jammu Kashmir Tour"" — 7-day Kashmir holiday package, India. Scene: scenic highlights of Dal Lake shikara, snow Himalayas, Gulmarg meadows, Pahalgam valley. Style: Clean package-card thumbnail — subject centered, minimal clutter. YatraNexus brand colors: navy #001b2a, orange #ff7a00, purple #4b2cff. Photorealistic, no text, no watermark. Technical: 3:2 landscape 1200×800."
kashmir-premium-kashmir-honeymoon-with-vaishno-devi-9d8n-v1,package,Premium Kashmir Honeymoon with Vaishno Devi,1,public/images/packages/kashmir-premium-kashmir-honeymoon-with-vaishno-devi-9d8n-v1.png,"Create a photorealistic travel image for ""Premium Kashmir Honeymoon with Vaishno Devi"" — 9-day Kashmir holiday package, India. Scene: romantic Dal Lake shikara, snow Himalayas, Gulmarg meadows, Pahalgam valley, intimate luxury mood. Style: Wide cinematic golden-hour landscape, premium travel brochure. YatraNexus brand colors: navy #001b2a, orange #ff7a00, purple #4b2cff. Photorealistic, no text, no watermark. Technical: 3:2 landscape 1200×800."
kashmir-premium-kashmir-honeymoon-with-vaishno-devi-9d8n-v2,package,Premium Kashmir Honeymoon with Vaishno Devi,2,public/images/packages/kashmir-premium-kashmir-honeymoon-with-vaishno-devi-9d8n-v2.png,"Create a photorealistic travel image for ""Premium Kashmir Honeymoon with Vaishno Devi"" — 9-day Kashmir holiday package, India. Scene: romantic Dal Lake shikara, snow Himalayas, Gulmarg meadows, Pahalgam valley, intimate luxury mood. Style: Bright daylight vibrant colors, inviting family-friendly mood. YatraNexus brand colors: navy #001b2a, orange #ff7a00, purple #4b2cff. Photorealistic, no text, no watermark. Technical: 3:2 landscape 1200×800."
kashmir-premium-kashmir-honeymoon-with-vaishno-devi-9d8n-v3,package,Premium Kashmir Honeymoon with Vaishno Devi,3,public/images/packages/kashmir-premium-kashmir-honeymoon-with-vaishno-devi-9d8n-v3.png,"Create a photorealistic travel image for ""Premium Kashmir Honeymoon with Vaishno Devi"" — 9-day Kashmir holiday package, India. Scene: romantic Dal Lake shikara, snow Himalayas, Gulmarg meadows, Pahalgam valley, intimate luxury mood. Style: Soft morning mist, peaceful serene atmosphere. YatraNexus brand colors: navy #001b2a, orange #ff7a00, purple #4b2cff. Photorealistic, no text, no watermark. Technical: 3:2 landscape 1200×800."
kashmir-premium-kashmir-honeymoon-with-vaishno-devi-9d8n-v4,package,Premium Kashmir Honeymoon with Vaishno Devi,4,public/images/packages/kashmir-premium-kashmir-honeymoon-with-vaishno-devi-9d8n-v4.png,"Create a photorealistic travel image for ""Premium Kashmir Honeymoon with Vaishno Devi"" — 9-day Kashmir holiday package, India. Scene: romantic Dal Lake shikara, snow Himalayas, Gulmarg meadows, Pahalgam valley, intimate luxury mood. Style: Dramatic sunset warm orange-pink sky, romantic mood. YatraNexus brand colors: navy #001b2a, orange #ff7a00, purple #4b2cff. Photorealistic, no text, no watermark. Technical: 3:2 landscape 1200×800."
kashmir-premium-kashmir-honeymoon-with-vaishno-devi-9d8n-v5,package,Premium Kashmir Honeymoon with Vaishno Devi,5,public/images/packages/kashmir-premium-kashmir-honeymoon-with-vaishno-devi-9d8n-v5.png,"Create a photorealistic travel image for ""Premium Kashmir Honeymoon with Vaishno Devi"" — 9-day Kashmir holiday package, India. Scene: romantic Dal Lake shikara, snow Himalayas, Gulmarg meadows, Pahalgam valley, intimate luxury mood. Style: Aerial drone bird's-eye view, epic panoramic scale. YatraNexus brand colors: navy #001b2a, orange #ff7a00, purple #4b2cff. Photorealistic, no text, no watermark. Technical: 3:2 landscape 1200×800."
kashmir-premium-kashmir-honeymoon-with-vaishno-devi-9d8n-v6,package,Premium Kashmir Honeymoon with Vaishno Devi,6,public/images/packages/kashmir-premium-kashmir-honeymoon-with-vaishno-devi-9d8n-v6.png,"Create a photorealistic travel image for ""Premium Kashmir Honeymoon with Vaishno Devi"" — 9-day Kashmir holiday package, India. Scene: romantic Dal Lake shikara, snow Himalayas, Gulmarg meadows, Pahalgam valley, intimate luxury mood. Style: Close-up iconic landmark detail, shallow depth of field. YatraNexus brand colors: navy #001b2a, orange #ff7a00, purple #4b2cff. Photorealistic, no text, no watermark. Technical: 3:2 landscape 1200×800."
kashmir-premium-kashmir-honeymoon-with-vaishno-devi-9d8n-v7,package,Premium Kashmir Honeymoon with Vaishno Devi,7,public/images/packages/kashmir-premium-kashmir-honeymoon-with-vaishno-devi-9d8n-v7.png,"Create a photorealistic travel image for ""Premium Kashmir Honeymoon with Vaishno Devi"" — 9-day Kashmir holiday package, India. Scene: romantic Dal Lake shikara, snow Himalayas, Gulmarg meadows, Pahalgam valley, intimate luxury mood. Style: Cultural heritage focus — temples, forts, or local architecture. YatraNexus brand colors: navy #001b2a, orange #ff7a00, purple #4b2cff. Photorealistic, no text, no watermark. Technical: 3:2 landscape 1200×800."
kashmir-premium-kashmir-honeymoon-with-vaishno-devi-9d8n-v8,package,Premium Kashmir Honeymoon with Vaishno Devi,8,public/images/packages/kashmir-premium-kashmir-honeymoon-with-vaishno-devi-9d8n-v8.png,"Create a photorealistic travel image for ""Premium Kashmir Honeymoon with Vaishno Devi"" — 9-day Kashmir holiday package, India. Scene: romantic Dal Lake shikara, snow Himalayas, Gulmarg meadows, Pahalgam valley, intimate luxury mood. Style: Nature adventure — mountains, forests, rivers, wildlife hints. YatraNexus brand colors: navy #001b2a, orange #ff7a00, purple #4b2cff. Photorealistic, no text, no watermark. Technical: 3:2 landscape 1200×800."
kashmir-premium-kashmir-honeymoon-with-vaishno-devi-9d8n-v9,package,Premium Kashmir Honeymoon with Vaishno Devi,9,public/images/packages/kashmir-premium-kashmir-honeymoon-with-vaishno-devi-9d8n-v9.png,"Create a photorealistic travel image for ""Premium Kashmir Honeymoon with Vaishno Devi"" — 9-day Kashmir holiday package, India. Scene: romantic Dal Lake shikara, snow Himalayas, Gulmarg meadows, Pahalgam valley, intimate luxury mood. Style: Coastal or lakeside calm water reflection composition. YatraNexus brand colors: navy #001b2a, orange #ff7a00, purple #4b2cff. Photorealistic, no text, no watermark. Technical: 3:2 landscape 1200×800."
kashmir-premium-kashmir-honeymoon-with-vaishno-devi-9d8n-v10,package,Premium Kashmir Honeymoon with Vaishno Devi,10,public/images/packages/kashmir-premium-kashmir-honeymoon-with-vaishno-devi-9d8n-v10.png,"Create a photorealistic travel image for ""Premium Kashmir Honeymoon with Vaishno Devi"" — 9-day Kashmir holiday package, India. Scene: romantic Dal Lake shikara, snow Himalayas, Gulmarg meadows, Pahalgam valley, intimate luxury mood. Style: Clean package-card thumbnail — subject centered, minimal clutter. YatraNexus brand colors: navy #001b2a, orange #ff7a00, purple #4b2cff. Photorealistic, no text, no watermark. Technical: 3:2 landscape 1200×800."
tamil-nadu-chennai-mahabalipuram-pondicherry-coastal-escape-4d3n-v1,package,Chennai – Mahabalipuram – Pondicherry Coastal Escape,1,public/images/packages/tamil-nadu-chennai-mahabalipuram-pondicherry-coastal-escape-4d3n-v1.png,"Create a photorealistic travel image for ""Chennai – Mahabalipuram – Pondicherry Coastal Escape"" — 4-day Tamil Nadu holiday package, India. Scene: coastal beaches Meenakshi Temple Madurai, Mahabalipuram Shore Temple, Kanyakumari sunset. Style: Wide cinematic golden-hour landscape, premium travel brochure. YatraNexus brand colors: navy #001b2a, orange #ff7a00, purple #4b2cff. Photorealistic, no text, no watermark. Technical: 3:2 landscape 1200×800."
tamil-nadu-chennai-mahabalipuram-pondicherry-coastal-escape-4d3n-v2,package,Chennai – Mahabalipuram – Pondicherry Coastal Escape,2,public/images/packages/tamil-nadu-chennai-mahabalipuram-pondicherry-coastal-escape-4d3n-v2.png,"Create a photorealistic travel image for ""Chennai – Mahabalipuram – Pondicherry Coastal Escape"" — 4-day Tamil Nadu holiday package, India. Scene: coastal beaches Meenakshi Temple Madurai, Mahabalipuram Shore Temple, Kanyakumari sunset. Style: Bright daylight vibrant colors, inviting family-friendly mood. YatraNexus brand colors: navy #001b2a, orange #ff7a00, purple #4b2cff. Photorealistic, no text, no watermark. Technical: 3:2 landscape 1200×800."
tamil-nadu-chennai-mahabalipuram-pondicherry-coastal-escape-4d3n-v3,package,Chennai – Mahabalipuram – Pondicherry Coastal Escape,3,public/images/packages/tamil-nadu-chennai-mahabalipuram-pondicherry-coastal-escape-4d3n-v3.png,"Create a photorealistic travel image for ""Chennai – Mahabalipuram – Pondicherry Coastal Escape"" — 4-day Tamil Nadu holiday package, India. Scene: coastal beaches Meenakshi Temple Madurai, Mahabalipuram Shore Temple, Kanyakumari sunset. Style: Soft morning mist, peaceful serene atmosphere. YatraNexus brand colors: navy #001b2a, orange #ff7a00, purple #4b2cff. Photorealistic, no text, no watermark. Technical: 3:2 landscape 1200×800."
tamil-nadu-chennai-mahabalipuram-pondicherry-coastal-escape-4d3n-v4,package,Chennai – Mahabalipuram – Pondicherry Coastal Escape,4,public/images/packages/tamil-nadu-chennai-mahabalipuram-pondicherry-coastal-escape-4d3n-v4.png,"Create a photorealistic travel image for ""Chennai – Mahabalipuram – Pondicherry Coastal Escape"" — 4-day Tamil Nadu holiday package, India. Scene: coastal beaches Meenakshi Temple Madurai, Mahabalipuram Shore Temple, Kanyakumari sunset. Style: Dramatic sunset warm orange-pink sky, romantic mood. YatraNexus brand colors: navy #001b2a, orange #ff7a00, purple #4b2cff. Photorealistic, no text, no watermark. Technical: 3:2 landscape 1200×800."
tamil-nadu-chennai-mahabalipuram-pondicherry-coastal-escape-4d3n-v5,package,Chennai – Mahabalipuram – Pondicherry Coastal Escape,5,public/images/packages/tamil-nadu-chennai-mahabalipuram-pondicherry-coastal-escape-4d3n-v5.png,"Create a photorealistic travel image for ""Chennai – Mahabalipuram – Pondicherry Coastal Escape"" — 4-day Tamil Nadu holiday package, India. Scene: coastal beaches Meenakshi Temple Madurai, Mahabalipuram Shore Temple, Kanyakumari sunset. Style: Aerial drone bird's-eye view, epic panoramic scale. YatraNexus brand colors: navy #001b2a, orange #ff7a00, purple #4b2cff. Photorealistic, no text, no watermark. Technical: 3:2 landscape 1200×800."
tamil-nadu-chennai-mahabalipuram-pondicherry-coastal-escape-4d3n-v6,package,Chennai – Mahabalipuram – Pondicherry Coastal Escape,6,public/images/packages/tamil-nadu-chennai-mahabalipuram-pondicherry-coastal-escape-4d3n-v6.png,"Create a photorealistic travel image for ""Chennai – Mahabalipuram – Pondicherry Coastal Escape"" — 4-day Tamil Nadu holiday package, India. Scene: coastal beaches Meenakshi Temple Madurai, Mahabalipuram Shore Temple, Kanyakumari sunset. Style: Close-up iconic landmark detail, shallow depth of field. YatraNexus brand colors: navy #001b2a, orange #ff7a00, purple #4b2cff. Photorealistic, no text, no watermark. Technical: 3:2 landscape 1200×800."
tamil-nadu-chennai-mahabalipuram-pondicherry-coastal-escape-4d3n-v7,package,Chennai – Mahabalipuram – Pondicherry Coastal Escape,7,public/images/packages/tamil-nadu-chennai-mahabalipuram-pondicherry-coastal-escape-4d3n-v7.png,"Create a photorealistic travel image for ""Chennai – Mahabalipuram – Pondicherry Coastal Escape"" — 4-day Tamil Nadu holiday package, India. Scene: coastal beaches Meenakshi Temple Madurai, Mahabalipuram Shore Temple, Kanyakumari sunset. Style: Cultural heritage focus — temples, forts, or local architecture. YatraNexus brand colors: navy #001b2a, orange #ff7a00, purple #4b2cff. Photorealistic, no text, no watermark. Technical: 3:2 landscape 1200×800."
tamil-nadu-chennai-mahabalipuram-pondicherry-coastal-escape-4d3n-v8,package,Chennai – Mahabalipuram – Pondicherry Coastal Escape,8,public/images/packages/tamil-nadu-chennai-mahabalipuram-pondicherry-coastal-escape-4d3n-v8.png,"Create a photorealistic travel image for ""Chennai – Mahabalipuram – Pondicherry Coastal Escape"" — 4-day Tamil Nadu holiday package, India. Scene: coastal beaches Meenakshi Temple Madurai, Mahabalipuram Shore Temple, Kanyakumari sunset. Style: Nature adventure — mountains, forests, rivers, wildlife hints. YatraNexus brand colors: navy #001b2a, orange #ff7a00, purple #4b2cff. Photorealistic, no text, no watermark. Technical: 3:2 landscape 1200×800."
tamil-nadu-chennai-mahabalipuram-pondicherry-coastal-escape-4d3n-v9,package,Chennai – Mahabalipuram – Pondicherry Coastal Escape,9,public/images/packages/tamil-nadu-chennai-mahabalipuram-pondicherry-coastal-escape-4d3n-v9.png,"Create a photorealistic travel image for ""Chennai – Mahabalipuram – Pondicherry Coastal Escape"" — 4-day Tamil Nadu holiday package, India. Scene: coastal beaches Meenakshi Temple Madurai, Mahabalipuram Shore Temple, Kanyakumari sunset. Style: Coastal or lakeside calm water reflection composition. YatraNexus brand colors: navy #001b2a, orange #ff7a00, purple #4b2cff. Photorealistic, no text, no watermark. Technical: 3:2 landscape 1200×800."
tamil-nadu-chennai-mahabalipuram-pondicherry-coastal-escape-4d3n-v10,package,Chennai – Mahabalipuram – Pondicherry Coastal Escape,10,public/images/packages/tamil-nadu-chennai-mahabalipuram-pondicherry-coastal-escape-4d3n-v10.png,"Create a photorealistic travel image for ""Chennai – Mahabalipuram – Pondicherry Coastal Escape"" — 4-day Tamil Nadu holiday package, India. Scene: coastal beaches Meenakshi Temple Madurai, Mahabalipuram Shore Temple, Kanyakumari sunset. Style: Clean package-card thumbnail — subject centered, minimal clutter. YatraNexus brand colors: navy #001b2a, orange #ff7a00, purple #4b2cff. Photorealistic, no text, no watermark. Technical: 3:2 landscape 1200×800."
tamil-nadu-madurai-rameswaram-kanyakumari-pilgrimage-tour-5d4n-v1,package,Madurai – Rameswaram – Kanyakumari Pilgrimage Tour,1,public/images/packages/tamil-nadu-madurai-rameswaram-kanyakumari-pilgrimage-tour-5d4n-v1.png,"Create a photorealistic travel image for ""Madurai – Rameswaram – Kanyakumari Pilgrimage Tour"" — 5-day Tamil Nadu holiday package, India. Scene: spiritual pilgrimage Meenakshi Temple Madurai, Mahabalipuram Shore Temple, Kanyakumari sunset, respectful reverent mood. Style: Wide cinematic golden-hour landscape, premium travel brochure. YatraNexus brand colors: navy #001b2a, orange #ff7a00, purple #4b2cff. Photorealistic, no text, no watermark. Technical: 3:2 landscape 1200×800."
tamil-nadu-madurai-rameswaram-kanyakumari-pilgrimage-tour-5d4n-v2,package,Madurai – Rameswaram – Kanyakumari Pilgrimage Tour,2,public/images/packages/tamil-nadu-madurai-rameswaram-kanyakumari-pilgrimage-tour-5d4n-v2.png,"Create a photorealistic travel image for ""Madurai – Rameswaram – Kanyakumari Pilgrimage Tour"" — 5-day Tamil Nadu holiday package, India. Scene: spiritual pilgrimage Meenakshi Temple Madurai, Mahabalipuram Shore Temple, Kanyakumari sunset, respectful reverent mood. Style: Bright daylight vibrant colors, inviting family-friendly mood. YatraNexus brand colors: navy #001b2a, orange #ff7a00, purple #4b2cff. Photorealistic, no text, no watermark. Technical: 3:2 landscape 1200×800."
tamil-nadu-madurai-rameswaram-kanyakumari-pilgrimage-tour-5d4n-v3,package,Madurai – Rameswaram – Kanyakumari Pilgrimage Tour,3,public/images/packages/tamil-nadu-madurai-rameswaram-kanyakumari-pilgrimage-tour-5d4n-v3.png,"Create a photorealistic travel image for ""Madurai – Rameswaram – Kanyakumari Pilgrimage Tour"" — 5-day Tamil Nadu holiday package, India. Scene: spiritual pilgrimage Meenakshi Temple Madurai, Mahabalipuram Shore Temple, Kanyakumari sunset, respectful reverent mood. Style: Soft morning mist, peaceful serene atmosphere. YatraNexus brand colors: navy #001b2a, orange #ff7a00, purple #4b2cff. Photorealistic, no text, no watermark. Technical: 3:2 landscape 1200×800."
tamil-nadu-madurai-rameswaram-kanyakumari-pilgrimage-tour-5d4n-v4,package,Madurai – Rameswaram – Kanyakumari Pilgrimage Tour,4,public/images/packages/tamil-nadu-madurai-rameswaram-kanyakumari-pilgrimage-tour-5d4n-v4.png,"Create a photorealistic travel image for ""Madurai – Rameswaram – Kanyakumari Pilgrimage Tour"" — 5-day Tamil Nadu holiday package, India. Scene: spiritual pilgrimage Meenakshi Temple Madurai, Mahabalipuram Shore Temple, Kanyakumari sunset, respectful reverent mood. Style: Dramatic sunset warm orange-pink sky, romantic mood. YatraNexus brand colors: navy #001b2a, orange #ff7a00, purple #4b2cff. Photorealistic, no text, no watermark. Technical: 3:2 landscape 1200×800."
tamil-nadu-madurai-rameswaram-kanyakumari-pilgrimage-tour-5d4n-v5,package,Madurai – Rameswaram – Kanyakumari Pilgrimage Tour,5,public/images/packages/tamil-nadu-madurai-rameswaram-kanyakumari-pilgrimage-tour-5d4n-v5.png,"Create a photorealistic travel image for ""Madurai – Rameswaram – Kanyakumari Pilgrimage Tour"" — 5-day Tamil Nadu holiday package, India. Scene: spiritual pilgrimage Meenakshi Temple Madurai, Mahabalipuram Shore Temple, Kanyakumari sunset, respectful reverent mood. Style: Aerial drone bird's-eye view, epic panoramic scale. YatraNexus brand colors: navy #001b2a, orange #ff7a00, purple #4b2cff. Photorealistic, no text, no watermark. Technical: 3:2 landscape 1200×800."
tamil-nadu-madurai-rameswaram-kanyakumari-pilgrimage-tour-5d4n-v6,package,Madurai – Rameswaram – Kanyakumari Pilgrimage Tour,6,public/images/packages/tamil-nadu-madurai-rameswaram-kanyakumari-pilgrimage-tour-5d4n-v6.png,"Create a photorealistic travel image for ""Madurai – Rameswaram – Kanyakumari Pilgrimage Tour"" — 5-day Tamil Nadu holiday package, India. Scene: spiritual pilgrimage Meenakshi Temple Madurai, Mahabalipuram Shore Temple, Kanyakumari sunset, respectful reverent mood. Style: Close-up iconic landmark detail, shallow depth of field. YatraNexus brand colors: navy #001b2a, orange #ff7a00, purple #4b2cff. Photorealistic, no text, no watermark. Technical: 3:2 landscape 1200×800."
tamil-nadu-madurai-rameswaram-kanyakumari-pilgrimage-tour-5d4n-v7,package,Madurai – Rameswaram – Kanyakumari Pilgrimage Tour,7,public/images/packages/tamil-nadu-madurai-rameswaram-kanyakumari-pilgrimage-tour-5d4n-v7.png,"Create a photorealistic travel image for ""Madurai – Rameswaram – Kanyakumari Pilgrimage Tour"" — 5-day Tamil Nadu holiday package, India. Scene: spiritual pilgrimage Meenakshi Temple Madurai, Mahabalipuram Shore Temple, Kanyakumari sunset, respectful reverent mood. Style: Cultural heritage focus — temples, forts, or local architecture. YatraNexus brand colors: navy #001b2a, orange #ff7a00, purple #4b2cff. Photorealistic, no text, no watermark. Technical: 3:2 landscape 1200×800."
tamil-nadu-madurai-rameswaram-kanyakumari-pilgrimage-tour-5d4n-v8,package,Madurai – Rameswaram – Kanyakumari Pilgrimage Tour,8,public/images/packages/tamil-nadu-madurai-rameswaram-kanyakumari-pilgrimage-tour-5d4n-v8.png,"Create a photorealistic travel image for ""Madurai – Rameswaram – Kanyakumari Pilgrimage Tour"" — 5-day Tamil Nadu holiday package, India. Scene: spiritual pilgrimage Meenakshi Temple Madurai, Mahabalipuram Shore Temple, Kanyakumari sunset, respectful reverent mood. Style: Nature adventure — mountains, forests, rivers, wildlife hints. YatraNexus brand colors: navy #001b2a, orange #ff7a00, purple #4b2cff. Photorealistic, no text, no watermark. Technical: 3:2 landscape 1200×800."
tamil-nadu-madurai-rameswaram-kanyakumari-pilgrimage-tour-5d4n-v9,package,Madurai – Rameswaram – Kanyakumari Pilgrimage Tour,9,public/images/packages/tamil-nadu-madurai-rameswaram-kanyakumari-pilgrimage-tour-5d4n-v9.png,"Create a photorealistic travel image for ""Madurai – Rameswaram – Kanyakumari Pilgrimage Tour"" — 5-day Tamil Nadu holiday package, India. Scene: spiritual pilgrimage Meenakshi Temple Madurai, Mahabalipuram Shore Temple, Kanyakumari sunset, respectful reverent mood. Style: Coastal or lakeside calm water reflection composition. YatraNexus brand colors: navy #001b2a, orange #ff7a00, purple #4b2cff. Photorealistic, no text, no watermark. Technical: 3:2 landscape 1200×800."
tamil-nadu-madurai-rameswaram-kanyakumari-pilgrimage-tour-5d4n-v10,package,Madurai – Rameswaram – Kanyakumari Pilgrimage Tour,10,public/images/packages/tamil-nadu-madurai-rameswaram-kanyakumari-pilgrimage-tour-5d4n-v10.png,"Create a photorealistic travel image for ""Madurai – Rameswaram – Kanyakumari Pilgrimage Tour"" — 5-day Tamil Nadu holiday package, India. Scene: spiritual pilgrimage Meenakshi Temple Madurai, Mahabalipuram Shore Temple, Kanyakumari sunset, respectful reverent mood. Style: Clean package-card thumbnail — subject centered, minimal clutter. YatraNexus brand colors: navy #001b2a, orange #ff7a00, purple #4b2cff. Photorealistic, no text, no watermark. Technical: 3:2 landscape 1200×800."
tamil-nadu-ooty-coonoor-madurai-heritage-escape-6d5n-v1,package,Ooty – Coonoor – Madurai Heritage Escape,1,public/images/packages/tamil-nadu-ooty-coonoor-madurai-heritage-escape-6d5n-v1.png,"Create a photorealistic travel image for ""Ooty – Coonoor – Madurai Heritage Escape"" — 6-day Tamil Nadu holiday package, India. Scene: heritage circuit Meenakshi Temple Madurai, Mahabalipuram Shore Temple, Kanyakumari sunset. Style: Wide cinematic golden-hour landscape, premium travel brochure. YatraNexus brand colors: navy #001b2a, orange #ff7a00, purple #4b2cff. Photorealistic, no text, no watermark. Technical: 3:2 landscape 1200×800."
tamil-nadu-ooty-coonoor-madurai-heritage-escape-6d5n-v2,package,Ooty – Coonoor – Madurai Heritage Escape,2,public/images/packages/tamil-nadu-ooty-coonoor-madurai-heritage-escape-6d5n-v2.png,"Create a photorealistic travel image for ""Ooty – Coonoor – Madurai Heritage Escape"" — 6-day Tamil Nadu holiday package, India. Scene: heritage circuit Meenakshi Temple Madurai, Mahabalipuram Shore Temple, Kanyakumari sunset. Style: Bright daylight vibrant colors, inviting family-friendly mood. YatraNexus brand colors: navy #001b2a, orange #ff7a00, purple #4b2cff. Photorealistic, no text, no watermark. Technical: 3:2 landscape 1200×800."
tamil-nadu-ooty-coonoor-madurai-heritage-escape-6d5n-v3,package,Ooty – Coonoor – Madurai Heritage Escape,3,public/images/packages/tamil-nadu-ooty-coonoor-madurai-heritage-escape-6d5n-v3.png,"Create a photorealistic travel image for ""Ooty – Coonoor – Madurai Heritage Escape"" — 6-day Tamil Nadu holiday package, India. Scene: heritage circuit Meenakshi Temple Madurai, Mahabalipuram Shore Temple, Kanyakumari sunset. Style: Soft morning mist, peaceful serene atmosphere. YatraNexus brand colors: navy #001b2a, orange #ff7a00, purple #4b2cff. Photorealistic, no text, no watermark. Technical: 3:2 landscape 1200×800."
tamil-nadu-ooty-coonoor-madurai-heritage-escape-6d5n-v4,package,Ooty – Coonoor – Madurai Heritage Escape,4,public/images/packages/tamil-nadu-ooty-coonoor-madurai-heritage-escape-6d5n-v4.png,"Create a photorealistic travel image for ""Ooty – Coonoor – Madurai Heritage Escape"" — 6-day Tamil Nadu holiday package, India. Scene: heritage circuit Meenakshi Temple Madurai, Mahabalipuram Shore Temple, Kanyakumari sunset. Style: Dramatic sunset warm orange-pink sky, romantic mood. YatraNexus brand colors: navy #001b2a, orange #ff7a00, purple #4b2cff. Photorealistic, no text, no watermark. Technical: 3:2 landscape 1200×800."
tamil-nadu-ooty-coonoor-madurai-heritage-escape-6d5n-v5,package,Ooty – Coonoor – Madurai Heritage Escape,5,public/images/packages/tamil-nadu-ooty-coonoor-madurai-heritage-escape-6d5n-v5.png,"Create a photorealistic travel image for ""Ooty – Coonoor – Madurai Heritage Escape"" — 6-day Tamil Nadu holiday package, India. Scene: heritage circuit Meenakshi Temple Madurai, Mahabalipuram Shore Temple, Kanyakumari sunset. Style: Aerial drone bird's-eye view, epic panoramic scale. YatraNexus brand colors: navy #001b2a, orange #ff7a00, purple #4b2cff. Photorealistic, no text, no watermark. Technical: 3:2 landscape 1200×800."
tamil-nadu-ooty-coonoor-madurai-heritage-escape-6d5n-v6,package,Ooty – Coonoor – Madurai Heritage Escape,6,public/images/packages/tamil-nadu-ooty-coonoor-madurai-heritage-escape-6d5n-v6.png,"Create a photorealistic travel image for ""Ooty – Coonoor – Madurai Heritage Escape"" — 6-day Tamil Nadu holiday package, India. Scene: heritage circuit Meenakshi Temple Madurai, Mahabalipuram Shore Temple, Kanyakumari sunset. Style: Close-up iconic landmark detail, shallow depth of field. YatraNexus brand colors: navy #001b2a, orange #ff7a00, purple #4b2cff. Photorealistic, no text, no watermark. Technical: 3:2 landscape 1200×800."
tamil-nadu-ooty-coonoor-madurai-heritage-escape-6d5n-v7,package,Ooty – Coonoor – Madurai Heritage Escape,7,public/images/packages/tamil-nadu-ooty-coonoor-madurai-heritage-escape-6d5n-v7.png,"Create a photorealistic travel image for ""Ooty – Coonoor – Madurai Heritage Escape"" — 6-day Tamil Nadu holiday package, India. Scene: heritage circuit Meenakshi Temple Madurai, Mahabalipuram Shore Temple, Kanyakumari sunset. Style: Cultural heritage focus — temples, forts, or local architecture. YatraNexus brand colors: navy #001b2a, orange #ff7a00, purple #4b2cff. Photorealistic, no text, no watermark. Technical: 3:2 landscape 1200×800."
tamil-nadu-ooty-coonoor-madurai-heritage-escape-6d5n-v8,package,Ooty – Coonoor – Madurai Heritage Escape,8,public/images/packages/tamil-nadu-ooty-coonoor-madurai-heritage-escape-6d5n-v8.png,"Create a photorealistic travel image for ""Ooty – Coonoor – Madurai Heritage Escape"" — 6-day Tamil Nadu holiday package, India. Scene: heritage circuit Meenakshi Temple Madurai, Mahabalipuram Shore Temple, Kanyakumari sunset. Style: Nature adventure — mountains, forests, rivers, wildlife hints. YatraNexus brand colors: navy #001b2a, orange #ff7a00, purple #4b2cff. Photorealistic, no text, no watermark. Technical: 3:2 landscape 1200×800."
tamil-nadu-ooty-coonoor-madurai-heritage-escape-6d5n-v9,package,Ooty – Coonoor – Madurai Heritage Escape,9,public/images/packages/tamil-nadu-ooty-coonoor-madurai-heritage-escape-6d5n-v9.png,"Create a photorealistic travel image for ""Ooty – Coonoor – Madurai Heritage Escape"" — 6-day Tamil Nadu holiday package, India. Scene: heritage circuit Meenakshi Temple Madurai, Mahabalipuram Shore Temple, Kanyakumari sunset. Style: Coastal or lakeside calm water reflection composition. YatraNexus brand colors: navy #001b2a, orange #ff7a00, purple #4b2cff. Photorealistic, no text, no watermark. Technical: 3:2 landscape 1200×800."
tamil-nadu-ooty-coonoor-madurai-heritage-escape-6d5n-v10,package,Ooty – Coonoor – Madurai Heritage Escape,10,public/images/packages/tamil-nadu-ooty-coonoor-madurai-heritage-escape-6d5n-v10.png,"Create a photorealistic travel image for ""Ooty – Coonoor – Madurai Heritage Escape"" — 6-day Tamil Nadu holiday package, India. Scene: heritage circuit Meenakshi Temple Madurai, Mahabalipuram Shore Temple, Kanyakumari sunset. Style: Clean package-card thumbnail — subject centered, minimal clutter. YatraNexus brand colors: navy #001b2a, orange #ff7a00, purple #4b2cff. Photorealistic, no text, no watermark. Technical: 3:2 landscape 1200×800."
tamil-nadu-chennai-kanchipuram-mahabalipuram-heritage-tour-4d3n-v1,package,Chennai – Kanchipuram – Mahabalipuram Heritage Tour,1,public/images/packages/tamil-nadu-chennai-kanchipuram-mahabalipuram-heritage-tour-4d3n-v1.png,"Create a photorealistic travel image for ""Chennai – Kanchipuram – Mahabalipuram Heritage Tour"" — 4-day Tamil Nadu holiday package, India. Scene: heritage circuit Meenakshi Temple Madurai, Mahabalipuram Shore Temple, Kanyakumari sunset. Style: Wide cinematic golden-hour landscape, premium travel brochure. YatraNexus brand colors: navy #001b2a, orange #ff7a00, purple #4b2cff. Photorealistic, no text, no watermark. Technical: 3:2 landscape 1200×800."
tamil-nadu-chennai-kanchipuram-mahabalipuram-heritage-tour-4d3n-v2,package,Chennai – Kanchipuram – Mahabalipuram Heritage Tour,2,public/images/packages/tamil-nadu-chennai-kanchipuram-mahabalipuram-heritage-tour-4d3n-v2.png,"Create a photorealistic travel image for ""Chennai – Kanchipuram – Mahabalipuram Heritage Tour"" — 4-day Tamil Nadu holiday package, India. Scene: heritage circuit Meenakshi Temple Madurai, Mahabalipuram Shore Temple, Kanyakumari sunset. Style: Bright daylight vibrant colors, inviting family-friendly mood. YatraNexus brand colors: navy #001b2a, orange #ff7a00, purple #4b2cff. Photorealistic, no text, no watermark. Technical: 3:2 landscape 1200×800."
tamil-nadu-chennai-kanchipuram-mahabalipuram-heritage-tour-4d3n-v3,package,Chennai – Kanchipuram – Mahabalipuram Heritage Tour,3,public/images/packages/tamil-nadu-chennai-kanchipuram-mahabalipuram-heritage-tour-4d3n-v3.png,"Create a photorealistic travel image for ""Chennai – Kanchipuram – Mahabalipuram Heritage Tour"" — 4-day Tamil Nadu holiday package, India. Scene: heritage circuit Meenakshi Temple Madurai, Mahabalipuram Shore Temple, Kanyakumari sunset. Style: Soft morning mist, peaceful serene atmosphere. YatraNexus brand colors: navy #001b2a, orange #ff7a00, purple #4b2cff. Photorealistic, no text, no watermark. Technical: 3:2 landscape 1200×800."
tamil-nadu-chennai-kanchipuram-mahabalipuram-heritage-tour-4d3n-v4,package,Chennai – Kanchipuram – Mahabalipuram Heritage Tour,4,public/images/packages/tamil-nadu-chennai-kanchipuram-mahabalipuram-heritage-tour-4d3n-v4.png,"Create a photorealistic travel image for ""Chennai – Kanchipuram – Mahabalipuram Heritage Tour"" — 4-day Tamil Nadu holiday package, India. Scene: heritage circuit Meenakshi Temple Madurai, Mahabalipuram Shore Temple, Kanyakumari sunset. Style: Dramatic sunset warm orange-pink sky, romantic mood. YatraNexus brand colors: navy #001b2a, orange #ff7a00, purple #4b2cff. Photorealistic, no text, no watermark. Technical: 3:2 landscape 1200×800."
tamil-nadu-chennai-kanchipuram-mahabalipuram-heritage-tour-4d3n-v5,package,Chennai – Kanchipuram – Mahabalipuram Heritage Tour,5,public/images/packages/tamil-nadu-chennai-kanchipuram-mahabalipuram-heritage-tour-4d3n-v5.png,"Create a photorealistic travel image for ""Chennai – Kanchipuram – Mahabalipuram Heritage Tour"" — 4-day Tamil Nadu holiday package, India. Scene: heritage circuit Meenakshi Temple Madurai, Mahabalipuram Shore Temple, Kanyakumari sunset. Style: Aerial drone bird's-eye view, epic panoramic scale. YatraNexus brand colors: navy #001b2a, orange #ff7a00, purple #4b2cff. Photorealistic, no text, no watermark. Technical: 3:2 landscape 1200×800."
tamil-nadu-chennai-kanchipuram-mahabalipuram-heritage-tour-4d3n-v6,package,Chennai – Kanchipuram – Mahabalipuram Heritage Tour,6,public/images/packages/tamil-nadu-chennai-kanchipuram-mahabalipuram-heritage-tour-4d3n-v6.png,"Create a photorealistic travel image for ""Chennai – Kanchipuram – Mahabalipuram Heritage Tour"" — 4-day Tamil Nadu holiday package, India. Scene: heritage circuit Meenakshi Temple Madurai, Mahabalipuram Shore Temple, Kanyakumari sunset. Style: Close-up iconic landmark detail, shallow depth of field. YatraNexus brand colors: navy #001b2a, orange #ff7a00, purple #4b2cff. Photorealistic, no text, no watermark. Technical: 3:2 landscape 1200×800."
tamil-nadu-chennai-kanchipuram-mahabalipuram-heritage-tour-4d3n-v7,package,Chennai – Kanchipuram – Mahabalipuram Heritage Tour,7,public/images/packages/tamil-nadu-chennai-kanchipuram-mahabalipuram-heritage-tour-4d3n-v7.png,"Create a photorealistic travel image for ""Chennai – Kanchipuram – Mahabalipuram Heritage Tour"" — 4-day Tamil Nadu holiday package, India. Scene: heritage circuit Meenakshi Temple Madurai, Mahabalipuram Shore Temple, Kanyakumari sunset. Style: Cultural heritage focus — temples, forts, or local architecture. YatraNexus brand colors: navy #001b2a, orange #ff7a00, purple #4b2cff. Photorealistic, no text, no watermark. Technical: 3:2 landscape 1200×800."
tamil-nadu-chennai-kanchipuram-mahabalipuram-heritage-tour-4d3n-v8,package,Chennai – Kanchipuram – Mahabalipuram Heritage Tour,8,public/images/packages/tamil-nadu-chennai-kanchipuram-mahabalipuram-heritage-tour-4d3n-v8.png,"Create a photorealistic travel image for ""Chennai – Kanchipuram – Mahabalipuram Heritage Tour"" — 4-day Tamil Nadu holiday package, India. Scene: heritage circuit Meenakshi Temple Madurai, Mahabalipuram Shore Temple, Kanyakumari sunset. Style: Nature adventure — mountains, forests, rivers, wildlife hints. YatraNexus brand colors: navy #001b2a, orange #ff7a00, purple #4b2cff. Photorealistic, no text, no watermark. Technical: 3:2 landscape 1200×800."
tamil-nadu-chennai-kanchipuram-mahabalipuram-heritage-tour-4d3n-v9,package,Chennai – Kanchipuram – Mahabalipuram Heritage Tour,9,public/images/packages/tamil-nadu-chennai-kanchipuram-mahabalipuram-heritage-tour-4d3n-v9.png,"Create a photorealistic travel image for ""Chennai – Kanchipuram – Mahabalipuram Heritage Tour"" — 4-day Tamil Nadu holiday package, India. Scene: heritage circuit Meenakshi Temple Madurai, Mahabalipuram Shore Temple, Kanyakumari sunset. Style: Coastal or lakeside calm water reflection composition. YatraNexus brand colors: navy #001b2a, orange #ff7a00, purple #4b2cff. Photorealistic, no text, no watermark. Technical: 3:2 landscape 1200×800."
tamil-nadu-chennai-kanchipuram-mahabalipuram-heritage-tour-4d3n-v10,package,Chennai – Kanchipuram – Mahabalipuram Heritage Tour,10,public/images/packages/tamil-nadu-chennai-kanchipuram-mahabalipuram-heritage-tour-4d3n-v10.png,"Create a photorealistic travel image for ""Chennai – Kanchipuram – Mahabalipuram Heritage Tour"" — 4-day Tamil Nadu holiday package, India. Scene: heritage circuit Meenakshi Temple Madurai, Mahabalipuram Shore Temple, Kanyakumari sunset. Style: Clean package-card thumbnail — subject centered, minimal clutter. YatraNexus brand colors: navy #001b2a, orange #ff7a00, purple #4b2cff. Photorealistic, no text, no watermark. Technical: 3:2 landscape 1200×800."
tamil-nadu-ooty-madurai-family-getaway-5d4n-v1,package,Ooty – Madurai Family Getaway,1,public/images/packages/tamil-nadu-ooty-madurai-family-getaway-5d4n-v1.png,"Create a photorealistic travel image for ""Ooty – Madurai Family Getaway"" — 5-day Tamil Nadu holiday package, India. Scene: family-friendly Meenakshi Temple Madurai, Mahabalipuram Shore Temple, Kanyakumari sunset, cheerful safe travel. Style: Wide cinematic golden-hour landscape, premium travel brochure. YatraNexus brand colors: navy #001b2a, orange #ff7a00, purple #4b2cff. Photorealistic, no text, no watermark. Technical: 3:2 landscape 1200×800."
tamil-nadu-ooty-madurai-family-getaway-5d4n-v2,package,Ooty – Madurai Family Getaway,2,public/images/packages/tamil-nadu-ooty-madurai-family-getaway-5d4n-v2.png,"Create a photorealistic travel image for ""Ooty – Madurai Family Getaway"" — 5-day Tamil Nadu holiday package, India. Scene: family-friendly Meenakshi Temple Madurai, Mahabalipuram Shore Temple, Kanyakumari sunset, cheerful safe travel. Style: Bright daylight vibrant colors, inviting family-friendly mood. YatraNexus brand colors: navy #001b2a, orange #ff7a00, purple #4b2cff. Photorealistic, no text, no watermark. Technical: 3:2 landscape 1200×800."
tamil-nadu-ooty-madurai-family-getaway-5d4n-v3,package,Ooty – Madurai Family Getaway,3,public/images/packages/tamil-nadu-ooty-madurai-family-getaway-5d4n-v3.png,"Create a photorealistic travel image for ""Ooty – Madurai Family Getaway"" — 5-day Tamil Nadu holiday package, India. Scene: family-friendly Meenakshi Temple Madurai, Mahabalipuram Shore Temple, Kanyakumari sunset, cheerful safe travel. Style: Soft morning mist, peaceful serene atmosphere. YatraNexus brand colors: navy #001b2a, orange #ff7a00, purple #4b2cff. Photorealistic, no text, no watermark. Technical: 3:2 landscape 1200×800."
tamil-nadu-ooty-madurai-family-getaway-5d4n-v4,package,Ooty – Madurai Family Getaway,4,public/images/packages/tamil-nadu-ooty-madurai-family-getaway-5d4n-v4.png,"Create a photorealistic travel image for ""Ooty – Madurai Family Getaway"" — 5-day Tamil Nadu holiday package, India. Scene: family-friendly Meenakshi Temple Madurai, Mahabalipuram Shore Temple, Kanyakumari sunset, cheerful safe travel. Style: Dramatic sunset warm orange-pink sky, romantic mood. YatraNexus brand colors: navy #001b2a, orange #ff7a00, purple #4b2cff. Photorealistic, no text, no watermark. Technical: 3:2 landscape 1200×800."
tamil-nadu-ooty-madurai-family-getaway-5d4n-v5,package,Ooty – Madurai Family Getaway,5,public/images/packages/tamil-nadu-ooty-madurai-family-getaway-5d4n-v5.png,"Create a photorealistic travel image for ""Ooty – Madurai Family Getaway"" — 5-day Tamil Nadu holiday package, India. Scene: family-friendly Meenakshi Temple Madurai, Mahabalipuram Shore Temple, Kanyakumari sunset, cheerful safe travel. Style: Aerial drone bird's-eye view, epic panoramic scale. YatraNexus brand colors: navy #001b2a, orange #ff7a00, purple #4b2cff. Photorealistic, no text, no watermark. Technical: 3:2 landscape 1200×800."
tamil-nadu-ooty-madurai-family-getaway-5d4n-v6,package,Ooty – Madurai Family Getaway,6,public/images/packages/tamil-nadu-ooty-madurai-family-getaway-5d4n-v6.png,"Create a photorealistic travel image for ""Ooty – Madurai Family Getaway"" — 5-day Tamil Nadu holiday package, India. Scene: family-friendly Meenakshi Temple Madurai, Mahabalipuram Shore Temple, Kanyakumari sunset, cheerful safe travel. Style: Close-up iconic landmark detail, shallow depth of field. YatraNexus brand colors: navy #001b2a, orange #ff7a00, purple #4b2cff. Photorealistic, no text, no watermark. Technical: 3:2 landscape 1200×800."
tamil-nadu-ooty-madurai-family-getaway-5d4n-v7,package,Ooty – Madurai Family Getaway,7,public/images/packages/tamil-nadu-ooty-madurai-family-getaway-5d4n-v7.png,"Create a photorealistic travel image for ""Ooty – Madurai Family Getaway"" — 5-day Tamil Nadu holiday package, India. Scene: family-friendly Meenakshi Temple Madurai, Mahabalipuram Shore Temple, Kanyakumari sunset, cheerful safe travel. Style: Cultural heritage focus — temples, forts, or local architecture. YatraNexus brand colors: navy #001b2a, orange #ff7a00, purple #4b2cff. Photorealistic, no text, no watermark. Technical: 3:2 landscape 1200×800."
tamil-nadu-ooty-madurai-family-getaway-5d4n-v8,package,Ooty – Madurai Family Getaway,8,public/images/packages/tamil-nadu-ooty-madurai-family-getaway-5d4n-v8.png,"Create a photorealistic travel image for ""Ooty – Madurai Family Getaway"" — 5-day Tamil Nadu holiday package, India. Scene: family-friendly Meenakshi Temple Madurai, Mahabalipuram Shore Temple, Kanyakumari sunset, cheerful safe travel. Style: Nature adventure — mountains, forests, rivers, wildlife hints. YatraNexus brand colors: navy #001b2a, orange #ff7a00, purple #4b2cff. Photorealistic, no text, no watermark. Technical: 3:2 landscape 1200×800."
tamil-nadu-ooty-madurai-family-getaway-5d4n-v9,package,Ooty – Madurai Family Getaway,9,public/images/packages/tamil-nadu-ooty-madurai-family-getaway-5d4n-v9.png,"Create a photorealistic travel image for ""Ooty – Madurai Family Getaway"" — 5-day Tamil Nadu holiday package, India. Scene: family-friendly Meenakshi Temple Madurai, Mahabalipuram Shore Temple, Kanyakumari sunset, cheerful safe travel. Style: Coastal or lakeside calm water reflection composition. YatraNexus brand colors: navy #001b2a, orange #ff7a00, purple #4b2cff. Photorealistic, no text, no watermark. Technical: 3:2 landscape 1200×800."
tamil-nadu-ooty-madurai-family-getaway-5d4n-v10,package,Ooty – Madurai Family Getaway,10,public/images/packages/tamil-nadu-ooty-madurai-family-getaway-5d4n-v10.png,"Create a photorealistic travel image for ""Ooty – Madurai Family Getaway"" — 5-day Tamil Nadu holiday package, India. Scene: family-friendly Meenakshi Temple Madurai, Mahabalipuram Shore Temple, Kanyakumari sunset, cheerful safe travel. Style: Clean package-card thumbnail — subject centered, minimal clutter. YatraNexus brand colors: navy #001b2a, orange #ff7a00, purple #4b2cff. Photorealistic, no text, no watermark. Technical: 3:2 landscape 1200×800."
tamil-nadu-complete-tamil-nadu-grand-tour-7d6n-v1,package,⭐ Complete Tamil Nadu Grand Tour,1,public/images/packages/tamil-nadu-complete-tamil-nadu-grand-tour-7d6n-v1.png,"Create a photorealistic travel image for ""⭐ Complete Tamil Nadu Grand Tour"" — 7-day Tamil Nadu holiday package, India. Scene: heritage circuit Meenakshi Temple Madurai, Mahabalipuram Shore Temple, Kanyakumari sunset. Style: Wide cinematic golden-hour landscape, premium travel brochure. YatraNexus brand colors: navy #001b2a, orange #ff7a00, purple #4b2cff. Photorealistic, no text, no watermark. Technical: 3:2 landscape 1200×800."
tamil-nadu-complete-tamil-nadu-grand-tour-7d6n-v2,package,⭐ Complete Tamil Nadu Grand Tour,2,public/images/packages/tamil-nadu-complete-tamil-nadu-grand-tour-7d6n-v2.png,"Create a photorealistic travel image for ""⭐ Complete Tamil Nadu Grand Tour"" — 7-day Tamil Nadu holiday package, India. Scene: heritage circuit Meenakshi Temple Madurai, Mahabalipuram Shore Temple, Kanyakumari sunset. Style: Bright daylight vibrant colors, inviting family-friendly mood. YatraNexus brand colors: navy #001b2a, orange #ff7a00, purple #4b2cff. Photorealistic, no text, no watermark. Technical: 3:2 landscape 1200×800."
tamil-nadu-complete-tamil-nadu-grand-tour-7d6n-v3,package,⭐ Complete Tamil Nadu Grand Tour,3,public/images/packages/tamil-nadu-complete-tamil-nadu-grand-tour-7d6n-v3.png,"Create a photorealistic travel image for ""⭐ Complete Tamil Nadu Grand Tour"" — 7-day Tamil Nadu holiday package, India. Scene: heritage circuit Meenakshi Temple Madurai, Mahabalipuram Shore Temple, Kanyakumari sunset. Style: Soft morning mist, peaceful serene atmosphere. YatraNexus brand colors: navy #001b2a, orange #ff7a00, purple #4b2cff. Photorealistic, no text, no watermark. Technical: 3:2 landscape 1200×800."
tamil-nadu-complete-tamil-nadu-grand-tour-7d6n-v4,package,⭐ Complete Tamil Nadu Grand Tour,4,public/images/packages/tamil-nadu-complete-tamil-nadu-grand-tour-7d6n-v4.png,"Create a photorealistic travel image for ""⭐ Complete Tamil Nadu Grand Tour"" — 7-day Tamil Nadu holiday package, India. Scene: heritage circuit Meenakshi Temple Madurai, Mahabalipuram Shore Temple, Kanyakumari sunset. Style: Dramatic sunset warm orange-pink sky, romantic mood. YatraNexus brand colors: navy #001b2a, orange #ff7a00, purple #4b2cff. Photorealistic, no text, no watermark. Technical: 3:2 landscape 1200×800."
tamil-nadu-complete-tamil-nadu-grand-tour-7d6n-v5,package,⭐ Complete Tamil Nadu Grand Tour,5,public/images/packages/tamil-nadu-complete-tamil-nadu-grand-tour-7d6n-v5.png,"Create a photorealistic travel image for ""⭐ Complete Tamil Nadu Grand Tour"" — 7-day Tamil Nadu holiday package, India. Scene: heritage circuit Meenakshi Temple Madurai, Mahabalipuram Shore Temple, Kanyakumari sunset. Style: Aerial drone bird's-eye view, epic panoramic scale. YatraNexus brand colors: navy #001b2a, orange #ff7a00, purple #4b2cff. Photorealistic, no text, no watermark. Technical: 3:2 landscape 1200×800."
tamil-nadu-complete-tamil-nadu-grand-tour-7d6n-v6,package,⭐ Complete Tamil Nadu Grand Tour,6,public/images/packages/tamil-nadu-complete-tamil-nadu-grand-tour-7d6n-v6.png,"Create a photorealistic travel image for ""⭐ Complete Tamil Nadu Grand Tour"" — 7-day Tamil Nadu holiday package, India. Scene: heritage circuit Meenakshi Temple Madurai, Mahabalipuram Shore Temple, Kanyakumari sunset. Style: Close-up iconic landmark detail, shallow depth of field. YatraNexus brand colors: navy #001b2a, orange #ff7a00, purple #4b2cff. Photorealistic, no text, no watermark. Technical: 3:2 landscape 1200×800."
tamil-nadu-complete-tamil-nadu-grand-tour-7d6n-v7,package,⭐ Complete Tamil Nadu Grand Tour,7,public/images/packages/tamil-nadu-complete-tamil-nadu-grand-tour-7d6n-v7.png,"Create a photorealistic travel image for ""⭐ Complete Tamil Nadu Grand Tour"" — 7-day Tamil Nadu holiday package, India. Scene: heritage circuit Meenakshi Temple Madurai, Mahabalipuram Shore Temple, Kanyakumari sunset. Style: Cultural heritage focus — temples, forts, or local architecture. YatraNexus brand colors: navy #001b2a, orange #ff7a00, purple #4b2cff. Photorealistic, no text, no watermark. Technical: 3:2 landscape 1200×800."
tamil-nadu-complete-tamil-nadu-grand-tour-7d6n-v8,package,⭐ Complete Tamil Nadu Grand Tour,8,public/images/packages/tamil-nadu-complete-tamil-nadu-grand-tour-7d6n-v8.png,"Create a photorealistic travel image for ""⭐ Complete Tamil Nadu Grand Tour"" — 7-day Tamil Nadu holiday package, India. Scene: heritage circuit Meenakshi Temple Madurai, Mahabalipuram Shore Temple, Kanyakumari sunset. Style: Nature adventure — mountains, forests, rivers, wildlife hints. YatraNexus brand colors: navy #001b2a, orange #ff7a00, purple #4b2cff. Photorealistic, no text, no watermark. Technical: 3:2 landscape 1200×800."
tamil-nadu-complete-tamil-nadu-grand-tour-7d6n-v9,package,⭐ Complete Tamil Nadu Grand Tour,9,public/images/packages/tamil-nadu-complete-tamil-nadu-grand-tour-7d6n-v9.png,"Create a photorealistic travel image for ""⭐ Complete Tamil Nadu Grand Tour"" — 7-day Tamil Nadu holiday package, India. Scene: heritage circuit Meenakshi Temple Madurai, Mahabalipuram Shore Temple, Kanyakumari sunset. Style: Coastal or lakeside calm water reflection composition. YatraNexus brand colors: navy #001b2a, orange #ff7a00, purple #4b2cff. Photorealistic, no text, no watermark. Technical: 3:2 landscape 1200×800."
tamil-nadu-complete-tamil-nadu-grand-tour-7d6n-v10,package,⭐ Complete Tamil Nadu Grand Tour,10,public/images/packages/tamil-nadu-complete-tamil-nadu-grand-tour-7d6n-v10.png,"Create a photorealistic travel image for ""⭐ Complete Tamil Nadu Grand Tour"" — 7-day Tamil Nadu holiday package, India. Scene: heritage circuit Meenakshi Temple Madurai, Mahabalipuram Shore Temple, Kanyakumari sunset. Style: Clean package-card thumbnail — subject centered, minimal clutter. YatraNexus brand colors: navy #001b2a, orange #ff7a00, purple #4b2cff. Photorealistic, no text, no watermark. Technical: 3:2 landscape 1200×800."
kerala-munnar-tea-hills-escape-4d3n-v1,package,Munnar Tea Hills Escape,1,public/images/packages/kerala-munnar-tea-hills-escape-4d3n-v1.png,"Create a photorealistic travel image for ""Munnar Tea Hills Escape"" — 4-day Kerala holiday package, India. Scene: scenic highlights of Alleppey houseboat backwaters, Munnar tea hills, coconut palms. Style: Wide cinematic golden-hour landscape, premium travel brochure. YatraNexus brand colors: navy #001b2a, orange #ff7a00, purple #4b2cff. Photorealistic, no text, no watermark. Technical: 3:2 landscape 1200×800."
kerala-munnar-tea-hills-escape-4d3n-v2,package,Munnar Tea Hills Escape,2,public/images/packages/kerala-munnar-tea-hills-escape-4d3n-v2.png,"Create a photorealistic travel image for ""Munnar Tea Hills Escape"" — 4-day Kerala holiday package, India. Scene: scenic highlights of Alleppey houseboat backwaters, Munnar tea hills, coconut palms. Style: Bright daylight vibrant colors, inviting family-friendly mood. YatraNexus brand colors: navy #001b2a, orange #ff7a00, purple #4b2cff. Photorealistic, no text, no watermark. Technical: 3:2 landscape 1200×800."
kerala-munnar-tea-hills-escape-4d3n-v3,package,Munnar Tea Hills Escape,3,public/images/packages/kerala-munnar-tea-hills-escape-4d3n-v3.png,"Create a photorealistic travel image for ""Munnar Tea Hills Escape"" — 4-day Kerala holiday package, India. Scene: scenic highlights of Alleppey houseboat backwaters, Munnar tea hills, coconut palms. Style: Soft morning mist, peaceful serene atmosphere. YatraNexus brand colors: navy #001b2a, orange #ff7a00, purple #4b2cff. Photorealistic, no text, no watermark. Technical: 3:2 landscape 1200×800."
kerala-munnar-tea-hills-escape-4d3n-v4,package,Munnar Tea Hills Escape,4,public/images/packages/kerala-munnar-tea-hills-escape-4d3n-v4.png,"Create a photorealistic travel image for ""Munnar Tea Hills Escape"" — 4-day Kerala holiday package, India. Scene: scenic highlights of Alleppey houseboat backwaters, Munnar tea hills, coconut palms. Style: Dramatic sunset warm orange-pink sky, romantic mood. YatraNexus brand colors: navy #001b2a, orange #ff7a00, purple #4b2cff. Photorealistic, no text, no watermark. Technical: 3:2 landscape 1200×800."
kerala-munnar-tea-hills-escape-4d3n-v5,package,Munnar Tea Hills Escape,5,public/images/packages/kerala-munnar-tea-hills-escape-4d3n-v5.png,"Create a photorealistic travel image for ""Munnar Tea Hills Escape"" — 4-day Kerala holiday package, India. Scene: scenic highlights of Alleppey houseboat backwaters, Munnar tea hills, coconut palms. Style: Aerial drone bird's-eye view, epic panoramic scale. YatraNexus brand colors: navy #001b2a, orange #ff7a00, purple #4b2cff. Photorealistic, no text, no watermark. Technical: 3:2 landscape 1200×800."
kerala-munnar-tea-hills-escape-4d3n-v6,package,Munnar Tea Hills Escape,6,public/images/packages/kerala-munnar-tea-hills-escape-4d3n-v6.png,"Create a photorealistic travel image for ""Munnar Tea Hills Escape"" — 4-day Kerala holiday package, India. Scene: scenic highlights of Alleppey houseboat backwaters, Munnar tea hills, coconut palms. Style: Close-up iconic landmark detail, shallow depth of field. YatraNexus brand colors: navy #001b2a, orange #ff7a00, purple #4b2cff. Photorealistic, no text, no watermark. Technical: 3:2 landscape 1200×800."
kerala-munnar-tea-hills-escape-4d3n-v7,package,Munnar Tea Hills Escape,7,public/images/packages/kerala-munnar-tea-hills-escape-4d3n-v7.png,"Create a photorealistic travel image for ""Munnar Tea Hills Escape"" — 4-day Kerala holiday package, India. Scene: scenic highlights of Alleppey houseboat backwaters, Munnar tea hills, coconut palms. Style: Cultural heritage focus — temples, forts, or local architecture. YatraNexus brand colors: navy #001b2a, orange #ff7a00, purple #4b2cff. Photorealistic, no text, no watermark. Technical: 3:2 landscape 1200×800."
kerala-munnar-tea-hills-escape-4d3n-v8,package,Munnar Tea Hills Escape,8,public/images/packages/kerala-munnar-tea-hills-escape-4d3n-v8.png,"Create a photorealistic travel image for ""Munnar Tea Hills Escape"" — 4-day Kerala holiday package, India. Scene: scenic highlights of Alleppey houseboat backwaters, Munnar tea hills, coconut palms. Style: Nature adventure — mountains, forests, rivers, wildlife hints. YatraNexus brand colors: navy #001b2a, orange #ff7a00, purple #4b2cff. Photorealistic, no text, no watermark. Technical: 3:2 landscape 1200×800."
kerala-munnar-tea-hills-escape-4d3n-v9,package,Munnar Tea Hills Escape,9,public/images/packages/kerala-munnar-tea-hills-escape-4d3n-v9.png,"Create a photorealistic travel image for ""Munnar Tea Hills Escape"" — 4-day Kerala holiday package, India. Scene: scenic highlights of Alleppey houseboat backwaters, Munnar tea hills, coconut palms. Style: Coastal or lakeside calm water reflection composition. YatraNexus brand colors: navy #001b2a, orange #ff7a00, purple #4b2cff. Photorealistic, no text, no watermark. Technical: 3:2 landscape 1200×800."
kerala-munnar-tea-hills-escape-4d3n-v10,package,Munnar Tea Hills Escape,10,public/images/packages/kerala-munnar-tea-hills-escape-4d3n-v10.png,"Create a photorealistic travel image for ""Munnar Tea Hills Escape"" — 4-day Kerala holiday package, India. Scene: scenic highlights of Alleppey houseboat backwaters, Munnar tea hills, coconut palms. Style: Clean package-card thumbnail — subject centered, minimal clutter. YatraNexus brand colors: navy #001b2a, orange #ff7a00, purple #4b2cff. Photorealistic, no text, no watermark. Technical: 3:2 landscape 1200×800."
kerala-munnar-thekkady-alleppey-honeymoon-tour-5d4n-v1,package,Munnar – Thekkady – Alleppey Honeymoon Tour,1,public/images/packages/kerala-munnar-thekkady-alleppey-honeymoon-tour-5d4n-v1.png,"Create a photorealistic travel image for ""Munnar – Thekkady – Alleppey Honeymoon Tour"" — 5-day Kerala holiday package, India. Scene: romantic Alleppey houseboat backwaters, Munnar tea hills, coconut palms, intimate luxury mood. Style: Wide cinematic golden-hour landscape, premium travel brochure. YatraNexus brand colors: navy #001b2a, orange #ff7a00, purple #4b2cff. Photorealistic, no text, no watermark. Technical: 3:2 landscape 1200×800."
kerala-munnar-thekkady-alleppey-honeymoon-tour-5d4n-v2,package,Munnar – Thekkady – Alleppey Honeymoon Tour,2,public/images/packages/kerala-munnar-thekkady-alleppey-honeymoon-tour-5d4n-v2.png,"Create a photorealistic travel image for ""Munnar – Thekkady – Alleppey Honeymoon Tour"" — 5-day Kerala holiday package, India. Scene: romantic Alleppey houseboat backwaters, Munnar tea hills, coconut palms, intimate luxury mood. Style: Bright daylight vibrant colors, inviting family-friendly mood. YatraNexus brand colors: navy #001b2a, orange #ff7a00, purple #4b2cff. Photorealistic, no text, no watermark. Technical: 3:2 landscape 1200×800."
kerala-munnar-thekkady-alleppey-honeymoon-tour-5d4n-v3,package,Munnar – Thekkady – Alleppey Honeymoon Tour,3,public/images/packages/kerala-munnar-thekkady-alleppey-honeymoon-tour-5d4n-v3.png,"Create a photorealistic travel image for ""Munnar – Thekkady – Alleppey Honeymoon Tour"" — 5-day Kerala holiday package, India. Scene: romantic Alleppey houseboat backwaters, Munnar tea hills, coconut palms, intimate luxury mood. Style: Soft morning mist, peaceful serene atmosphere. YatraNexus brand colors: navy #001b2a, orange #ff7a00, purple #4b2cff. Photorealistic, no text, no watermark. Technical: 3:2 landscape 1200×800."
kerala-munnar-thekkady-alleppey-honeymoon-tour-5d4n-v4,package,Munnar – Thekkady – Alleppey Honeymoon Tour,4,public/images/packages/kerala-munnar-thekkady-alleppey-honeymoon-tour-5d4n-v4.png,"Create a photorealistic travel image for ""Munnar – Thekkady – Alleppey Honeymoon Tour"" — 5-day Kerala holiday package, India. Scene: romantic Alleppey houseboat backwaters, Munnar tea hills, coconut palms, intimate luxury mood. Style: Dramatic sunset warm orange-pink sky, romantic mood. YatraNexus brand colors: navy #001b2a, orange #ff7a00, purple #4b2cff. Photorealistic, no text, no watermark. Technical: 3:2 landscape 1200×800."
kerala-munnar-thekkady-alleppey-honeymoon-tour-5d4n-v5,package,Munnar – Thekkady – Alleppey Honeymoon Tour,5,public/images/packages/kerala-munnar-thekkady-alleppey-honeymoon-tour-5d4n-v5.png,"Create a photorealistic travel image for ""Munnar – Thekkady – Alleppey Honeymoon Tour"" — 5-day Kerala holiday package, India. Scene: romantic Alleppey houseboat backwaters, Munnar tea hills, coconut palms, intimate luxury mood. Style: Aerial drone bird's-eye view, epic panoramic scale. YatraNexus brand colors: navy #001b2a, orange #ff7a00, purple #4b2cff. Photorealistic, no text, no watermark. Technical: 3:2 landscape 1200×800."
kerala-munnar-thekkady-alleppey-honeymoon-tour-5d4n-v6,package,Munnar – Thekkady – Alleppey Honeymoon Tour,6,public/images/packages/kerala-munnar-thekkady-alleppey-honeymoon-tour-5d4n-v6.png,"Create a photorealistic travel image for ""Munnar – Thekkady – Alleppey Honeymoon Tour"" — 5-day Kerala holiday package, India. Scene: romantic Alleppey houseboat backwaters, Munnar tea hills, coconut palms, intimate luxury mood. Style: Close-up iconic landmark detail, shallow depth of field. YatraNexus brand colors: navy #001b2a, orange #ff7a00, purple #4b2cff. Photorealistic, no text, no watermark. Technical: 3:2 landscape 1200×800."
kerala-munnar-thekkady-alleppey-honeymoon-tour-5d4n-v7,package,Munnar – Thekkady – Alleppey Honeymoon Tour,7,public/images/packages/kerala-munnar-thekkady-alleppey-honeymoon-tour-5d4n-v7.png,"Create a photorealistic travel image for ""Munnar – Thekkady – Alleppey Honeymoon Tour"" — 5-day Kerala holiday package, India. Scene: romantic Alleppey houseboat backwaters, Munnar tea hills, coconut palms, intimate luxury mood. Style: Cultural heritage focus — temples, forts, or local architecture. YatraNexus brand colors: navy #001b2a, orange #ff7a00, purple #4b2cff. Photorealistic, no text, no watermark. Technical: 3:2 landscape 1200×800."
kerala-munnar-thekkady-alleppey-honeymoon-tour-5d4n-v8,package,Munnar – Thekkady – Alleppey Honeymoon Tour,8,public/images/packages/kerala-munnar-thekkady-alleppey-honeymoon-tour-5d4n-v8.png,"Create a photorealistic travel image for ""Munnar – Thekkady – Alleppey Honeymoon Tour"" — 5-day Kerala holiday package, India. Scene: romantic Alleppey houseboat backwaters, Munnar tea hills, coconut palms, intimate luxury mood. Style: Nature adventure — mountains, forests, rivers, wildlife hints. YatraNexus brand colors: navy #001b2a, orange #ff7a00, purple #4b2cff. Photorealistic, no text, no watermark. Technical: 3:2 landscape 1200×800."
kerala-munnar-thekkady-alleppey-honeymoon-tour-5d4n-v9,package,Munnar – Thekkady – Alleppey Honeymoon Tour,9,public/images/packages/kerala-munnar-thekkady-alleppey-honeymoon-tour-5d4n-v9.png,"Create a photorealistic travel image for ""Munnar – Thekkady – Alleppey Honeymoon Tour"" — 5-day Kerala holiday package, India. Scene: romantic Alleppey houseboat backwaters, Munnar tea hills, coconut palms, intimate luxury mood. Style: Coastal or lakeside calm water reflection composition. YatraNexus brand colors: navy #001b2a, orange #ff7a00, purple #4b2cff. Photorealistic, no text, no watermark. Technical: 3:2 landscape 1200×800."
kerala-munnar-thekkady-alleppey-honeymoon-tour-5d4n-v10,package,Munnar – Thekkady – Alleppey Honeymoon Tour,10,public/images/packages/kerala-munnar-thekkady-alleppey-honeymoon-tour-5d4n-v10.png,"Create a photorealistic travel image for ""Munnar – Thekkady – Alleppey Honeymoon Tour"" — 5-day Kerala holiday package, India. Scene: romantic Alleppey houseboat backwaters, Munnar tea hills, coconut palms, intimate luxury mood. Style: Clean package-card thumbnail — subject centered, minimal clutter. YatraNexus brand colors: navy #001b2a, orange #ff7a00, purple #4b2cff. Photorealistic, no text, no watermark. Technical: 3:2 landscape 1200×800."
kerala-kerala-family-holiday-6d5n-v1,package,‍‍‍ Kerala Family Holiday,1,public/images/packages/kerala-kerala-family-holiday-6d5n-v1.png,"Create a photorealistic travel image for ""‍‍‍ Kerala Family Holiday"" — 6-day Kerala holiday package, India. Scene: family-friendly Alleppey houseboat backwaters, Munnar tea hills, coconut palms, cheerful safe travel. Style: Wide cinematic golden-hour landscape, premium travel brochure. YatraNexus brand colors: navy #001b2a, orange #ff7a00, purple #4b2cff. Photorealistic, no text, no watermark. Technical: 3:2 landscape 1200×800."
kerala-kerala-family-holiday-6d5n-v2,package,‍‍‍ Kerala Family Holiday,2,public/images/packages/kerala-kerala-family-holiday-6d5n-v2.png,"Create a photorealistic travel image for ""‍‍‍ Kerala Family Holiday"" — 6-day Kerala holiday package, India. Scene: family-friendly Alleppey houseboat backwaters, Munnar tea hills, coconut palms, cheerful safe travel. Style: Bright daylight vibrant colors, inviting family-friendly mood. YatraNexus brand colors: navy #001b2a, orange #ff7a00, purple #4b2cff. Photorealistic, no text, no watermark. Technical: 3:2 landscape 1200×800."
kerala-kerala-family-holiday-6d5n-v3,package,‍‍‍ Kerala Family Holiday,3,public/images/packages/kerala-kerala-family-holiday-6d5n-v3.png,"Create a photorealistic travel image for ""‍‍‍ Kerala Family Holiday"" — 6-day Kerala holiday package, India. Scene: family-friendly Alleppey houseboat backwaters, Munnar tea hills, coconut palms, cheerful safe travel. Style: Soft morning mist, peaceful serene atmosphere. YatraNexus brand colors: navy #001b2a, orange #ff7a00, purple #4b2cff. Photorealistic, no text, no watermark. Technical: 3:2 landscape 1200×800."
kerala-kerala-family-holiday-6d5n-v4,package,‍‍‍ Kerala Family Holiday,4,public/images/packages/kerala-kerala-family-holiday-6d5n-v4.png,"Create a photorealistic travel image for ""‍‍‍ Kerala Family Holiday"" — 6-day Kerala holiday package, India. Scene: family-friendly Alleppey houseboat backwaters, Munnar tea hills, coconut palms, cheerful safe travel. Style: Dramatic sunset warm orange-pink sky, romantic mood. YatraNexus brand colors: navy #001b2a, orange #ff7a00, purple #4b2cff. Photorealistic, no text, no watermark. Technical: 3:2 landscape 1200×800."
kerala-kerala-family-holiday-6d5n-v5,package,‍‍‍ Kerala Family Holiday,5,public/images/packages/kerala-kerala-family-holiday-6d5n-v5.png,"Create a photorealistic travel image for ""‍‍‍ Kerala Family Holiday"" — 6-day Kerala holiday package, India. Scene: family-friendly Alleppey houseboat backwaters, Munnar tea hills, coconut palms, cheerful safe travel. Style: Aerial drone bird's-eye view, epic panoramic scale. YatraNexus brand colors: navy #001b2a, orange #ff7a00, purple #4b2cff. Photorealistic, no text, no watermark. Technical: 3:2 landscape 1200×800."
kerala-kerala-family-holiday-6d5n-v6,package,‍‍‍ Kerala Family Holiday,6,public/images/packages/kerala-kerala-family-holiday-6d5n-v6.png,"Create a photorealistic travel image for ""‍‍‍ Kerala Family Holiday"" — 6-day Kerala holiday package, India. Scene: family-friendly Alleppey houseboat backwaters, Munnar tea hills, coconut palms, cheerful safe travel. Style: Close-up iconic landmark detail, shallow depth of field. YatraNexus brand colors: navy #001b2a, orange #ff7a00, purple #4b2cff. Photorealistic, no text, no watermark. Technical: 3:2 landscape 1200×800."
kerala-kerala-family-holiday-6d5n-v7,package,‍‍‍ Kerala Family Holiday,7,public/images/packages/kerala-kerala-family-holiday-6d5n-v7.png,"Create a photorealistic travel image for ""‍‍‍ Kerala Family Holiday"" — 6-day Kerala holiday package, India. Scene: family-friendly Alleppey houseboat backwaters, Munnar tea hills, coconut palms, cheerful safe travel. Style: Cultural heritage focus — temples, forts, or local architecture. YatraNexus brand colors: navy #001b2a, orange #ff7a00, purple #4b2cff. Photorealistic, no text, no watermark. Technical: 3:2 landscape 1200×800."
kerala-kerala-family-holiday-6d5n-v8,package,‍‍‍ Kerala Family Holiday,8,public/images/packages/kerala-kerala-family-holiday-6d5n-v8.png,"Create a photorealistic travel image for ""‍‍‍ Kerala Family Holiday"" — 6-day Kerala holiday package, India. Scene: family-friendly Alleppey houseboat backwaters, Munnar tea hills, coconut palms, cheerful safe travel. Style: Nature adventure — mountains, forests, rivers, wildlife hints. YatraNexus brand colors: navy #001b2a, orange #ff7a00, purple #4b2cff. Photorealistic, no text, no watermark. Technical: 3:2 landscape 1200×800."
kerala-kerala-family-holiday-6d5n-v9,package,‍‍‍ Kerala Family Holiday,9,public/images/packages/kerala-kerala-family-holiday-6d5n-v9.png,"Create a photorealistic travel image for ""‍‍‍ Kerala Family Holiday"" — 6-day Kerala holiday package, India. Scene: family-friendly Alleppey houseboat backwaters, Munnar tea hills, coconut palms, cheerful safe travel. Style: Coastal or lakeside calm water reflection composition. YatraNexus brand colors: navy #001b2a, orange #ff7a00, purple #4b2cff. Photorealistic, no text, no watermark. Technical: 3:2 landscape 1200×800."
kerala-kerala-family-holiday-6d5n-v10,package,‍‍‍ Kerala Family Holiday,10,public/images/packages/kerala-kerala-family-holiday-6d5n-v10.png,"Create a photorealistic travel image for ""‍‍‍ Kerala Family Holiday"" — 6-day Kerala holiday package, India. Scene: family-friendly Alleppey houseboat backwaters, Munnar tea hills, coconut palms, cheerful safe travel. Style: Clean package-card thumbnail — subject centered, minimal clutter. YatraNexus brand colors: navy #001b2a, orange #ff7a00, purple #4b2cff. Photorealistic, no text, no watermark. Technical: 3:2 landscape 1200×800."
kerala-kerala-backwaters-beaches-tour-6d5n-v1,package,Kerala Backwaters & Beaches Tour,1,public/images/packages/kerala-kerala-backwaters-beaches-tour-6d5n-v1.png,"Create a photorealistic travel image for ""Kerala Backwaters & Beaches Tour"" — 6-day Kerala holiday package, India. Scene: coastal beaches Alleppey houseboat backwaters, Munnar tea hills, coconut palms. Style: Wide cinematic golden-hour landscape, premium travel brochure. YatraNexus brand colors: navy #001b2a, orange #ff7a00, purple #4b2cff. Photorealistic, no text, no watermark. Technical: 3:2 landscape 1200×800."
kerala-kerala-backwaters-beaches-tour-6d5n-v2,package,Kerala Backwaters & Beaches Tour,2,public/images/packages/kerala-kerala-backwaters-beaches-tour-6d5n-v2.png,"Create a photorealistic travel image for ""Kerala Backwaters & Beaches Tour"" — 6-day Kerala holiday package, India. Scene: coastal beaches Alleppey houseboat backwaters, Munnar tea hills, coconut palms. Style: Bright daylight vibrant colors, inviting family-friendly mood. YatraNexus brand colors: navy #001b2a, orange #ff7a00, purple #4b2cff. Photorealistic, no text, no watermark. Technical: 3:2 landscape 1200×800."
kerala-kerala-backwaters-beaches-tour-6d5n-v3,package,Kerala Backwaters & Beaches Tour,3,public/images/packages/kerala-kerala-backwaters-beaches-tour-6d5n-v3.png,"Create a photorealistic travel image for ""Kerala Backwaters & Beaches Tour"" — 6-day Kerala holiday package, India. Scene: coastal beaches Alleppey houseboat backwaters, Munnar tea hills, coconut palms. Style: Soft morning mist, peaceful serene atmosphere. YatraNexus brand colors: navy #001b2a, orange #ff7a00, purple #4b2cff. Photorealistic, no text, no watermark. Technical: 3:2 landscape 1200×800."
kerala-kerala-backwaters-beaches-tour-6d5n-v4,package,Kerala Backwaters & Beaches Tour,4,public/images/packages/kerala-kerala-backwaters-beaches-tour-6d5n-v4.png,"Create a photorealistic travel image for ""Kerala Backwaters & Beaches Tour"" — 6-day Kerala holiday package, India. Scene: coastal beaches Alleppey houseboat backwaters, Munnar tea hills, coconut palms. Style: Dramatic sunset warm orange-pink sky, romantic mood. YatraNexus brand colors: navy #001b2a, orange #ff7a00, purple #4b2cff. Photorealistic, no text, no watermark. Technical: 3:2 landscape 1200×800."
kerala-kerala-backwaters-beaches-tour-6d5n-v5,package,Kerala Backwaters & Beaches Tour,5,public/images/packages/kerala-kerala-backwaters-beaches-tour-6d5n-v5.png,"Create a photorealistic travel image for ""Kerala Backwaters & Beaches Tour"" — 6-day Kerala holiday package, India. Scene: coastal beaches Alleppey houseboat backwaters, Munnar tea hills, coconut palms. Style: Aerial drone bird's-eye view, epic panoramic scale. YatraNexus brand colors: navy #001b2a, orange #ff7a00, purple #4b2cff. Photorealistic, no text, no watermark. Technical: 3:2 landscape 1200×800."
kerala-kerala-backwaters-beaches-tour-6d5n-v6,package,Kerala Backwaters & Beaches Tour,6,public/images/packages/kerala-kerala-backwaters-beaches-tour-6d5n-v6.png,"Create a photorealistic travel image for ""Kerala Backwaters & Beaches Tour"" — 6-day Kerala holiday package, India. Scene: coastal beaches Alleppey houseboat backwaters, Munnar tea hills, coconut palms. Style: Close-up iconic landmark detail, shallow depth of field. YatraNexus brand colors: navy #001b2a, orange #ff7a00, purple #4b2cff. Photorealistic, no text, no watermark. Technical: 3:2 landscape 1200×800."
kerala-kerala-backwaters-beaches-tour-6d5n-v7,package,Kerala Backwaters & Beaches Tour,7,public/images/packages/kerala-kerala-backwaters-beaches-tour-6d5n-v7.png,"Create a photorealistic travel image for ""Kerala Backwaters & Beaches Tour"" — 6-day Kerala holiday package, India. Scene: coastal beaches Alleppey houseboat backwaters, Munnar tea hills, coconut palms. Style: Cultural heritage focus — temples, forts, or local architecture. YatraNexus brand colors: navy #001b2a, orange #ff7a00, purple #4b2cff. Photorealistic, no text, no watermark. Technical: 3:2 landscape 1200×800."
kerala-kerala-backwaters-beaches-tour-6d5n-v8,package,Kerala Backwaters & Beaches Tour,8,public/images/packages/kerala-kerala-backwaters-beaches-tour-6d5n-v8.png,"Create a photorealistic travel image for ""Kerala Backwaters & Beaches Tour"" — 6-day Kerala holiday package, India. Scene: coastal beaches Alleppey houseboat backwaters, Munnar tea hills, coconut palms. Style: Nature adventure — mountains, forests, rivers, wildlife hints. YatraNexus brand colors: navy #001b2a, orange #ff7a00, purple #4b2cff. Photorealistic, no text, no watermark. Technical: 3:2 landscape 1200×800."
kerala-kerala-backwaters-beaches-tour-6d5n-v9,package,Kerala Backwaters & Beaches Tour,9,public/images/packages/kerala-kerala-backwaters-beaches-tour-6d5n-v9.png,"Create a photorealistic travel image for ""Kerala Backwaters & Beaches Tour"" — 6-day Kerala holiday package, India. Scene: coastal beaches Alleppey houseboat backwaters, Munnar tea hills, coconut palms. Style: Coastal or lakeside calm water reflection composition. YatraNexus brand colors: navy #001b2a, orange #ff7a00, purple #4b2cff. Photorealistic, no text, no watermark. Technical: 3:2 landscape 1200×800."
kerala-kerala-backwaters-beaches-tour-6d5n-v10,package,Kerala Backwaters & Beaches Tour,10,public/images/packages/kerala-kerala-backwaters-beaches-tour-6d5n-v10.png,"Create a photorealistic travel image for ""Kerala Backwaters & Beaches Tour"" — 6-day Kerala holiday package, India. Scene: coastal beaches Alleppey houseboat backwaters, Munnar tea hills, coconut palms. Style: Clean package-card thumbnail — subject centered, minimal clutter. YatraNexus brand colors: navy #001b2a, orange #ff7a00, purple #4b2cff. Photorealistic, no text, no watermark. Technical: 3:2 landscape 1200×800."
kerala-wayanad-nature-adventure-tour-6d5n-v1,package,Wayanad Nature & Adventure Tour,1,public/images/packages/kerala-wayanad-nature-adventure-tour-6d5n-v1.png,"Create a photorealistic travel image for ""Wayanad Nature & Adventure Tour"" — 6-day Kerala holiday package, India. Scene: adventure Alleppey houseboat backwaters, Munnar tea hills, coconut palms, thrilling outdoor. Style: Wide cinematic golden-hour landscape, premium travel brochure. YatraNexus brand colors: navy #001b2a, orange #ff7a00, purple #4b2cff. Photorealistic, no text, no watermark. Technical: 3:2 landscape 1200×800."
kerala-wayanad-nature-adventure-tour-6d5n-v2,package,Wayanad Nature & Adventure Tour,2,public/images/packages/kerala-wayanad-nature-adventure-tour-6d5n-v2.png,"Create a photorealistic travel image for ""Wayanad Nature & Adventure Tour"" — 6-day Kerala holiday package, India. Scene: adventure Alleppey houseboat backwaters, Munnar tea hills, coconut palms, thrilling outdoor. Style: Bright daylight vibrant colors, inviting family-friendly mood. YatraNexus brand colors: navy #001b2a, orange #ff7a00, purple #4b2cff. Photorealistic, no text, no watermark. Technical: 3:2 landscape 1200×800."
kerala-wayanad-nature-adventure-tour-6d5n-v3,package,Wayanad Nature & Adventure Tour,3,public/images/packages/kerala-wayanad-nature-adventure-tour-6d5n-v3.png,"Create a photorealistic travel image for ""Wayanad Nature & Adventure Tour"" — 6-day Kerala holiday package, India. Scene: adventure Alleppey houseboat backwaters, Munnar tea hills, coconut palms, thrilling outdoor. Style: Soft morning mist, peaceful serene atmosphere. YatraNexus brand colors: navy #001b2a, orange #ff7a00, purple #4b2cff. Photorealistic, no text, no watermark. Technical: 3:2 landscape 1200×800."
kerala-wayanad-nature-adventure-tour-6d5n-v4,package,Wayanad Nature & Adventure Tour,4,public/images/packages/kerala-wayanad-nature-adventure-tour-6d5n-v4.png,"Create a photorealistic travel image for ""Wayanad Nature & Adventure Tour"" — 6-day Kerala holiday package, India. Scene: adventure Alleppey houseboat backwaters, Munnar tea hills, coconut palms, thrilling outdoor. Style: Dramatic sunset warm orange-pink sky, romantic mood. YatraNexus brand colors: navy #001b2a, orange #ff7a00, purple #4b2cff. Photorealistic, no text, no watermark. Technical: 3:2 landscape 1200×800."
kerala-wayanad-nature-adventure-tour-6d5n-v5,package,Wayanad Nature & Adventure Tour,5,public/images/packages/kerala-wayanad-nature-adventure-tour-6d5n-v5.png,"Create a photorealistic travel image for ""Wayanad Nature & Adventure Tour"" — 6-day Kerala holiday package, India. Scene: adventure Alleppey houseboat backwaters, Munnar tea hills, coconut palms, thrilling outdoor. Style: Aerial drone bird's-eye view, epic panoramic scale. YatraNexus brand colors: navy #001b2a, orange #ff7a00, purple #4b2cff. Photorealistic, no text, no watermark. Technical: 3:2 landscape 1200×800."
kerala-wayanad-nature-adventure-tour-6d5n-v6,package,Wayanad Nature & Adventure Tour,6,public/images/packages/kerala-wayanad-nature-adventure-tour-6d5n-v6.png,"Create a photorealistic travel image for ""Wayanad Nature & Adventure Tour"" — 6-day Kerala holiday package, India. Scene: adventure Alleppey houseboat backwaters, Munnar tea hills, coconut palms, thrilling outdoor. Style: Close-up iconic landmark detail, shallow depth of field. YatraNexus brand colors: navy #001b2a, orange #ff7a00, purple #4b2cff. Photorealistic, no text, no watermark. Technical: 3:2 landscape 1200×800."
kerala-wayanad-nature-adventure-tour-6d5n-v7,package,Wayanad Nature & Adventure Tour,7,public/images/packages/kerala-wayanad-nature-adventure-tour-6d5n-v7.png,"Create a photorealistic travel image for ""Wayanad Nature & Adventure Tour"" — 6-day Kerala holiday package, India. Scene: adventure Alleppey houseboat backwaters, Munnar tea hills, coconut palms, thrilling outdoor. Style: Cultural heritage focus — temples, forts, or local architecture. YatraNexus brand colors: navy #001b2a, orange #ff7a00, purple #4b2cff. Photorealistic, no text, no watermark. Technical: 3:2 landscape 1200×800."
kerala-wayanad-nature-adventure-tour-6d5n-v8,package,Wayanad Nature & Adventure Tour,8,public/images/packages/kerala-wayanad-nature-adventure-tour-6d5n-v8.png,"Create a photorealistic travel image for ""Wayanad Nature & Adventure Tour"" — 6-day Kerala holiday package, India. Scene: adventure Alleppey houseboat backwaters, Munnar tea hills, coconut palms, thrilling outdoor. Style: Nature adventure — mountains, forests, rivers, wildlife hints. YatraNexus brand colors: navy #001b2a, orange #ff7a00, purple #4b2cff. Photorealistic, no text, no watermark. Technical: 3:2 landscape 1200×800."
kerala-wayanad-nature-adventure-tour-6d5n-v9,package,Wayanad Nature & Adventure Tour,9,public/images/packages/kerala-wayanad-nature-adventure-tour-6d5n-v9.png,"Create a photorealistic travel image for ""Wayanad Nature & Adventure Tour"" — 6-day Kerala holiday package, India. Scene: adventure Alleppey houseboat backwaters, Munnar tea hills, coconut palms, thrilling outdoor. Style: Coastal or lakeside calm water reflection composition. YatraNexus brand colors: navy #001b2a, orange #ff7a00, purple #4b2cff. Photorealistic, no text, no watermark. Technical: 3:2 landscape 1200×800."
kerala-wayanad-nature-adventure-tour-6d5n-v10,package,Wayanad Nature & Adventure Tour,10,public/images/packages/kerala-wayanad-nature-adventure-tour-6d5n-v10.png,"Create a photorealistic travel image for ""Wayanad Nature & Adventure Tour"" — 6-day Kerala holiday package, India. Scene: adventure Alleppey houseboat backwaters, Munnar tea hills, coconut palms, thrilling outdoor. Style: Clean package-card thumbnail — subject centered, minimal clutter. YatraNexus brand colors: navy #001b2a, orange #ff7a00, purple #4b2cff. Photorealistic, no text, no watermark. Technical: 3:2 landscape 1200×800."
kerala-complete-kerala-kanyakumari-grand-tour-9d8n-v1,package,Complete Kerala & Kanyakumari Grand Tour,1,public/images/packages/kerala-complete-kerala-kanyakumari-grand-tour-9d8n-v1.png,"Create a photorealistic travel image for ""Complete Kerala & Kanyakumari Grand Tour"" — 9-day Kerala holiday package, India. Scene: heritage circuit Alleppey houseboat backwaters, Munnar tea hills, coconut palms. Style: Wide cinematic golden-hour landscape, premium travel brochure. YatraNexus brand colors: navy #001b2a, orange #ff7a00, purple #4b2cff. Photorealistic, no text, no watermark. Technical: 3:2 landscape 1200×800."
kerala-complete-kerala-kanyakumari-grand-tour-9d8n-v2,package,Complete Kerala & Kanyakumari Grand Tour,2,public/images/packages/kerala-complete-kerala-kanyakumari-grand-tour-9d8n-v2.png,"Create a photorealistic travel image for ""Complete Kerala & Kanyakumari Grand Tour"" — 9-day Kerala holiday package, India. Scene: heritage circuit Alleppey houseboat backwaters, Munnar tea hills, coconut palms. Style: Bright daylight vibrant colors, inviting family-friendly mood. YatraNexus brand colors: navy #001b2a, orange #ff7a00, purple #4b2cff. Photorealistic, no text, no watermark. Technical: 3:2 landscape 1200×800."
kerala-complete-kerala-kanyakumari-grand-tour-9d8n-v3,package,Complete Kerala & Kanyakumari Grand Tour,3,public/images/packages/kerala-complete-kerala-kanyakumari-grand-tour-9d8n-v3.png,"Create a photorealistic travel image for ""Complete Kerala & Kanyakumari Grand Tour"" — 9-day Kerala holiday package, India. Scene: heritage circuit Alleppey houseboat backwaters, Munnar tea hills, coconut palms. Style: Soft morning mist, peaceful serene atmosphere. YatraNexus brand colors: navy #001b2a, orange #ff7a00, purple #4b2cff. Photorealistic, no text, no watermark. Technical: 3:2 landscape 1200×800."
kerala-complete-kerala-kanyakumari-grand-tour-9d8n-v4,package,Complete Kerala & Kanyakumari Grand Tour,4,public/images/packages/kerala-complete-kerala-kanyakumari-grand-tour-9d8n-v4.png,"Create a photorealistic travel image for ""Complete Kerala & Kanyakumari Grand Tour"" — 9-day Kerala holiday package, India. Scene: heritage circuit Alleppey houseboat backwaters, Munnar tea hills, coconut palms. Style: Dramatic sunset warm orange-pink sky, romantic mood. YatraNexus brand colors: navy #001b2a, orange #ff7a00, purple #4b2cff. Photorealistic, no text, no watermark. Technical: 3:2 landscape 1200×800."
kerala-complete-kerala-kanyakumari-grand-tour-9d8n-v5,package,Complete Kerala & Kanyakumari Grand Tour,5,public/images/packages/kerala-complete-kerala-kanyakumari-grand-tour-9d8n-v5.png,"Create a photorealistic travel image for ""Complete Kerala & Kanyakumari Grand Tour"" — 9-day Kerala holiday package, India. Scene: heritage circuit Alleppey houseboat backwaters, Munnar tea hills, coconut palms. Style: Aerial drone bird's-eye view, epic panoramic scale. YatraNexus brand colors: navy #001b2a, orange #ff7a00, purple #4b2cff. Photorealistic, no text, no watermark. Technical: 3:2 landscape 1200×800."
kerala-complete-kerala-kanyakumari-grand-tour-9d8n-v6,package,Complete Kerala & Kanyakumari Grand Tour,6,public/images/packages/kerala-complete-kerala-kanyakumari-grand-tour-9d8n-v6.png,"Create a photorealistic travel image for ""Complete Kerala & Kanyakumari Grand Tour"" — 9-day Kerala holiday package, India. Scene: heritage circuit Alleppey houseboat backwaters, Munnar tea hills, coconut palms. Style: Close-up iconic landmark detail, shallow depth of field. YatraNexus brand colors: navy #001b2a, orange #ff7a00, purple #4b2cff. Photorealistic, no text, no watermark. Technical: 3:2 landscape 1200×800."
kerala-complete-kerala-kanyakumari-grand-tour-9d8n-v7,package,Complete Kerala & Kanyakumari Grand Tour,7,public/images/packages/kerala-complete-kerala-kanyakumari-grand-tour-9d8n-v7.png,"Create a photorealistic travel image for ""Complete Kerala & Kanyakumari Grand Tour"" — 9-day Kerala holiday package, India. Scene: heritage circuit Alleppey houseboat backwaters, Munnar tea hills, coconut palms. Style: Cultural heritage focus — temples, forts, or local architecture. YatraNexus brand colors: navy #001b2a, orange #ff7a00, purple #4b2cff. Photorealistic, no text, no watermark. Technical: 3:2 landscape 1200×800."
kerala-complete-kerala-kanyakumari-grand-tour-9d8n-v8,package,Complete Kerala & Kanyakumari Grand Tour,8,public/images/packages/kerala-complete-kerala-kanyakumari-grand-tour-9d8n-v8.png,"Create a photorealistic travel image for ""Complete Kerala & Kanyakumari Grand Tour"" — 9-day Kerala holiday package, India. Scene: heritage circuit Alleppey houseboat backwaters, Munnar tea hills, coconut palms. Style: Nature adventure — mountains, forests, rivers, wildlife hints. YatraNexus brand colors: navy #001b2a, orange #ff7a00, purple #4b2cff. Photorealistic, no text, no watermark. Technical: 3:2 landscape 1200×800."
kerala-complete-kerala-kanyakumari-grand-tour-9d8n-v9,package,Complete Kerala & Kanyakumari Grand Tour,9,public/images/packages/kerala-complete-kerala-kanyakumari-grand-tour-9d8n-v9.png,"Create a photorealistic travel image for ""Complete Kerala & Kanyakumari Grand Tour"" — 9-day Kerala holiday package, India. Scene: heritage circuit Alleppey houseboat backwaters, Munnar tea hills, coconut palms. Style: Coastal or lakeside calm water reflection composition. YatraNexus brand colors: navy #001b2a, orange #ff7a00, purple #4b2cff. Photorealistic, no text, no watermark. Technical: 3:2 landscape 1200×800."
kerala-complete-kerala-kanyakumari-grand-tour-9d8n-v10,package,Complete Kerala & Kanyakumari Grand Tour,10,public/images/packages/kerala-complete-kerala-kanyakumari-grand-tour-9d8n-v10.png,"Create a photorealistic travel image for ""Complete Kerala & Kanyakumari Grand Tour"" — 9-day Kerala holiday package, India. Scene: heritage circuit Alleppey houseboat backwaters, Munnar tea hills, coconut palms. Style: Clean package-card thumbnail — subject centered, minimal clutter. YatraNexus brand colors: navy #001b2a, orange #ff7a00, purple #4b2cff. Photorealistic, no text, no watermark. Technical: 3:2 landscape 1200×800."
northeast-kaziranga-wildlife-escape-4d3n-v1,package,Kaziranga Wildlife Escape,1,public/images/packages/northeast-kaziranga-wildlife-escape-4d3n-v1.png,"Create a photorealistic travel image for ""Kaziranga Wildlife Escape"" — 4-day North East India holiday package, India. Scene: wildlife safari living root bridges, Kaziranga, misty hills, tribal culture. Style: Wide cinematic golden-hour landscape, premium travel brochure. YatraNexus brand colors: navy #001b2a, orange #ff7a00, purple #4b2cff. Photorealistic, no text, no watermark. Technical: 3:2 landscape 1200×800."
northeast-kaziranga-wildlife-escape-4d3n-v2,package,Kaziranga Wildlife Escape,2,public/images/packages/northeast-kaziranga-wildlife-escape-4d3n-v2.png,"Create a photorealistic travel image for ""Kaziranga Wildlife Escape"" — 4-day North East India holiday package, India. Scene: wildlife safari living root bridges, Kaziranga, misty hills, tribal culture. Style: Bright daylight vibrant colors, inviting family-friendly mood. YatraNexus brand colors: navy #001b2a, orange #ff7a00, purple #4b2cff. Photorealistic, no text, no watermark. Technical: 3:2 landscape 1200×800."
northeast-kaziranga-wildlife-escape-4d3n-v3,package,Kaziranga Wildlife Escape,3,public/images/packages/northeast-kaziranga-wildlife-escape-4d3n-v3.png,"Create a photorealistic travel image for ""Kaziranga Wildlife Escape"" — 4-day North East India holiday package, India. Scene: wildlife safari living root bridges, Kaziranga, misty hills, tribal culture. Style: Soft morning mist, peaceful serene atmosphere. YatraNexus brand colors: navy #001b2a, orange #ff7a00, purple #4b2cff. Photorealistic, no text, no watermark. Technical: 3:2 landscape 1200×800."
northeast-kaziranga-wildlife-escape-4d3n-v4,package,Kaziranga Wildlife Escape,4,public/images/packages/northeast-kaziranga-wildlife-escape-4d3n-v4.png,"Create a photorealistic travel image for ""Kaziranga Wildlife Escape"" — 4-day North East India holiday package, India. Scene: wildlife safari living root bridges, Kaziranga, misty hills, tribal culture. Style: Dramatic sunset warm orange-pink sky, romantic mood. YatraNexus brand colors: navy #001b2a, orange #ff7a00, purple #4b2cff. Photorealistic, no text, no watermark. Technical: 3:2 landscape 1200×800."
northeast-kaziranga-wildlife-escape-4d3n-v5,package,Kaziranga Wildlife Escape,5,public/images/packages/northeast-kaziranga-wildlife-escape-4d3n-v5.png,"Create a photorealistic travel image for ""Kaziranga Wildlife Escape"" — 4-day North East India holiday package, India. Scene: wildlife safari living root bridges, Kaziranga, misty hills, tribal culture. Style: Aerial drone bird's-eye view, epic panoramic scale. YatraNexus brand colors: navy #001b2a, orange #ff7a00, purple #4b2cff. Photorealistic, no text, no watermark. Technical: 3:2 landscape 1200×800."
northeast-kaziranga-wildlife-escape-4d3n-v6,package,Kaziranga Wildlife Escape,6,public/images/packages/northeast-kaziranga-wildlife-escape-4d3n-v6.png,"Create a photorealistic travel image for ""Kaziranga Wildlife Escape"" — 4-day North East India holiday package, India. Scene: wildlife safari living root bridges, Kaziranga, misty hills, tribal culture. Style: Close-up iconic landmark detail, shallow depth of field. YatraNexus brand colors: navy #001b2a, orange #ff7a00, purple #4b2cff. Photorealistic, no text, no watermark. Technical: 3:2 landscape 1200×800."
northeast-kaziranga-wildlife-escape-4d3n-v7,package,Kaziranga Wildlife Escape,7,public/images/packages/northeast-kaziranga-wildlife-escape-4d3n-v7.png,"Create a photorealistic travel image for ""Kaziranga Wildlife Escape"" — 4-day North East India holiday package, India. Scene: wildlife safari living root bridges, Kaziranga, misty hills, tribal culture. Style: Cultural heritage focus — temples, forts, or local architecture. YatraNexus brand colors: navy #001b2a, orange #ff7a00, purple #4b2cff. Photorealistic, no text, no watermark. Technical: 3:2 landscape 1200×800."
northeast-kaziranga-wildlife-escape-4d3n-v8,package,Kaziranga Wildlife Escape,8,public/images/packages/northeast-kaziranga-wildlife-escape-4d3n-v8.png,"Create a photorealistic travel image for ""Kaziranga Wildlife Escape"" — 4-day North East India holiday package, India. Scene: wildlife safari living root bridges, Kaziranga, misty hills, tribal culture. Style: Nature adventure — mountains, forests, rivers, wildlife hints. YatraNexus brand colors: navy #001b2a, orange #ff7a00, purple #4b2cff. Photorealistic, no text, no watermark. Technical: 3:2 landscape 1200×800."
northeast-kaziranga-wildlife-escape-4d3n-v9,package,Kaziranga Wildlife Escape,9,public/images/packages/northeast-kaziranga-wildlife-escape-4d3n-v9.png,"Create a photorealistic travel image for ""Kaziranga Wildlife Escape"" — 4-day North East India holiday package, India. Scene: wildlife safari living root bridges, Kaziranga, misty hills, tribal culture. Style: Coastal or lakeside calm water reflection composition. YatraNexus brand colors: navy #001b2a, orange #ff7a00, purple #4b2cff. Photorealistic, no text, no watermark. Technical: 3:2 landscape 1200×800."
northeast-kaziranga-wildlife-escape-4d3n-v10,package,Kaziranga Wildlife Escape,10,public/images/packages/northeast-kaziranga-wildlife-escape-4d3n-v10.png,"Create a photorealistic travel image for ""Kaziranga Wildlife Escape"" — 4-day North East India holiday package, India. Scene: wildlife safari living root bridges, Kaziranga, misty hills, tribal culture. Style: Clean package-card thumbnail — subject centered, minimal clutter. YatraNexus brand colors: navy #001b2a, orange #ff7a00, purple #4b2cff. Photorealistic, no text, no watermark. Technical: 3:2 landscape 1200×800."
northeast-guwahati-kaziranga-tour-5d4n-v1,package,Guwahati & Kaziranga Tour,1,public/images/packages/northeast-guwahati-kaziranga-tour-5d4n-v1.png,"Create a photorealistic travel image for ""Guwahati & Kaziranga Tour"" — 5-day North East India holiday package, India. Scene: scenic highlights of living root bridges, Kaziranga, misty hills, tribal culture. Style: Wide cinematic golden-hour landscape, premium travel brochure. YatraNexus brand colors: navy #001b2a, orange #ff7a00, purple #4b2cff. Photorealistic, no text, no watermark. Technical: 3:2 landscape 1200×800."
northeast-guwahati-kaziranga-tour-5d4n-v2,package,Guwahati & Kaziranga Tour,2,public/images/packages/northeast-guwahati-kaziranga-tour-5d4n-v2.png,"Create a photorealistic travel image for ""Guwahati & Kaziranga Tour"" — 5-day North East India holiday package, India. Scene: scenic highlights of living root bridges, Kaziranga, misty hills, tribal culture. Style: Bright daylight vibrant colors, inviting family-friendly mood. YatraNexus brand colors: navy #001b2a, orange #ff7a00, purple #4b2cff. Photorealistic, no text, no watermark. Technical: 3:2 landscape 1200×800."
northeast-guwahati-kaziranga-tour-5d4n-v3,package,Guwahati & Kaziranga Tour,3,public/images/packages/northeast-guwahati-kaziranga-tour-5d4n-v3.png,"Create a photorealistic travel image for ""Guwahati & Kaziranga Tour"" — 5-day North East India holiday package, India. Scene: scenic highlights of living root bridges, Kaziranga, misty hills, tribal culture. Style: Soft morning mist, peaceful serene atmosphere. YatraNexus brand colors: navy #001b2a, orange #ff7a00, purple #4b2cff. Photorealistic, no text, no watermark. Technical: 3:2 landscape 1200×800."
northeast-guwahati-kaziranga-tour-5d4n-v4,package,Guwahati & Kaziranga Tour,4,public/images/packages/northeast-guwahati-kaziranga-tour-5d4n-v4.png,"Create a photorealistic travel image for ""Guwahati & Kaziranga Tour"" — 5-day North East India holiday package, India. Scene: scenic highlights of living root bridges, Kaziranga, misty hills, tribal culture. Style: Dramatic sunset warm orange-pink sky, romantic mood. YatraNexus brand colors: navy #001b2a, orange #ff7a00, purple #4b2cff. Photorealistic, no text, no watermark. Technical: 3:2 landscape 1200×800."
northeast-guwahati-kaziranga-tour-5d4n-v5,package,Guwahati & Kaziranga Tour,5,public/images/packages/northeast-guwahati-kaziranga-tour-5d4n-v5.png,"Create a photorealistic travel image for ""Guwahati & Kaziranga Tour"" — 5-day North East India holiday package, India. Scene: scenic highlights of living root bridges, Kaziranga, misty hills, tribal culture. Style: Aerial drone bird's-eye view, epic panoramic scale. YatraNexus brand colors: navy #001b2a, orange #ff7a00, purple #4b2cff. Photorealistic, no text, no watermark. Technical: 3:2 landscape 1200×800."
northeast-guwahati-kaziranga-tour-5d4n-v6,package,Guwahati & Kaziranga Tour,6,public/images/packages/northeast-guwahati-kaziranga-tour-5d4n-v6.png,"Create a photorealistic travel image for ""Guwahati & Kaziranga Tour"" — 5-day North East India holiday package, India. Scene: scenic highlights of living root bridges, Kaziranga, misty hills, tribal culture. Style: Close-up iconic landmark detail, shallow depth of field. YatraNexus brand colors: navy #001b2a, orange #ff7a00, purple #4b2cff. Photorealistic, no text, no watermark. Technical: 3:2 landscape 1200×800."
northeast-guwahati-kaziranga-tour-5d4n-v7,package,Guwahati & Kaziranga Tour,7,public/images/packages/northeast-guwahati-kaziranga-tour-5d4n-v7.png,"Create a photorealistic travel image for ""Guwahati & Kaziranga Tour"" — 5-day North East India holiday package, India. Scene: scenic highlights of living root bridges, Kaziranga, misty hills, tribal culture. Style: Cultural heritage focus — temples, forts, or local architecture. YatraNexus brand colors: navy #001b2a, orange #ff7a00, purple #4b2cff. Photorealistic, no text, no watermark. Technical: 3:2 landscape 1200×800."
northeast-guwahati-kaziranga-tour-5d4n-v8,package,Guwahati & Kaziranga Tour,8,public/images/packages/northeast-guwahati-kaziranga-tour-5d4n-v8.png,"Create a photorealistic travel image for ""Guwahati & Kaziranga Tour"" — 5-day North East India holiday package, India. Scene: scenic highlights of living root bridges, Kaziranga, misty hills, tribal culture. Style: Nature adventure — mountains, forests, rivers, wildlife hints. YatraNexus brand colors: navy #001b2a, orange #ff7a00, purple #4b2cff. Photorealistic, no text, no watermark. Technical: 3:2 landscape 1200×800."
northeast-guwahati-kaziranga-tour-5d4n-v9,package,Guwahati & Kaziranga Tour,9,public/images/packages/northeast-guwahati-kaziranga-tour-5d4n-v9.png,"Create a photorealistic travel image for ""Guwahati & Kaziranga Tour"" — 5-day North East India holiday package, India. Scene: scenic highlights of living root bridges, Kaziranga, misty hills, tribal culture. Style: Coastal or lakeside calm water reflection composition. YatraNexus brand colors: navy #001b2a, orange #ff7a00, purple #4b2cff. Photorealistic, no text, no watermark. Technical: 3:2 landscape 1200×800."
northeast-guwahati-kaziranga-tour-5d4n-v10,package,Guwahati & Kaziranga Tour,10,public/images/packages/northeast-guwahati-kaziranga-tour-5d4n-v10.png,"Create a photorealistic travel image for ""Guwahati & Kaziranga Tour"" — 5-day North East India holiday package, India. Scene: scenic highlights of living root bridges, Kaziranga, misty hills, tribal culture. Style: Clean package-card thumbnail — subject centered, minimal clutter. YatraNexus brand colors: navy #001b2a, orange #ff7a00, purple #4b2cff. Photorealistic, no text, no watermark. Technical: 3:2 landscape 1200×800."
northeast-complete-assam-explorer-7d6n-v1,package,Complete Assam Explorer,1,public/images/packages/northeast-complete-assam-explorer-7d6n-v1.png,"Create a photorealistic travel image for ""Complete Assam Explorer"" — 7-day North East India holiday package, India. Scene: scenic highlights of living root bridges, Kaziranga, misty hills, tribal culture. Style: Wide cinematic golden-hour landscape, premium travel brochure. YatraNexus brand colors: navy #001b2a, orange #ff7a00, purple #4b2cff. Photorealistic, no text, no watermark. Technical: 3:2 landscape 1200×800."
northeast-complete-assam-explorer-7d6n-v2,package,Complete Assam Explorer,2,public/images/packages/northeast-complete-assam-explorer-7d6n-v2.png,"Create a photorealistic travel image for ""Complete Assam Explorer"" — 7-day North East India holiday package, India. Scene: scenic highlights of living root bridges, Kaziranga, misty hills, tribal culture. Style: Bright daylight vibrant colors, inviting family-friendly mood. YatraNexus brand colors: navy #001b2a, orange #ff7a00, purple #4b2cff. Photorealistic, no text, no watermark. Technical: 3:2 landscape 1200×800."
northeast-complete-assam-explorer-7d6n-v3,package,Complete Assam Explorer,3,public/images/packages/northeast-complete-assam-explorer-7d6n-v3.png,"Create a photorealistic travel image for ""Complete Assam Explorer"" — 7-day North East India holiday package, India. Scene: scenic highlights of living root bridges, Kaziranga, misty hills, tribal culture. Style: Soft morning mist, peaceful serene atmosphere. YatraNexus brand colors: navy #001b2a, orange #ff7a00, purple #4b2cff. Photorealistic, no text, no watermark. Technical: 3:2 landscape 1200×800."
northeast-complete-assam-explorer-7d6n-v4,package,Complete Assam Explorer,4,public/images/packages/northeast-complete-assam-explorer-7d6n-v4.png,"Create a photorealistic travel image for ""Complete Assam Explorer"" — 7-day North East India holiday package, India. Scene: scenic highlights of living root bridges, Kaziranga, misty hills, tribal culture. Style: Dramatic sunset warm orange-pink sky, romantic mood. YatraNexus brand colors: navy #001b2a, orange #ff7a00, purple #4b2cff. Photorealistic, no text, no watermark. Technical: 3:2 landscape 1200×800."
northeast-complete-assam-explorer-7d6n-v5,package,Complete Assam Explorer,5,public/images/packages/northeast-complete-assam-explorer-7d6n-v5.png,"Create a photorealistic travel image for ""Complete Assam Explorer"" — 7-day North East India holiday package, India. Scene: scenic highlights of living root bridges, Kaziranga, misty hills, tribal culture. Style: Aerial drone bird's-eye view, epic panoramic scale. YatraNexus brand colors: navy #001b2a, orange #ff7a00, purple #4b2cff. Photorealistic, no text, no watermark. Technical: 3:2 landscape 1200×800."
northeast-complete-assam-explorer-7d6n-v6,package,Complete Assam Explorer,6,public/images/packages/northeast-complete-assam-explorer-7d6n-v6.png,"Create a photorealistic travel image for ""Complete Assam Explorer"" — 7-day North East India holiday package, India. Scene: scenic highlights of living root bridges, Kaziranga, misty hills, tribal culture. Style: Close-up iconic landmark detail, shallow depth of field. YatraNexus brand colors: navy #001b2a, orange #ff7a00, purple #4b2cff. Photorealistic, no text, no watermark. Technical: 3:2 landscape 1200×800."
northeast-complete-assam-explorer-7d6n-v7,package,Complete Assam Explorer,7,public/images/packages/northeast-complete-assam-explorer-7d6n-v7.png,"Create a photorealistic travel image for ""Complete Assam Explorer"" — 7-day North East India holiday package, India. Scene: scenic highlights of living root bridges, Kaziranga, misty hills, tribal culture. Style: Cultural heritage focus — temples, forts, or local architecture. YatraNexus brand colors: navy #001b2a, orange #ff7a00, purple #4b2cff. Photorealistic, no text, no watermark. Technical: 3:2 landscape 1200×800."
northeast-complete-assam-explorer-7d6n-v8,package,Complete Assam Explorer,8,public/images/packages/northeast-complete-assam-explorer-7d6n-v8.png,"Create a photorealistic travel image for ""Complete Assam Explorer"" — 7-day North East India holiday package, India. Scene: scenic highlights of living root bridges, Kaziranga, misty hills, tribal culture. Style: Nature adventure — mountains, forests, rivers, wildlife hints. YatraNexus brand colors: navy #001b2a, orange #ff7a00, purple #4b2cff. Photorealistic, no text, no watermark. Technical: 3:2 landscape 1200×800."
northeast-complete-assam-explorer-7d6n-v9,package,Complete Assam Explorer,9,public/images/packages/northeast-complete-assam-explorer-7d6n-v9.png,"Create a photorealistic travel image for ""Complete Assam Explorer"" — 7-day North East India holiday package, India. Scene: scenic highlights of living root bridges, Kaziranga, misty hills, tribal culture. Style: Coastal or lakeside calm water reflection composition. YatraNexus brand colors: navy #001b2a, orange #ff7a00, purple #4b2cff. Photorealistic, no text, no watermark. Technical: 3:2 landscape 1200×800."
northeast-complete-assam-explorer-7d6n-v10,package,Complete Assam Explorer,10,public/images/packages/northeast-complete-assam-explorer-7d6n-v10.png,"Create a photorealistic travel image for ""Complete Assam Explorer"" — 7-day North East India holiday package, India. Scene: scenic highlights of living root bridges, Kaziranga, misty hills, tribal culture. Style: Clean package-card thumbnail — subject centered, minimal clutter. YatraNexus brand colors: navy #001b2a, orange #ff7a00, purple #4b2cff. Photorealistic, no text, no watermark. Technical: 3:2 landscape 1200×800."
northeast-shillong-cherrapunji-escape-4d3n-v1,package,Shillong & Cherrapunji Escape,1,public/images/packages/northeast-shillong-cherrapunji-escape-4d3n-v1.png,"Create a photorealistic travel image for ""Shillong & Cherrapunji Escape"" — 4-day North East India holiday package, India. Scene: scenic highlights of living root bridges, Kaziranga, misty hills, tribal culture. Style: Wide cinematic golden-hour landscape, premium travel brochure. YatraNexus brand colors: navy #001b2a, orange #ff7a00, purple #4b2cff. Photorealistic, no text, no watermark. Technical: 3:2 landscape 1200×800."
northeast-shillong-cherrapunji-escape-4d3n-v2,package,Shillong & Cherrapunji Escape,2,public/images/packages/northeast-shillong-cherrapunji-escape-4d3n-v2.png,"Create a photorealistic travel image for ""Shillong & Cherrapunji Escape"" — 4-day North East India holiday package, India. Scene: scenic highlights of living root bridges, Kaziranga, misty hills, tribal culture. Style: Bright daylight vibrant colors, inviting family-friendly mood. YatraNexus brand colors: navy #001b2a, orange #ff7a00, purple #4b2cff. Photorealistic, no text, no watermark. Technical: 3:2 landscape 1200×800."
northeast-shillong-cherrapunji-escape-4d3n-v3,package,Shillong & Cherrapunji Escape,3,public/images/packages/northeast-shillong-cherrapunji-escape-4d3n-v3.png,"Create a photorealistic travel image for ""Shillong & Cherrapunji Escape"" — 4-day North East India holiday package, India. Scene: scenic highlights of living root bridges, Kaziranga, misty hills, tribal culture. Style: Soft morning mist, peaceful serene atmosphere. YatraNexus brand colors: navy #001b2a, orange #ff7a00, purple #4b2cff. Photorealistic, no text, no watermark. Technical: 3:2 landscape 1200×800."
northeast-shillong-cherrapunji-escape-4d3n-v4,package,Shillong & Cherrapunji Escape,4,public/images/packages/northeast-shillong-cherrapunji-escape-4d3n-v4.png,"Create a photorealistic travel image for ""Shillong & Cherrapunji Escape"" — 4-day North East India holiday package, India. Scene: scenic highlights of living root bridges, Kaziranga, misty hills, tribal culture. Style: Dramatic sunset warm orange-pink sky, romantic mood. YatraNexus brand colors: navy #001b2a, orange #ff7a00, purple #4b2cff. Photorealistic, no text, no watermark. Technical: 3:2 landscape 1200×800."
northeast-shillong-cherrapunji-escape-4d3n-v5,package,Shillong & Cherrapunji Escape,5,public/images/packages/northeast-shillong-cherrapunji-escape-4d3n-v5.png,"Create a photorealistic travel image for ""Shillong & Cherrapunji Escape"" — 4-day North East India holiday package, India. Scene: scenic highlights of living root bridges, Kaziranga, misty hills, tribal culture. Style: Aerial drone bird's-eye view, epic panoramic scale. YatraNexus brand colors: navy #001b2a, orange #ff7a00, purple #4b2cff. Photorealistic, no text, no watermark. Technical: 3:2 landscape 1200×800."
northeast-shillong-cherrapunji-escape-4d3n-v6,package,Shillong & Cherrapunji Escape,6,public/images/packages/northeast-shillong-cherrapunji-escape-4d3n-v6.png,"Create a photorealistic travel image for ""Shillong & Cherrapunji Escape"" — 4-day North East India holiday package, India. Scene: scenic highlights of living root bridges, Kaziranga, misty hills, tribal culture. Style: Close-up iconic landmark detail, shallow depth of field. YatraNexus brand colors: navy #001b2a, orange #ff7a00, purple #4b2cff. Photorealistic, no text, no watermark. Technical: 3:2 landscape 1200×800."
northeast-shillong-cherrapunji-escape-4d3n-v7,package,Shillong & Cherrapunji Escape,7,public/images/packages/northeast-shillong-cherrapunji-escape-4d3n-v7.png,"Create a photorealistic travel image for ""Shillong & Cherrapunji Escape"" — 4-day North East India holiday package, India. Scene: scenic highlights of living root bridges, Kaziranga, misty hills, tribal culture. Style: Cultural heritage focus — temples, forts, or local architecture. YatraNexus brand colors: navy #001b2a, orange #ff7a00, purple #4b2cff. Photorealistic, no text, no watermark. Technical: 3:2 landscape 1200×800."
northeast-shillong-cherrapunji-escape-4d3n-v8,package,Shillong & Cherrapunji Escape,8,public/images/packages/northeast-shillong-cherrapunji-escape-4d3n-v8.png,"Create a photorealistic travel image for ""Shillong & Cherrapunji Escape"" — 4-day North East India holiday package, India. Scene: scenic highlights of living root bridges, Kaziranga, misty hills, tribal culture. Style: Nature adventure — mountains, forests, rivers, wildlife hints. YatraNexus brand colors: navy #001b2a, orange #ff7a00, purple #4b2cff. Photorealistic, no text, no watermark. Technical: 3:2 landscape 1200×800."
northeast-shillong-cherrapunji-escape-4d3n-v9,package,Shillong & Cherrapunji Escape,9,public/images/packages/northeast-shillong-cherrapunji-escape-4d3n-v9.png,"Create a photorealistic travel image for ""Shillong & Cherrapunji Escape"" — 4-day North East India holiday package, India. Scene: scenic highlights of living root bridges, Kaziranga, misty hills, tribal culture. Style: Coastal or lakeside calm water reflection composition. YatraNexus brand colors: navy #001b2a, orange #ff7a00, purple #4b2cff. Photorealistic, no text, no watermark. Technical: 3:2 landscape 1200×800."
northeast-shillong-cherrapunji-escape-4d3n-v10,package,Shillong & Cherrapunji Escape,10,public/images/packages/northeast-shillong-cherrapunji-escape-4d3n-v10.png,"Create a photorealistic travel image for ""Shillong & Cherrapunji Escape"" — 4-day North East India holiday package, India. Scene: scenic highlights of living root bridges, Kaziranga, misty hills, tribal culture. Style: Clean package-card thumbnail — subject centered, minimal clutter. YatraNexus brand colors: navy #001b2a, orange #ff7a00, purple #4b2cff. Photorealistic, no text, no watermark. Technical: 3:2 landscape 1200×800."
northeast-meghalaya-nature-adventure-5d4n-v1,package,Meghalaya Nature Adventure,1,public/images/packages/northeast-meghalaya-nature-adventure-5d4n-v1.png,"Create a photorealistic travel image for ""Meghalaya Nature Adventure"" — 5-day North East India holiday package, India. Scene: adventure living root bridges, Kaziranga, misty hills, tribal culture, thrilling outdoor. Style: Wide cinematic golden-hour landscape, premium travel brochure. YatraNexus brand colors: navy #001b2a, orange #ff7a00, purple #4b2cff. Photorealistic, no text, no watermark. Technical: 3:2 landscape 1200×800."
northeast-meghalaya-nature-adventure-5d4n-v2,package,Meghalaya Nature Adventure,2,public/images/packages/northeast-meghalaya-nature-adventure-5d4n-v2.png,"Create a photorealistic travel image for ""Meghalaya Nature Adventure"" — 5-day North East India holiday package, India. Scene: adventure living root bridges, Kaziranga, misty hills, tribal culture, thrilling outdoor. Style: Bright daylight vibrant colors, inviting family-friendly mood. YatraNexus brand colors: navy #001b2a, orange #ff7a00, purple #4b2cff. Photorealistic, no text, no watermark. Technical: 3:2 landscape 1200×800."
northeast-meghalaya-nature-adventure-5d4n-v3,package,Meghalaya Nature Adventure,3,public/images/packages/northeast-meghalaya-nature-adventure-5d4n-v3.png,"Create a photorealistic travel image for ""Meghalaya Nature Adventure"" — 5-day North East India holiday package, India. Scene: adventure living root bridges, Kaziranga, misty hills, tribal culture, thrilling outdoor. Style: Soft morning mist, peaceful serene atmosphere. YatraNexus brand colors: navy #001b2a, orange #ff7a00, purple #4b2cff. Photorealistic, no text, no watermark. Technical: 3:2 landscape 1200×800."
northeast-meghalaya-nature-adventure-5d4n-v4,package,Meghalaya Nature Adventure,4,public/images/packages/northeast-meghalaya-nature-adventure-5d4n-v4.png,"Create a photorealistic travel image for ""Meghalaya Nature Adventure"" — 5-day North East India holiday package, India. Scene: adventure living root bridges, Kaziranga, misty hills, tribal culture, thrilling outdoor. Style: Dramatic sunset warm orange-pink sky, romantic mood. YatraNexus brand colors: navy #001b2a, orange #ff7a00, purple #4b2cff. Photorealistic, no text, no watermark. Technical: 3:2 landscape 1200×800."
northeast-meghalaya-nature-adventure-5d4n-v5,package,Meghalaya Nature Adventure,5,public/images/packages/northeast-meghalaya-nature-adventure-5d4n-v5.png,"Create a photorealistic travel image for ""Meghalaya Nature Adventure"" — 5-day North East India holiday package, India. Scene: adventure living root bridges, Kaziranga, misty hills, tribal culture, thrilling outdoor. Style: Aerial drone bird's-eye view, epic panoramic scale. YatraNexus brand colors: navy #001b2a, orange #ff7a00, purple #4b2cff. Photorealistic, no text, no watermark. Technical: 3:2 landscape 1200×800."
northeast-meghalaya-nature-adventure-5d4n-v6,package,Meghalaya Nature Adventure,6,public/images/packages/northeast-meghalaya-nature-adventure-5d4n-v6.png,"Create a photorealistic travel image for ""Meghalaya Nature Adventure"" — 5-day North East India holiday package, India. Scene: adventure living root bridges, Kaziranga, misty hills, tribal culture, thrilling outdoor. Style: Close-up iconic landmark detail, shallow depth of field. YatraNexus brand colors: navy #001b2a, orange #ff7a00, purple #4b2cff. Photorealistic, no text, no watermark. Technical: 3:2 landscape 1200×800."
northeast-meghalaya-nature-adventure-5d4n-v7,package,Meghalaya Nature Adventure,7,public/images/packages/northeast-meghalaya-nature-adventure-5d4n-v7.png,"Create a photorealistic travel image for ""Meghalaya Nature Adventure"" — 5-day North East India holiday package, India. Scene: adventure living root bridges, Kaziranga, misty hills, tribal culture, thrilling outdoor. Style: Cultural heritage focus — temples, forts, or local architecture. YatraNexus brand colors: navy #001b2a, orange #ff7a00, purple #4b2cff. Photorealistic, no text, no watermark. Technical: 3:2 landscape 1200×800."
northeast-meghalaya-nature-adventure-5d4n-v8,package,Meghalaya Nature Adventure,8,public/images/packages/northeast-meghalaya-nature-adventure-5d4n-v8.png,"Create a photorealistic travel image for ""Meghalaya Nature Adventure"" — 5-day North East India holiday package, India. Scene: adventure living root bridges, Kaziranga, misty hills, tribal culture, thrilling outdoor. Style: Nature adventure — mountains, forests, rivers, wildlife hints. YatraNexus brand colors: navy #001b2a, orange #ff7a00, purple #4b2cff. Photorealistic, no text, no watermark. Technical: 3:2 landscape 1200×800."
northeast-meghalaya-nature-adventure-5d4n-v9,package,Meghalaya Nature Adventure,9,public/images/packages/northeast-meghalaya-nature-adventure-5d4n-v9.png,"Create a photorealistic travel image for ""Meghalaya Nature Adventure"" — 5-day North East India holiday package, India. Scene: adventure living root bridges, Kaziranga, misty hills, tribal culture, thrilling outdoor. Style: Coastal or lakeside calm water reflection composition. YatraNexus brand colors: navy #001b2a, orange #ff7a00, purple #4b2cff. Photorealistic, no text, no watermark. Technical: 3:2 landscape 1200×800."
northeast-meghalaya-nature-adventure-5d4n-v10,package,Meghalaya Nature Adventure,10,public/images/packages/northeast-meghalaya-nature-adventure-5d4n-v10.png,"Create a photorealistic travel image for ""Meghalaya Nature Adventure"" — 5-day North East India holiday package, India. Scene: adventure living root bridges, Kaziranga, misty hills, tribal culture, thrilling outdoor. Style: Clean package-card thumbnail — subject centered, minimal clutter. YatraNexus brand colors: navy #001b2a, orange #ff7a00, purple #4b2cff. Photorealistic, no text, no watermark. Technical: 3:2 landscape 1200×800."
northeast-complete-meghalaya-explorer-6d5n-v1,package,Complete Meghalaya Explorer,1,public/images/packages/northeast-complete-meghalaya-explorer-6d5n-v1.png,"Create a photorealistic travel image for ""Complete Meghalaya Explorer"" — 6-day North East India holiday package, India. Scene: scenic highlights of living root bridges, Kaziranga, misty hills, tribal culture. Style: Wide cinematic golden-hour landscape, premium travel brochure. YatraNexus brand colors: navy #001b2a, orange #ff7a00, purple #4b2cff. Photorealistic, no text, no watermark. Technical: 3:2 landscape 1200×800."
northeast-complete-meghalaya-explorer-6d5n-v2,package,Complete Meghalaya Explorer,2,public/images/packages/northeast-complete-meghalaya-explorer-6d5n-v2.png,"Create a photorealistic travel image for ""Complete Meghalaya Explorer"" — 6-day North East India holiday package, India. Scene: scenic highlights of living root bridges, Kaziranga, misty hills, tribal culture. Style: Bright daylight vibrant colors, inviting family-friendly mood. YatraNexus brand colors: navy #001b2a, orange #ff7a00, purple #4b2cff. Photorealistic, no text, no watermark. Technical: 3:2 landscape 1200×800."
northeast-complete-meghalaya-explorer-6d5n-v3,package,Complete Meghalaya Explorer,3,public/images/packages/northeast-complete-meghalaya-explorer-6d5n-v3.png,"Create a photorealistic travel image for ""Complete Meghalaya Explorer"" — 6-day North East India holiday package, India. Scene: scenic highlights of living root bridges, Kaziranga, misty hills, tribal culture. Style: Soft morning mist, peaceful serene atmosphere. YatraNexus brand colors: navy #001b2a, orange #ff7a00, purple #4b2cff. Photorealistic, no text, no watermark. Technical: 3:2 landscape 1200×800."
northeast-complete-meghalaya-explorer-6d5n-v4,package,Complete Meghalaya Explorer,4,public/images/packages/northeast-complete-meghalaya-explorer-6d5n-v4.png,"Create a photorealistic travel image for ""Complete Meghalaya Explorer"" — 6-day North East India holiday package, India. Scene: scenic highlights of living root bridges, Kaziranga, misty hills, tribal culture. Style: Dramatic sunset warm orange-pink sky, romantic mood. YatraNexus brand colors: navy #001b2a, orange #ff7a00, purple #4b2cff. Photorealistic, no text, no watermark. Technical: 3:2 landscape 1200×800."
northeast-complete-meghalaya-explorer-6d5n-v5,package,Complete Meghalaya Explorer,5,public/images/packages/northeast-complete-meghalaya-explorer-6d5n-v5.png,"Create a photorealistic travel image for ""Complete Meghalaya Explorer"" — 6-day North East India holiday package, India. Scene: scenic highlights of living root bridges, Kaziranga, misty hills, tribal culture. Style: Aerial drone bird's-eye view, epic panoramic scale. YatraNexus brand colors: navy #001b2a, orange #ff7a00, purple #4b2cff. Photorealistic, no text, no watermark. Technical: 3:2 landscape 1200×800."
northeast-complete-meghalaya-explorer-6d5n-v6,package,Complete Meghalaya Explorer,6,public/images/packages/northeast-complete-meghalaya-explorer-6d5n-v6.png,"Create a photorealistic travel image for ""Complete Meghalaya Explorer"" — 6-day North East India holiday package, India. Scene: scenic highlights of living root bridges, Kaziranga, misty hills, tribal culture. Style: Close-up iconic landmark detail, shallow depth of field. YatraNexus brand colors: navy #001b2a, orange #ff7a00, purple #4b2cff. Photorealistic, no text, no watermark. Technical: 3:2 landscape 1200×800."
northeast-complete-meghalaya-explorer-6d5n-v7,package,Complete Meghalaya Explorer,7,public/images/packages/northeast-complete-meghalaya-explorer-6d5n-v7.png,"Create a photorealistic travel image for ""Complete Meghalaya Explorer"" — 6-day North East India holiday package, India. Scene: scenic highlights of living root bridges, Kaziranga, misty hills, tribal culture. Style: Cultural heritage focus — temples, forts, or local architecture. YatraNexus brand colors: navy #001b2a, orange #ff7a00, purple #4b2cff. Photorealistic, no text, no watermark. Technical: 3:2 landscape 1200×800."
northeast-complete-meghalaya-explorer-6d5n-v8,package,Complete Meghalaya Explorer,8,public/images/packages/northeast-complete-meghalaya-explorer-6d5n-v8.png,"Create a photorealistic travel image for ""Complete Meghalaya Explorer"" — 6-day North East India holiday package, India. Scene: scenic highlights of living root bridges, Kaziranga, misty hills, tribal culture. Style: Nature adventure — mountains, forests, rivers, wildlife hints. YatraNexus brand colors: navy #001b2a, orange #ff7a00, purple #4b2cff. Photorealistic, no text, no watermark. Technical: 3:2 landscape 1200×800."
northeast-complete-meghalaya-explorer-6d5n-v9,package,Complete Meghalaya Explorer,9,public/images/packages/northeast-complete-meghalaya-explorer-6d5n-v9.png,"Create a photorealistic travel image for ""Complete Meghalaya Explorer"" — 6-day North East India holiday package, India. Scene: scenic highlights of living root bridges, Kaziranga, misty hills, tribal culture. Style: Coastal or lakeside calm water reflection composition. YatraNexus brand colors: navy #001b2a, orange #ff7a00, purple #4b2cff. Photorealistic, no text, no watermark. Technical: 3:2 landscape 1200×800."
northeast-complete-meghalaya-explorer-6d5n-v10,package,Complete Meghalaya Explorer,10,public/images/packages/northeast-complete-meghalaya-explorer-6d5n-v10.png,"Create a photorealistic travel image for ""Complete Meghalaya Explorer"" — 6-day North East India holiday package, India. Scene: scenic highlights of living root bridges, Kaziranga, misty hills, tribal culture. Style: Clean package-card thumbnail — subject centered, minimal clutter. YatraNexus brand colors: navy #001b2a, orange #ff7a00, purple #4b2cff. Photorealistic, no text, no watermark. Technical: 3:2 landscape 1200×800."
northeast-gangtok-delight-4d3n-v1,package,Gangtok Delight,1,public/images/packages/northeast-gangtok-delight-4d3n-v1.png,"Create a photorealistic travel image for ""Gangtok Delight"" — 4-day North East India holiday package, India. Scene: scenic highlights of living root bridges, Kaziranga, misty hills, tribal culture. Style: Wide cinematic golden-hour landscape, premium travel brochure. YatraNexus brand colors: navy #001b2a, orange #ff7a00, purple #4b2cff. Photorealistic, no text, no watermark. Technical: 3:2 landscape 1200×800."
northeast-gangtok-delight-4d3n-v2,package,Gangtok Delight,2,public/images/packages/northeast-gangtok-delight-4d3n-v2.png,"Create a photorealistic travel image for ""Gangtok Delight"" — 4-day North East India holiday package, India. Scene: scenic highlights of living root bridges, Kaziranga, misty hills, tribal culture. Style: Bright daylight vibrant colors, inviting family-friendly mood. YatraNexus brand colors: navy #001b2a, orange #ff7a00, purple #4b2cff. Photorealistic, no text, no watermark. Technical: 3:2 landscape 1200×800."
northeast-gangtok-delight-4d3n-v3,package,Gangtok Delight,3,public/images/packages/northeast-gangtok-delight-4d3n-v3.png,"Create a photorealistic travel image for ""Gangtok Delight"" — 4-day North East India holiday package, India. Scene: scenic highlights of living root bridges, Kaziranga, misty hills, tribal culture. Style: Soft morning mist, peaceful serene atmosphere. YatraNexus brand colors: navy #001b2a, orange #ff7a00, purple #4b2cff. Photorealistic, no text, no watermark. Technical: 3:2 landscape 1200×800."
northeast-gangtok-delight-4d3n-v4,package,Gangtok Delight,4,public/images/packages/northeast-gangtok-delight-4d3n-v4.png,"Create a photorealistic travel image for ""Gangtok Delight"" — 4-day North East India holiday package, India. Scene: scenic highlights of living root bridges, Kaziranga, misty hills, tribal culture. Style: Dramatic sunset warm orange-pink sky, romantic mood. YatraNexus brand colors: navy #001b2a, orange #ff7a00, purple #4b2cff. Photorealistic, no text, no watermark. Technical: 3:2 landscape 1200×800."
northeast-gangtok-delight-4d3n-v5,package,Gangtok Delight,5,public/images/packages/northeast-gangtok-delight-4d3n-v5.png,"Create a photorealistic travel image for ""Gangtok Delight"" — 4-day North East India holiday package, India. Scene: scenic highlights of living root bridges, Kaziranga, misty hills, tribal culture. Style: Aerial drone bird's-eye view, epic panoramic scale. YatraNexus brand colors: navy #001b2a, orange #ff7a00, purple #4b2cff. Photorealistic, no text, no watermark. Technical: 3:2 landscape 1200×800."
northeast-gangtok-delight-4d3n-v6,package,Gangtok Delight,6,public/images/packages/northeast-gangtok-delight-4d3n-v6.png,"Create a photorealistic travel image for ""Gangtok Delight"" — 4-day North East India holiday package, India. Scene: scenic highlights of living root bridges, Kaziranga, misty hills, tribal culture. Style: Close-up iconic landmark detail, shallow depth of field. YatraNexus brand colors: navy #001b2a, orange #ff7a00, purple #4b2cff. Photorealistic, no text, no watermark. Technical: 3:2 landscape 1200×800."
northeast-gangtok-delight-4d3n-v7,package,Gangtok Delight,7,public/images/packages/northeast-gangtok-delight-4d3n-v7.png,"Create a photorealistic travel image for ""Gangtok Delight"" — 4-day North East India holiday package, India. Scene: scenic highlights of living root bridges, Kaziranga, misty hills, tribal culture. Style: Cultural heritage focus — temples, forts, or local architecture. YatraNexus brand colors: navy #001b2a, orange #ff7a00, purple #4b2cff. Photorealistic, no text, no watermark. Technical: 3:2 landscape 1200×800."
northeast-gangtok-delight-4d3n-v8,package,Gangtok Delight,8,public/images/packages/northeast-gangtok-delight-4d3n-v8.png,"Create a photorealistic travel image for ""Gangtok Delight"" — 4-day North East India holiday package, India. Scene: scenic highlights of living root bridges, Kaziranga, misty hills, tribal culture. Style: Nature adventure — mountains, forests, rivers, wildlife hints. YatraNexus brand colors: navy #001b2a, orange #ff7a00, purple #4b2cff. Photorealistic, no text, no watermark. Technical: 3:2 landscape 1200×800."
northeast-gangtok-delight-4d3n-v9,package,Gangtok Delight,9,public/images/packages/northeast-gangtok-delight-4d3n-v9.png,"Create a photorealistic travel image for ""Gangtok Delight"" — 4-day North East India holiday package, India. Scene: scenic highlights of living root bridges, Kaziranga, misty hills, tribal culture. Style: Coastal or lakeside calm water reflection composition. YatraNexus brand colors: navy #001b2a, orange #ff7a00, purple #4b2cff. Photorealistic, no text, no watermark. Technical: 3:2 landscape 1200×800."
northeast-gangtok-delight-4d3n-v10,package,Gangtok Delight,10,public/images/packages/northeast-gangtok-delight-4d3n-v10.png,"Create a photorealistic travel image for ""Gangtok Delight"" — 4-day North East India holiday package, India. Scene: scenic highlights of living root bridges, Kaziranga, misty hills, tribal culture. Style: Clean package-card thumbnail — subject centered, minimal clutter. YatraNexus brand colors: navy #001b2a, orange #ff7a00, purple #4b2cff. Photorealistic, no text, no watermark. Technical: 3:2 landscape 1200×800."
northeast-gangtok-north-sikkim-adventure-6d5n-v1,package,Gangtok & North Sikkim Adventure,1,public/images/packages/northeast-gangtok-north-sikkim-adventure-6d5n-v1.png,"Create a photorealistic travel image for ""Gangtok & North Sikkim Adventure"" — 6-day North East India holiday package, India. Scene: adventure living root bridges, Kaziranga, misty hills, tribal culture, thrilling outdoor. Style: Wide cinematic golden-hour landscape, premium travel brochure. YatraNexus brand colors: navy #001b2a, orange #ff7a00, purple #4b2cff. Photorealistic, no text, no watermark. Technical: 3:2 landscape 1200×800."
northeast-gangtok-north-sikkim-adventure-6d5n-v2,package,Gangtok & North Sikkim Adventure,2,public/images/packages/northeast-gangtok-north-sikkim-adventure-6d5n-v2.png,"Create a photorealistic travel image for ""Gangtok & North Sikkim Adventure"" — 6-day North East India holiday package, India. Scene: adventure living root bridges, Kaziranga, misty hills, tribal culture, thrilling outdoor. Style: Bright daylight vibrant colors, inviting family-friendly mood. YatraNexus brand colors: navy #001b2a, orange #ff7a00, purple #4b2cff. Photorealistic, no text, no watermark. Technical: 3:2 landscape 1200×800."
northeast-gangtok-north-sikkim-adventure-6d5n-v3,package,Gangtok & North Sikkim Adventure,3,public/images/packages/northeast-gangtok-north-sikkim-adventure-6d5n-v3.png,"Create a photorealistic travel image for ""Gangtok & North Sikkim Adventure"" — 6-day North East India holiday package, India. Scene: adventure living root bridges, Kaziranga, misty hills, tribal culture, thrilling outdoor. Style: Soft morning mist, peaceful serene atmosphere. YatraNexus brand colors: navy #001b2a, orange #ff7a00, purple #4b2cff. Photorealistic, no text, no watermark. Technical: 3:2 landscape 1200×800."
northeast-gangtok-north-sikkim-adventure-6d5n-v4,package,Gangtok & North Sikkim Adventure,4,public/images/packages/northeast-gangtok-north-sikkim-adventure-6d5n-v4.png,"Create a photorealistic travel image for ""Gangtok & North Sikkim Adventure"" — 6-day North East India holiday package, India. Scene: adventure living root bridges, Kaziranga, misty hills, tribal culture, thrilling outdoor. Style: Dramatic sunset warm orange-pink sky, romantic mood. YatraNexus brand colors: navy #001b2a, orange #ff7a00, purple #4b2cff. Photorealistic, no text, no watermark. Technical: 3:2 landscape 1200×800."
northeast-gangtok-north-sikkim-adventure-6d5n-v5,package,Gangtok & North Sikkim Adventure,5,public/images/packages/northeast-gangtok-north-sikkim-adventure-6d5n-v5.png,"Create a photorealistic travel image for ""Gangtok & North Sikkim Adventure"" — 6-day North East India holiday package, India. Scene: adventure living root bridges, Kaziranga, misty hills, tribal culture, thrilling outdoor. Style: Aerial drone bird's-eye view, epic panoramic scale. YatraNexus brand colors: navy #001b2a, orange #ff7a00, purple #4b2cff. Photorealistic, no text, no watermark. Technical: 3:2 landscape 1200×800."
northeast-gangtok-north-sikkim-adventure-6d5n-v6,package,Gangtok & North Sikkim Adventure,6,public/images/packages/northeast-gangtok-north-sikkim-adventure-6d5n-v6.png,"Create a photorealistic travel image for ""Gangtok & North Sikkim Adventure"" — 6-day North East India holiday package, India. Scene: adventure living root bridges, Kaziranga, misty hills, tribal culture, thrilling outdoor. Style: Close-up iconic landmark detail, shallow depth of field. YatraNexus brand colors: navy #001b2a, orange #ff7a00, purple #4b2cff. Photorealistic, no text, no watermark. Technical: 3:2 landscape 1200×800."
northeast-gangtok-north-sikkim-adventure-6d5n-v7,package,Gangtok & North Sikkim Adventure,7,public/images/packages/northeast-gangtok-north-sikkim-adventure-6d5n-v7.png,"Create a photorealistic travel image for ""Gangtok & North Sikkim Adventure"" — 6-day North East India holiday package, India. Scene: adventure living root bridges, Kaziranga, misty hills, tribal culture, thrilling outdoor. Style: Cultural heritage focus — temples, forts, or local architecture. YatraNexus brand colors: navy #001b2a, orange #ff7a00, purple #4b2cff. Photorealistic, no text, no watermark. Technical: 3:2 landscape 1200×800."
northeast-gangtok-north-sikkim-adventure-6d5n-v8,package,Gangtok & North Sikkim Adventure,8,public/images/packages/northeast-gangtok-north-sikkim-adventure-6d5n-v8.png,"Create a photorealistic travel image for ""Gangtok & North Sikkim Adventure"" — 6-day North East India holiday package, India. Scene: adventure living root bridges, Kaziranga, misty hills, tribal culture, thrilling outdoor. Style: Nature adventure — mountains, forests, rivers, wildlife hints. YatraNexus brand colors: navy #001b2a, orange #ff7a00, purple #4b2cff. Photorealistic, no text, no watermark. Technical: 3:2 landscape 1200×800."
northeast-gangtok-north-sikkim-adventure-6d5n-v9,package,Gangtok & North Sikkim Adventure,9,public/images/packages/northeast-gangtok-north-sikkim-adventure-6d5n-v9.png,"Create a photorealistic travel image for ""Gangtok & North Sikkim Adventure"" — 6-day North East India holiday package, India. Scene: adventure living root bridges, Kaziranga, misty hills, tribal culture, thrilling outdoor. Style: Coastal or lakeside calm water reflection composition. YatraNexus brand colors: navy #001b2a, orange #ff7a00, purple #4b2cff. Photorealistic, no text, no watermark. Technical: 3:2 landscape 1200×800."
northeast-gangtok-north-sikkim-adventure-6d5n-v10,package,Gangtok & North Sikkim Adventure,10,public/images/packages/northeast-gangtok-north-sikkim-adventure-6d5n-v10.png,"Create a photorealistic travel image for ""Gangtok & North Sikkim Adventure"" — 6-day North East India holiday package, India. Scene: adventure living root bridges, Kaziranga, misty hills, tribal culture, thrilling outdoor. Style: Clean package-card thumbnail — subject centered, minimal clutter. YatraNexus brand colors: navy #001b2a, orange #ff7a00, purple #4b2cff. Photorealistic, no text, no watermark. Technical: 3:2 landscape 1200×800."
northeast-complete-sikkim-explorer-featured-package-7d6n-v1,package,⭐ Complete Sikkim Explorer (Featured Package),1,public/images/packages/northeast-complete-sikkim-explorer-featured-package-7d6n-v1.png,"Create a photorealistic travel image for ""⭐ Complete Sikkim Explorer (Featured Package)"" — 7-day North East India holiday package, India. Scene: scenic highlights of living root bridges, Kaziranga, misty hills, tribal culture. Style: Wide cinematic golden-hour landscape, premium travel brochure. YatraNexus brand colors: navy #001b2a, orange #ff7a00, purple #4b2cff. Photorealistic, no text, no watermark. Technical: 3:2 landscape 1200×800."
northeast-complete-sikkim-explorer-featured-package-7d6n-v2,package,⭐ Complete Sikkim Explorer (Featured Package),2,public/images/packages/northeast-complete-sikkim-explorer-featured-package-7d6n-v2.png,"Create a photorealistic travel image for ""⭐ Complete Sikkim Explorer (Featured Package)"" — 7-day North East India holiday package, India. Scene: scenic highlights of living root bridges, Kaziranga, misty hills, tribal culture. Style: Bright daylight vibrant colors, inviting family-friendly mood. YatraNexus brand colors: navy #001b2a, orange #ff7a00, purple #4b2cff. Photorealistic, no text, no watermark. Technical: 3:2 landscape 1200×800."
northeast-complete-sikkim-explorer-featured-package-7d6n-v3,package,⭐ Complete Sikkim Explorer (Featured Package),3,public/images/packages/northeast-complete-sikkim-explorer-featured-package-7d6n-v3.png,"Create a photorealistic travel image for ""⭐ Complete Sikkim Explorer (Featured Package)"" — 7-day North East India holiday package, India. Scene: scenic highlights of living root bridges, Kaziranga, misty hills, tribal culture. Style: Soft morning mist, peaceful serene atmosphere. YatraNexus brand colors: navy #001b2a, orange #ff7a00, purple #4b2cff. Photorealistic, no text, no watermark. Technical: 3:2 landscape 1200×800."
northeast-complete-sikkim-explorer-featured-package-7d6n-v4,package,⭐ Complete Sikkim Explorer (Featured Package),4,public/images/packages/northeast-complete-sikkim-explorer-featured-package-7d6n-v4.png,"Create a photorealistic travel image for ""⭐ Complete Sikkim Explorer (Featured Package)"" — 7-day North East India holiday package, India. Scene: scenic highlights of living root bridges, Kaziranga, misty hills, tribal culture. Style: Dramatic sunset warm orange-pink sky, romantic mood. YatraNexus brand colors: navy #001b2a, orange #ff7a00, purple #4b2cff. Photorealistic, no text, no watermark. Technical: 3:2 landscape 1200×800."
northeast-complete-sikkim-explorer-featured-package-7d6n-v5,package,⭐ Complete Sikkim Explorer (Featured Package),5,public/images/packages/northeast-complete-sikkim-explorer-featured-package-7d6n-v5.png,"Create a photorealistic travel image for ""⭐ Complete Sikkim Explorer (Featured Package)"" — 7-day North East India holiday package, India. Scene: scenic highlights of living root bridges, Kaziranga, misty hills, tribal culture. Style: Aerial drone bird's-eye view, epic panoramic scale. YatraNexus brand colors: navy #001b2a, orange #ff7a00, purple #4b2cff. Photorealistic, no text, no watermark. Technical: 3:2 landscape 1200×800."
northeast-complete-sikkim-explorer-featured-package-7d6n-v6,package,⭐ Complete Sikkim Explorer (Featured Package),6,public/images/packages/northeast-complete-sikkim-explorer-featured-package-7d6n-v6.png,"Create a photorealistic travel image for ""⭐ Complete Sikkim Explorer (Featured Package)"" — 7-day North East India holiday package, India. Scene: scenic highlights of living root bridges, Kaziranga, misty hills, tribal culture. Style: Close-up iconic landmark detail, shallow depth of field. YatraNexus brand colors: navy #001b2a, orange #ff7a00, purple #4b2cff. Photorealistic, no text, no watermark. Technical: 3:2 landscape 1200×800."
northeast-complete-sikkim-explorer-featured-package-7d6n-v7,package,⭐ Complete Sikkim Explorer (Featured Package),7,public/images/packages/northeast-complete-sikkim-explorer-featured-package-7d6n-v7.png,"Create a photorealistic travel image for ""⭐ Complete Sikkim Explorer (Featured Package)"" — 7-day North East India holiday package, India. Scene: scenic highlights of living root bridges, Kaziranga, misty hills, tribal culture. Style: Cultural heritage focus — temples, forts, or local architecture. YatraNexus brand colors: navy #001b2a, orange #ff7a00, purple #4b2cff. Photorealistic, no text, no watermark. Technical: 3:2 landscape 1200×800."
northeast-complete-sikkim-explorer-featured-package-7d6n-v8,package,⭐ Complete Sikkim Explorer (Featured Package),8,public/images/packages/northeast-complete-sikkim-explorer-featured-package-7d6n-v8.png,"Create a photorealistic travel image for ""⭐ Complete Sikkim Explorer (Featured Package)"" — 7-day North East India holiday package, India. Scene: scenic highlights of living root bridges, Kaziranga, misty hills, tribal culture. Style: Nature adventure — mountains, forests, rivers, wildlife hints. YatraNexus brand colors: navy #001b2a, orange #ff7a00, purple #4b2cff. Photorealistic, no text, no watermark. Technical: 3:2 landscape 1200×800."
northeast-complete-sikkim-explorer-featured-package-7d6n-v9,package,⭐ Complete Sikkim Explorer (Featured Package),9,public/images/packages/northeast-complete-sikkim-explorer-featured-package-7d6n-v9.png,"Create a photorealistic travel image for ""⭐ Complete Sikkim Explorer (Featured Package)"" — 7-day North East India holiday package, India. Scene: scenic highlights of living root bridges, Kaziranga, misty hills, tribal culture. Style: Coastal or lakeside calm water reflection composition. YatraNexus brand colors: navy #001b2a, orange #ff7a00, purple #4b2cff. Photorealistic, no text, no watermark. Technical: 3:2 landscape 1200×800."
northeast-complete-sikkim-explorer-featured-package-7d6n-v10,package,⭐ Complete Sikkim Explorer (Featured Package),10,public/images/packages/northeast-complete-sikkim-explorer-featured-package-7d6n-v10.png,"Create a photorealistic travel image for ""⭐ Complete Sikkim Explorer (Featured Package)"" — 7-day North East India holiday package, India. Scene: scenic highlights of living root bridges, Kaziranga, misty hills, tribal culture. Style: Clean package-card thumbnail — subject centered, minimal clutter. YatraNexus brand colors: navy #001b2a, orange #ff7a00, purple #4b2cff. Photorealistic, no text, no watermark. Technical: 3:2 landscape 1200×800."
northeast-tawang-escape-5d4n-v1,package,Tawang Escape,1,public/images/packages/northeast-tawang-escape-5d4n-v1.png,"Create a photorealistic travel image for ""Tawang Escape"" — 5-day North East India holiday package, India. Scene: scenic highlights of living root bridges, Kaziranga, misty hills, tribal culture. Style: Wide cinematic golden-hour landscape, premium travel brochure. YatraNexus brand colors: navy #001b2a, orange #ff7a00, purple #4b2cff. Photorealistic, no text, no watermark. Technical: 3:2 landscape 1200×800."
northeast-tawang-escape-5d4n-v2,package,Tawang Escape,2,public/images/packages/northeast-tawang-escape-5d4n-v2.png,"Create a photorealistic travel image for ""Tawang Escape"" — 5-day North East India holiday package, India. Scene: scenic highlights of living root bridges, Kaziranga, misty hills, tribal culture. Style: Bright daylight vibrant colors, inviting family-friendly mood. YatraNexus brand colors: navy #001b2a, orange #ff7a00, purple #4b2cff. Photorealistic, no text, no watermark. Technical: 3:2 landscape 1200×800."
northeast-tawang-escape-5d4n-v3,package,Tawang Escape,3,public/images/packages/northeast-tawang-escape-5d4n-v3.png,"Create a photorealistic travel image for ""Tawang Escape"" — 5-day North East India holiday package, India. Scene: scenic highlights of living root bridges, Kaziranga, misty hills, tribal culture. Style: Soft morning mist, peaceful serene atmosphere. YatraNexus brand colors: navy #001b2a, orange #ff7a00, purple #4b2cff. Photorealistic, no text, no watermark. Technical: 3:2 landscape 1200×800."
northeast-tawang-escape-5d4n-v4,package,Tawang Escape,4,public/images/packages/northeast-tawang-escape-5d4n-v4.png,"Create a photorealistic travel image for ""Tawang Escape"" — 5-day North East India holiday package, India. Scene: scenic highlights of living root bridges, Kaziranga, misty hills, tribal culture. Style: Dramatic sunset warm orange-pink sky, romantic mood. YatraNexus brand colors: navy #001b2a, orange #ff7a00, purple #4b2cff. Photorealistic, no text, no watermark. Technical: 3:2 landscape 1200×800."
northeast-tawang-escape-5d4n-v5,package,Tawang Escape,5,public/images/packages/northeast-tawang-escape-5d4n-v5.png,"Create a photorealistic travel image for ""Tawang Escape"" — 5-day North East India holiday package, India. Scene: scenic highlights of living root bridges, Kaziranga, misty hills, tribal culture. Style: Aerial drone bird's-eye view, epic panoramic scale. YatraNexus brand colors: navy #001b2a, orange #ff7a00, purple #4b2cff. Photorealistic, no text, no watermark. Technical: 3:2 landscape 1200×800."
northeast-tawang-escape-5d4n-v6,package,Tawang Escape,6,public/images/packages/northeast-tawang-escape-5d4n-v6.png,"Create a photorealistic travel image for ""Tawang Escape"" — 5-day North East India holiday package, India. Scene: scenic highlights of living root bridges, Kaziranga, misty hills, tribal culture. Style: Close-up iconic landmark detail, shallow depth of field. YatraNexus brand colors: navy #001b2a, orange #ff7a00, purple #4b2cff. Photorealistic, no text, no watermark. Technical: 3:2 landscape 1200×800."
northeast-tawang-escape-5d4n-v7,package,Tawang Escape,7,public/images/packages/northeast-tawang-escape-5d4n-v7.png,"Create a photorealistic travel image for ""Tawang Escape"" — 5-day North East India holiday package, India. Scene: scenic highlights of living root bridges, Kaziranga, misty hills, tribal culture. Style: Cultural heritage focus — temples, forts, or local architecture. YatraNexus brand colors: navy #001b2a, orange #ff7a00, purple #4b2cff. Photorealistic, no text, no watermark. Technical: 3:2 landscape 1200×800."
northeast-tawang-escape-5d4n-v8,package,Tawang Escape,8,public/images/packages/northeast-tawang-escape-5d4n-v8.png,"Create a photorealistic travel image for ""Tawang Escape"" — 5-day North East India holiday package, India. Scene: scenic highlights of living root bridges, Kaziranga, misty hills, tribal culture. Style: Nature adventure — mountains, forests, rivers, wildlife hints. YatraNexus brand colors: navy #001b2a, orange #ff7a00, purple #4b2cff. Photorealistic, no text, no watermark. Technical: 3:2 landscape 1200×800."
northeast-tawang-escape-5d4n-v9,package,Tawang Escape,9,public/images/packages/northeast-tawang-escape-5d4n-v9.png,"Create a photorealistic travel image for ""Tawang Escape"" — 5-day North East India holiday package, India. Scene: scenic highlights of living root bridges, Kaziranga, misty hills, tribal culture. Style: Coastal or lakeside calm water reflection composition. YatraNexus brand colors: navy #001b2a, orange #ff7a00, purple #4b2cff. Photorealistic, no text, no watermark. Technical: 3:2 landscape 1200×800."
northeast-tawang-escape-5d4n-v10,package,Tawang Escape,10,public/images/packages/northeast-tawang-escape-5d4n-v10.png,"Create a photorealistic travel image for ""Tawang Escape"" — 5-day North East India holiday package, India. Scene: scenic highlights of living root bridges, Kaziranga, misty hills, tribal culture. Style: Clean package-card thumbnail — subject centered, minimal clutter. YatraNexus brand colors: navy #001b2a, orange #ff7a00, purple #4b2cff. Photorealistic, no text, no watermark. Technical: 3:2 landscape 1200×800."
northeast-dirang-bomdila-tawang-tour-6d5n-v1,package,Dirang – Bomdila – Tawang Tour,1,public/images/packages/northeast-dirang-bomdila-tawang-tour-6d5n-v1.png,"Create a photorealistic travel image for ""Dirang – Bomdila – Tawang Tour"" — 6-day North East India holiday package, India. Scene: scenic highlights of living root bridges, Kaziranga, misty hills, tribal culture. Style: Wide cinematic golden-hour landscape, premium travel brochure. YatraNexus brand colors: navy #001b2a, orange #ff7a00, purple #4b2cff. Photorealistic, no text, no watermark. Technical: 3:2 landscape 1200×800."
northeast-dirang-bomdila-tawang-tour-6d5n-v2,package,Dirang – Bomdila – Tawang Tour,2,public/images/packages/northeast-dirang-bomdila-tawang-tour-6d5n-v2.png,"Create a photorealistic travel image for ""Dirang – Bomdila – Tawang Tour"" — 6-day North East India holiday package, India. Scene: scenic highlights of living root bridges, Kaziranga, misty hills, tribal culture. Style: Bright daylight vibrant colors, inviting family-friendly mood. YatraNexus brand colors: navy #001b2a, orange #ff7a00, purple #4b2cff. Photorealistic, no text, no watermark. Technical: 3:2 landscape 1200×800."
northeast-dirang-bomdila-tawang-tour-6d5n-v3,package,Dirang – Bomdila – Tawang Tour,3,public/images/packages/northeast-dirang-bomdila-tawang-tour-6d5n-v3.png,"Create a photorealistic travel image for ""Dirang – Bomdila – Tawang Tour"" — 6-day North East India holiday package, India. Scene: scenic highlights of living root bridges, Kaziranga, misty hills, tribal culture. Style: Soft morning mist, peaceful serene atmosphere. YatraNexus brand colors: navy #001b2a, orange #ff7a00, purple #4b2cff. Photorealistic, no text, no watermark. Technical: 3:2 landscape 1200×800."
northeast-dirang-bomdila-tawang-tour-6d5n-v4,package,Dirang – Bomdila – Tawang Tour,4,public/images/packages/northeast-dirang-bomdila-tawang-tour-6d5n-v4.png,"Create a photorealistic travel image for ""Dirang – Bomdila – Tawang Tour"" — 6-day North East India holiday package, India. Scene: scenic highlights of living root bridges, Kaziranga, misty hills, tribal culture. Style: Dramatic sunset warm orange-pink sky, romantic mood. YatraNexus brand colors: navy #001b2a, orange #ff7a00, purple #4b2cff. Photorealistic, no text, no watermark. Technical: 3:2 landscape 1200×800."
northeast-dirang-bomdila-tawang-tour-6d5n-v5,package,Dirang – Bomdila – Tawang Tour,5,public/images/packages/northeast-dirang-bomdila-tawang-tour-6d5n-v5.png,"Create a photorealistic travel image for ""Dirang – Bomdila – Tawang Tour"" — 6-day North East India holiday package, India. Scene: scenic highlights of living root bridges, Kaziranga, misty hills, tribal culture. Style: Aerial drone bird's-eye view, epic panoramic scale. YatraNexus brand colors: navy #001b2a, orange #ff7a00, purple #4b2cff. Photorealistic, no text, no watermark. Technical: 3:2 landscape 1200×800."
northeast-dirang-bomdila-tawang-tour-6d5n-v6,package,Dirang – Bomdila – Tawang Tour,6,public/images/packages/northeast-dirang-bomdila-tawang-tour-6d5n-v6.png,"Create a photorealistic travel image for ""Dirang – Bomdila – Tawang Tour"" — 6-day North East India holiday package, India. Scene: scenic highlights of living root bridges, Kaziranga, misty hills, tribal culture. Style: Close-up iconic landmark detail, shallow depth of field. YatraNexus brand colors: navy #001b2a, orange #ff7a00, purple #4b2cff. Photorealistic, no text, no watermark. Technical: 3:2 landscape 1200×800."
northeast-dirang-bomdila-tawang-tour-6d5n-v7,package,Dirang – Bomdila – Tawang Tour,7,public/images/packages/northeast-dirang-bomdila-tawang-tour-6d5n-v7.png,"Create a photorealistic travel image for ""Dirang – Bomdila – Tawang Tour"" — 6-day North East India holiday package, India. Scene: scenic highlights of living root bridges, Kaziranga, misty hills, tribal culture. Style: Cultural heritage focus — temples, forts, or local architecture. YatraNexus brand colors: navy #001b2a, orange #ff7a00, purple #4b2cff. Photorealistic, no text, no watermark. Technical: 3:2 landscape 1200×800."
northeast-dirang-bomdila-tawang-tour-6d5n-v8,package,Dirang – Bomdila – Tawang Tour,8,public/images/packages/northeast-dirang-bomdila-tawang-tour-6d5n-v8.png,"Create a photorealistic travel image for ""Dirang – Bomdila – Tawang Tour"" — 6-day North East India holiday package, India. Scene: scenic highlights of living root bridges, Kaziranga, misty hills, tribal culture. Style: Nature adventure — mountains, forests, rivers, wildlife hints. YatraNexus brand colors: navy #001b2a, orange #ff7a00, purple #4b2cff. Photorealistic, no text, no watermark. Technical: 3:2 landscape 1200×800."
northeast-dirang-bomdila-tawang-tour-6d5n-v9,package,Dirang – Bomdila – Tawang Tour,9,public/images/packages/northeast-dirang-bomdila-tawang-tour-6d5n-v9.png,"Create a photorealistic travel image for ""Dirang – Bomdila – Tawang Tour"" — 6-day North East India holiday package, India. Scene: scenic highlights of living root bridges, Kaziranga, misty hills, tribal culture. Style: Coastal or lakeside calm water reflection composition. YatraNexus brand colors: navy #001b2a, orange #ff7a00, purple #4b2cff. Photorealistic, no text, no watermark. Technical: 3:2 landscape 1200×800."
northeast-dirang-bomdila-tawang-tour-6d5n-v10,package,Dirang – Bomdila – Tawang Tour,10,public/images/packages/northeast-dirang-bomdila-tawang-tour-6d5n-v10.png,"Create a photorealistic travel image for ""Dirang – Bomdila – Tawang Tour"" — 6-day North East India holiday package, India. Scene: scenic highlights of living root bridges, Kaziranga, misty hills, tribal culture. Style: Clean package-card thumbnail — subject centered, minimal clutter. YatraNexus brand colors: navy #001b2a, orange #ff7a00, purple #4b2cff. Photorealistic, no text, no watermark. Technical: 3:2 landscape 1200×800."
northeast-complete-arunachal-explorer-featured-package-7d6n-v1,package,⭐ Complete Arunachal Explorer (Featured Package),1,public/images/packages/northeast-complete-arunachal-explorer-featured-package-7d6n-v1.png,"Create a photorealistic travel image for ""⭐ Complete Arunachal Explorer (Featured Package)"" — 7-day North East India holiday package, India. Scene: scenic highlights of living root bridges, Kaziranga, misty hills, tribal culture. Style: Wide cinematic golden-hour landscape, premium travel brochure. YatraNexus brand colors: navy #001b2a, orange #ff7a00, purple #4b2cff. Photorealistic, no text, no watermark. Technical: 3:2 landscape 1200×800."
northeast-complete-arunachal-explorer-featured-package-7d6n-v2,package,⭐ Complete Arunachal Explorer (Featured Package),2,public/images/packages/northeast-complete-arunachal-explorer-featured-package-7d6n-v2.png,"Create a photorealistic travel image for ""⭐ Complete Arunachal Explorer (Featured Package)"" — 7-day North East India holiday package, India. Scene: scenic highlights of living root bridges, Kaziranga, misty hills, tribal culture. Style: Bright daylight vibrant colors, inviting family-friendly mood. YatraNexus brand colors: navy #001b2a, orange #ff7a00, purple #4b2cff. Photorealistic, no text, no watermark. Technical: 3:2 landscape 1200×800."
northeast-complete-arunachal-explorer-featured-package-7d6n-v3,package,⭐ Complete Arunachal Explorer (Featured Package),3,public/images/packages/northeast-complete-arunachal-explorer-featured-package-7d6n-v3.png,"Create a photorealistic travel image for ""⭐ Complete Arunachal Explorer (Featured Package)"" — 7-day North East India holiday package, India. Scene: scenic highlights of living root bridges, Kaziranga, misty hills, tribal culture. Style: Soft morning mist, peaceful serene atmosphere. YatraNexus brand colors: navy #001b2a, orange #ff7a00, purple #4b2cff. Photorealistic, no text, no watermark. Technical: 3:2 landscape 1200×800."
northeast-complete-arunachal-explorer-featured-package-7d6n-v4,package,⭐ Complete Arunachal Explorer (Featured Package),4,public/images/packages/northeast-complete-arunachal-explorer-featured-package-7d6n-v4.png,"Create a photorealistic travel image for ""⭐ Complete Arunachal Explorer (Featured Package)"" — 7-day North East India holiday package, India. Scene: scenic highlights of living root bridges, Kaziranga, misty hills, tribal culture. Style: Dramatic sunset warm orange-pink sky, romantic mood. YatraNexus brand colors: navy #001b2a, orange #ff7a00, purple #4b2cff. Photorealistic, no text, no watermark. Technical: 3:2 landscape 1200×800."
northeast-complete-arunachal-explorer-featured-package-7d6n-v5,package,⭐ Complete Arunachal Explorer (Featured Package),5,public/images/packages/northeast-complete-arunachal-explorer-featured-package-7d6n-v5.png,"Create a photorealistic travel image for ""⭐ Complete Arunachal Explorer (Featured Package)"" — 7-day North East India holiday package, India. Scene: scenic highlights of living root bridges, Kaziranga, misty hills, tribal culture. Style: Aerial drone bird's-eye view, epic panoramic scale. YatraNexus brand colors: navy #001b2a, orange #ff7a00, purple #4b2cff. Photorealistic, no text, no watermark. Technical: 3:2 landscape 1200×800."
northeast-complete-arunachal-explorer-featured-package-7d6n-v6,package,⭐ Complete Arunachal Explorer (Featured Package),6,public/images/packages/northeast-complete-arunachal-explorer-featured-package-7d6n-v6.png,"Create a photorealistic travel image for ""⭐ Complete Arunachal Explorer (Featured Package)"" — 7-day North East India holiday package, India. Scene: scenic highlights of living root bridges, Kaziranga, misty hills, tribal culture. Style: Close-up iconic landmark detail, shallow depth of field. YatraNexus brand colors: navy #001b2a, orange #ff7a00, purple #4b2cff. Photorealistic, no text, no watermark. Technical: 3:2 landscape 1200×800."
northeast-complete-arunachal-explorer-featured-package-7d6n-v7,package,⭐ Complete Arunachal Explorer (Featured Package),7,public/images/packages/northeast-complete-arunachal-explorer-featured-package-7d6n-v7.png,"Create a photorealistic travel image for ""⭐ Complete Arunachal Explorer (Featured Package)"" — 7-day North East India holiday package, India. Scene: scenic highlights of living root bridges, Kaziranga, misty hills, tribal culture. Style: Cultural heritage focus — temples, forts, or local architecture. YatraNexus brand colors: navy #001b2a, orange #ff7a00, purple #4b2cff. Photorealistic, no text, no watermark. Technical: 3:2 landscape 1200×800."
northeast-complete-arunachal-explorer-featured-package-7d6n-v8,package,⭐ Complete Arunachal Explorer (Featured Package),8,public/images/packages/northeast-complete-arunachal-explorer-featured-package-7d6n-v8.png,"Create a photorealistic travel image for ""⭐ Complete Arunachal Explorer (Featured Package)"" — 7-day North East India holiday package, India. Scene: scenic highlights of living root bridges, Kaziranga, misty hills, tribal culture. Style: Nature adventure — mountains, forests, rivers, wildlife hints. YatraNexus brand colors: navy #001b2a, orange #ff7a00, purple #4b2cff. Photorealistic, no text, no watermark. Technical: 3:2 landscape 1200×800."
northeast-complete-arunachal-explorer-featured-package-7d6n-v9,package,⭐ Complete Arunachal Explorer (Featured Package),9,public/images/packages/northeast-complete-arunachal-explorer-featured-package-7d6n-v9.png,"Create a photorealistic travel image for ""⭐ Complete Arunachal Explorer (Featured Package)"" — 7-day North East India holiday package, India. Scene: scenic highlights of living root bridges, Kaziranga, misty hills, tribal culture. Style: Coastal or lakeside calm water reflection composition. YatraNexus brand colors: navy #001b2a, orange #ff7a00, purple #4b2cff. Photorealistic, no text, no watermark. Technical: 3:2 landscape 1200×800."
northeast-complete-arunachal-explorer-featured-package-7d6n-v10,package,⭐ Complete Arunachal Explorer (Featured Package),10,public/images/packages/northeast-complete-arunachal-explorer-featured-package-7d6n-v10.png,"Create a photorealistic travel image for ""⭐ Complete Arunachal Explorer (Featured Package)"" — 7-day North East India holiday package, India. Scene: scenic highlights of living root bridges, Kaziranga, misty hills, tribal culture. Style: Clean package-card thumbnail — subject centered, minimal clutter. YatraNexus brand colors: navy #001b2a, orange #ff7a00, purple #4b2cff. Photorealistic, no text, no watermark. Technical: 3:2 landscape 1200×800."
northeast-seven-sisters-highlights-7d6n-v1,package,Seven Sisters Highlights,1,public/images/packages/northeast-seven-sisters-highlights-7d6n-v1.png,"Create a photorealistic travel image for ""Seven Sisters Highlights"" — 7-day North East India holiday package, India. Scene: scenic highlights of living root bridges, Kaziranga, misty hills, tribal culture. Style: Wide cinematic golden-hour landscape, premium travel brochure. YatraNexus brand colors: navy #001b2a, orange #ff7a00, purple #4b2cff. Photorealistic, no text, no watermark. Technical: 3:2 landscape 1200×800."
northeast-seven-sisters-highlights-7d6n-v2,package,Seven Sisters Highlights,2,public/images/packages/northeast-seven-sisters-highlights-7d6n-v2.png,"Create a photorealistic travel image for ""Seven Sisters Highlights"" — 7-day North East India holiday package, India. Scene: scenic highlights of living root bridges, Kaziranga, misty hills, tribal culture. Style: Bright daylight vibrant colors, inviting family-friendly mood. YatraNexus brand colors: navy #001b2a, orange #ff7a00, purple #4b2cff. Photorealistic, no text, no watermark. Technical: 3:2 landscape 1200×800."
northeast-seven-sisters-highlights-7d6n-v3,package,Seven Sisters Highlights,3,public/images/packages/northeast-seven-sisters-highlights-7d6n-v3.png,"Create a photorealistic travel image for ""Seven Sisters Highlights"" — 7-day North East India holiday package, India. Scene: scenic highlights of living root bridges, Kaziranga, misty hills, tribal culture. Style: Soft morning mist, peaceful serene atmosphere. YatraNexus brand colors: navy #001b2a, orange #ff7a00, purple #4b2cff. Photorealistic, no text, no watermark. Technical: 3:2 landscape 1200×800."
northeast-seven-sisters-highlights-7d6n-v4,package,Seven Sisters Highlights,4,public/images/packages/northeast-seven-sisters-highlights-7d6n-v4.png,"Create a photorealistic travel image for ""Seven Sisters Highlights"" — 7-day North East India holiday package, India. Scene: scenic highlights of living root bridges, Kaziranga, misty hills, tribal culture. Style: Dramatic sunset warm orange-pink sky, romantic mood. YatraNexus brand colors: navy #001b2a, orange #ff7a00, purple #4b2cff. Photorealistic, no text, no watermark. Technical: 3:2 landscape 1200×800."
northeast-seven-sisters-highlights-7d6n-v5,package,Seven Sisters Highlights,5,public/images/packages/northeast-seven-sisters-highlights-7d6n-v5.png,"Create a photorealistic travel image for ""Seven Sisters Highlights"" — 7-day North East India holiday package, India. Scene: scenic highlights of living root bridges, Kaziranga, misty hills, tribal culture. Style: Aerial drone bird's-eye view, epic panoramic scale. YatraNexus brand colors: navy #001b2a, orange #ff7a00, purple #4b2cff. Photorealistic, no text, no watermark. Technical: 3:2 landscape 1200×800."
northeast-seven-sisters-highlights-7d6n-v6,package,Seven Sisters Highlights,6,public/images/packages/northeast-seven-sisters-highlights-7d6n-v6.png,"Create a photorealistic travel image for ""Seven Sisters Highlights"" — 7-day North East India holiday package, India. Scene: scenic highlights of living root bridges, Kaziranga, misty hills, tribal culture. Style: Close-up iconic landmark detail, shallow depth of field. YatraNexus brand colors: navy #001b2a, orange #ff7a00, purple #4b2cff. Photorealistic, no text, no watermark. Technical: 3:2 landscape 1200×800."
northeast-seven-sisters-highlights-7d6n-v7,package,Seven Sisters Highlights,7,public/images/packages/northeast-seven-sisters-highlights-7d6n-v7.png,"Create a photorealistic travel image for ""Seven Sisters Highlights"" — 7-day North East India holiday package, India. Scene: scenic highlights of living root bridges, Kaziranga, misty hills, tribal culture. Style: Cultural heritage focus — temples, forts, or local architecture. YatraNexus brand colors: navy #001b2a, orange #ff7a00, purple #4b2cff. Photorealistic, no text, no watermark. Technical: 3:2 landscape 1200×800."
northeast-seven-sisters-highlights-7d6n-v8,package,Seven Sisters Highlights,8,public/images/packages/northeast-seven-sisters-highlights-7d6n-v8.png,"Create a photorealistic travel image for ""Seven Sisters Highlights"" — 7-day North East India holiday package, India. Scene: scenic highlights of living root bridges, Kaziranga, misty hills, tribal culture. Style: Nature adventure — mountains, forests, rivers, wildlife hints. YatraNexus brand colors: navy #001b2a, orange #ff7a00, purple #4b2cff. Photorealistic, no text, no watermark. Technical: 3:2 landscape 1200×800."
northeast-seven-sisters-highlights-7d6n-v9,package,Seven Sisters Highlights,9,public/images/packages/northeast-seven-sisters-highlights-7d6n-v9.png,"Create a photorealistic travel image for ""Seven Sisters Highlights"" — 7-day North East India holiday package, India. Scene: scenic highlights of living root bridges, Kaziranga, misty hills, tribal culture. Style: Coastal or lakeside calm water reflection composition. YatraNexus brand colors: navy #001b2a, orange #ff7a00, purple #4b2cff. Photorealistic, no text, no watermark. Technical: 3:2 landscape 1200×800."
northeast-seven-sisters-highlights-7d6n-v10,package,Seven Sisters Highlights,10,public/images/packages/northeast-seven-sisters-highlights-7d6n-v10.png,"Create a photorealistic travel image for ""Seven Sisters Highlights"" — 7-day North East India holiday package, India. Scene: scenic highlights of living root bridges, Kaziranga, misty hills, tribal culture. Style: Clean package-card thumbnail — subject centered, minimal clutter. YatraNexus brand colors: navy #001b2a, orange #ff7a00, purple #4b2cff. Photorealistic, no text, no watermark. Technical: 3:2 landscape 1200×800."
northeast-eastern-himalaya-explorer-8d7n-v1,package,Eastern Himalaya Explorer,1,public/images/packages/northeast-eastern-himalaya-explorer-8d7n-v1.png,"Create a photorealistic travel image for ""Eastern Himalaya Explorer"" — 8-day North East India holiday package, India. Scene: scenic highlights of living root bridges, Kaziranga, misty hills, tribal culture. Style: Wide cinematic golden-hour landscape, premium travel brochure. YatraNexus brand colors: navy #001b2a, orange #ff7a00, purple #4b2cff. Photorealistic, no text, no watermark. Technical: 3:2 landscape 1200×800."
northeast-eastern-himalaya-explorer-8d7n-v2,package,Eastern Himalaya Explorer,2,public/images/packages/northeast-eastern-himalaya-explorer-8d7n-v2.png,"Create a photorealistic travel image for ""Eastern Himalaya Explorer"" — 8-day North East India holiday package, India. Scene: scenic highlights of living root bridges, Kaziranga, misty hills, tribal culture. Style: Bright daylight vibrant colors, inviting family-friendly mood. YatraNexus brand colors: navy #001b2a, orange #ff7a00, purple #4b2cff. Photorealistic, no text, no watermark. Technical: 3:2 landscape 1200×800."
northeast-eastern-himalaya-explorer-8d7n-v3,package,Eastern Himalaya Explorer,3,public/images/packages/northeast-eastern-himalaya-explorer-8d7n-v3.png,"Create a photorealistic travel image for ""Eastern Himalaya Explorer"" — 8-day North East India holiday package, India. Scene: scenic highlights of living root bridges, Kaziranga, misty hills, tribal culture. Style: Soft morning mist, peaceful serene atmosphere. YatraNexus brand colors: navy #001b2a, orange #ff7a00, purple #4b2cff. Photorealistic, no text, no watermark. Technical: 3:2 landscape 1200×800."
northeast-eastern-himalaya-explorer-8d7n-v4,package,Eastern Himalaya Explorer,4,public/images/packages/northeast-eastern-himalaya-explorer-8d7n-v4.png,"Create a photorealistic travel image for ""Eastern Himalaya Explorer"" — 8-day North East India holiday package, India. Scene: scenic highlights of living root bridges, Kaziranga, misty hills, tribal culture. Style: Dramatic sunset warm orange-pink sky, romantic mood. YatraNexus brand colors: navy #001b2a, orange #ff7a00, purple #4b2cff. Photorealistic, no text, no watermark. Technical: 3:2 landscape 1200×800."
northeast-eastern-himalaya-explorer-8d7n-v5,package,Eastern Himalaya Explorer,5,public/images/packages/northeast-eastern-himalaya-explorer-8d7n-v5.png,"Create a photorealistic travel image for ""Eastern Himalaya Explorer"" — 8-day North East India holiday package, India. Scene: scenic highlights of living root bridges, Kaziranga, misty hills, tribal culture. Style: Aerial drone bird's-eye view, epic panoramic scale. YatraNexus brand colors: navy #001b2a, orange #ff7a00, purple #4b2cff. Photorealistic, no text, no watermark. Technical: 3:2 landscape 1200×800."
northeast-eastern-himalaya-explorer-8d7n-v6,package,Eastern Himalaya Explorer,6,public/images/packages/northeast-eastern-himalaya-explorer-8d7n-v6.png,"Create a photorealistic travel image for ""Eastern Himalaya Explorer"" — 8-day North East India holiday package, India. Scene: scenic highlights of living root bridges, Kaziranga, misty hills, tribal culture. Style: Close-up iconic landmark detail, shallow depth of field. YatraNexus brand colors: navy #001b2a, orange #ff7a00, purple #4b2cff. Photorealistic, no text, no watermark. Technical: 3:2 landscape 1200×800."
northeast-eastern-himalaya-explorer-8d7n-v7,package,Eastern Himalaya Explorer,7,public/images/packages/northeast-eastern-himalaya-explorer-8d7n-v7.png,"Create a photorealistic travel image for ""Eastern Himalaya Explorer"" — 8-day North East India holiday package, India. Scene: scenic highlights of living root bridges, Kaziranga, misty hills, tribal culture. Style: Cultural heritage focus — temples, forts, or local architecture. YatraNexus brand colors: navy #001b2a, orange #ff7a00, purple #4b2cff. Photorealistic, no text, no watermark. Technical: 3:2 landscape 1200×800."
northeast-eastern-himalaya-explorer-8d7n-v8,package,Eastern Himalaya Explorer,8,public/images/packages/northeast-eastern-himalaya-explorer-8d7n-v8.png,"Create a photorealistic travel image for ""Eastern Himalaya Explorer"" — 8-day North East India holiday package, India. Scene: scenic highlights of living root bridges, Kaziranga, misty hills, tribal culture. Style: Nature adventure — mountains, forests, rivers, wildlife hints. YatraNexus brand colors: navy #001b2a, orange #ff7a00, purple #4b2cff. Photorealistic, no text, no watermark. Technical: 3:2 landscape 1200×800."
northeast-eastern-himalaya-explorer-8d7n-v9,package,Eastern Himalaya Explorer,9,public/images/packages/northeast-eastern-himalaya-explorer-8d7n-v9.png,"Create a photorealistic travel image for ""Eastern Himalaya Explorer"" — 8-day North East India holiday package, India. Scene: scenic highlights of living root bridges, Kaziranga, misty hills, tribal culture. Style: Coastal or lakeside calm water reflection composition. YatraNexus brand colors: navy #001b2a, orange #ff7a00, purple #4b2cff. Photorealistic, no text, no watermark. Technical: 3:2 landscape 1200×800."
northeast-eastern-himalaya-explorer-8d7n-v10,package,Eastern Himalaya Explorer,10,public/images/packages/northeast-eastern-himalaya-explorer-8d7n-v10.png,"Create a photorealistic travel image for ""Eastern Himalaya Explorer"" — 8-day North East India holiday package, India. Scene: scenic highlights of living root bridges, Kaziranga, misty hills, tribal culture. Style: Clean package-card thumbnail — subject centered, minimal clutter. YatraNexus brand colors: navy #001b2a, orange #ff7a00, purple #4b2cff. Photorealistic, no text, no watermark. Technical: 3:2 landscape 1200×800."
northeast-complete-north-east-grand-tour-featured-package-11d10n-v1,package,⭐ Complete North East Grand Tour (Featured Package),1,public/images/packages/northeast-complete-north-east-grand-tour-featured-package-11d10n-v1.png,"Create a photorealistic travel image for ""⭐ Complete North East Grand Tour (Featured Package)"" — 11-day North East India holiday package, India. Scene: heritage circuit living root bridges, Kaziranga, misty hills, tribal culture. Style: Wide cinematic golden-hour landscape, premium travel brochure. YatraNexus brand colors: navy #001b2a, orange #ff7a00, purple #4b2cff. Photorealistic, no text, no watermark. Technical: 3:2 landscape 1200×800."
northeast-complete-north-east-grand-tour-featured-package-11d10n-v2,package,⭐ Complete North East Grand Tour (Featured Package),2,public/images/packages/northeast-complete-north-east-grand-tour-featured-package-11d10n-v2.png,"Create a photorealistic travel image for ""⭐ Complete North East Grand Tour (Featured Package)"" — 11-day North East India holiday package, India. Scene: heritage circuit living root bridges, Kaziranga, misty hills, tribal culture. Style: Bright daylight vibrant colors, inviting family-friendly mood. YatraNexus brand colors: navy #001b2a, orange #ff7a00, purple #4b2cff. Photorealistic, no text, no watermark. Technical: 3:2 landscape 1200×800."
northeast-complete-north-east-grand-tour-featured-package-11d10n-v3,package,⭐ Complete North East Grand Tour (Featured Package),3,public/images/packages/northeast-complete-north-east-grand-tour-featured-package-11d10n-v3.png,"Create a photorealistic travel image for ""⭐ Complete North East Grand Tour (Featured Package)"" — 11-day North East India holiday package, India. Scene: heritage circuit living root bridges, Kaziranga, misty hills, tribal culture. Style: Soft morning mist, peaceful serene atmosphere. YatraNexus brand colors: navy #001b2a, orange #ff7a00, purple #4b2cff. Photorealistic, no text, no watermark. Technical: 3:2 landscape 1200×800."
northeast-complete-north-east-grand-tour-featured-package-11d10n-v4,package,⭐ Complete North East Grand Tour (Featured Package),4,public/images/packages/northeast-complete-north-east-grand-tour-featured-package-11d10n-v4.png,"Create a photorealistic travel image for ""⭐ Complete North East Grand Tour (Featured Package)"" — 11-day North East India holiday package, India. Scene: heritage circuit living root bridges, Kaziranga, misty hills, tribal culture. Style: Dramatic sunset warm orange-pink sky, romantic mood. YatraNexus brand colors: navy #001b2a, orange #ff7a00, purple #4b2cff. Photorealistic, no text, no watermark. Technical: 3:2 landscape 1200×800."
northeast-complete-north-east-grand-tour-featured-package-11d10n-v5,package,⭐ Complete North East Grand Tour (Featured Package),5,public/images/packages/northeast-complete-north-east-grand-tour-featured-package-11d10n-v5.png,"Create a photorealistic travel image for ""⭐ Complete North East Grand Tour (Featured Package)"" — 11-day North East India holiday package, India. Scene: heritage circuit living root bridges, Kaziranga, misty hills, tribal culture. Style: Aerial drone bird's-eye view, epic panoramic scale. YatraNexus brand colors: navy #001b2a, orange #ff7a00, purple #4b2cff. Photorealistic, no text, no watermark. Technical: 3:2 landscape 1200×800."
northeast-complete-north-east-grand-tour-featured-package-11d10n-v6,package,⭐ Complete North East Grand Tour (Featured Package),6,public/images/packages/northeast-complete-north-east-grand-tour-featured-package-11d10n-v6.png,"Create a photorealistic travel image for ""⭐ Complete North East Grand Tour (Featured Package)"" — 11-day North East India holiday package, India. Scene: heritage circuit living root bridges, Kaziranga, misty hills, tribal culture. Style: Close-up iconic landmark detail, shallow depth of field. YatraNexus brand colors: navy #001b2a, orange #ff7a00, purple #4b2cff. Photorealistic, no text, no watermark. Technical: 3:2 landscape 1200×800."
northeast-complete-north-east-grand-tour-featured-package-11d10n-v7,package,⭐ Complete North East Grand Tour (Featured Package),7,public/images/packages/northeast-complete-north-east-grand-tour-featured-package-11d10n-v7.png,"Create a photorealistic travel image for ""⭐ Complete North East Grand Tour (Featured Package)"" — 11-day North East India holiday package, India. Scene: heritage circuit living root bridges, Kaziranga, misty hills, tribal culture. Style: Cultural heritage focus — temples, forts, or local architecture. YatraNexus brand colors: navy #001b2a, orange #ff7a00, purple #4b2cff. Photorealistic, no text, no watermark. Technical: 3:2 landscape 1200×800."
northeast-complete-north-east-grand-tour-featured-package-11d10n-v8,package,⭐ Complete North East Grand Tour (Featured Package),8,public/images/packages/northeast-complete-north-east-grand-tour-featured-package-11d10n-v8.png,"Create a photorealistic travel image for ""⭐ Complete North East Grand Tour (Featured Package)"" — 11-day North East India holiday package, India. Scene: heritage circuit living root bridges, Kaziranga, misty hills, tribal culture. Style: Nature adventure — mountains, forests, rivers, wildlife hints. YatraNexus brand colors: navy #001b2a, orange #ff7a00, purple #4b2cff. Photorealistic, no text, no watermark. Technical: 3:2 landscape 1200×800."
northeast-complete-north-east-grand-tour-featured-package-11d10n-v9,package,⭐ Complete North East Grand Tour (Featured Package),9,public/images/packages/northeast-complete-north-east-grand-tour-featured-package-11d10n-v9.png,"Create a photorealistic travel image for ""⭐ Complete North East Grand Tour (Featured Package)"" — 11-day North East India holiday package, India. Scene: heritage circuit living root bridges, Kaziranga, misty hills, tribal culture. Style: Coastal or lakeside calm water reflection composition. YatraNexus brand colors: navy #001b2a, orange #ff7a00, purple #4b2cff. Photorealistic, no text, no watermark. Technical: 3:2 landscape 1200×800."
northeast-complete-north-east-grand-tour-featured-package-11d10n-v10,package,⭐ Complete North East Grand Tour (Featured Package),10,public/images/packages/northeast-complete-north-east-grand-tour-featured-package-11d10n-v10.png,"Create a photorealistic travel image for ""⭐ Complete North East Grand Tour (Featured Package)"" — 11-day North East India holiday package, India. Scene: heritage circuit living root bridges, Kaziranga, misty hills, tribal culture. Style: Clean package-card thumbnail — subject centered, minimal clutter. YatraNexus brand colors: navy #001b2a, orange #ff7a00, purple #4b2cff. Photorealistic, no text, no watermark. Technical: 3:2 landscape 1200×800."
madhya-pradesh-ujjain-spiritual-tour-package-3d2n-v1,package,Ujjain Spiritual Tour Package,1,public/images/packages/madhya-pradesh-ujjain-spiritual-tour-package-3d2n-v1.png,"Create a photorealistic travel image for ""Ujjain Spiritual Tour Package"" — 3-day Madhya Pradesh holiday package, India. Scene: scenic highlights of Khajuraho temples, wildlife safari, marble rocks. Style: Wide cinematic golden-hour landscape, premium travel brochure. YatraNexus brand colors: navy #001b2a, orange #ff7a00, purple #4b2cff. Photorealistic, no text, no watermark. Technical: 3:2 landscape 1200×800."
madhya-pradesh-ujjain-spiritual-tour-package-3d2n-v2,package,Ujjain Spiritual Tour Package,2,public/images/packages/madhya-pradesh-ujjain-spiritual-tour-package-3d2n-v2.png,"Create a photorealistic travel image for ""Ujjain Spiritual Tour Package"" — 3-day Madhya Pradesh holiday package, India. Scene: scenic highlights of Khajuraho temples, wildlife safari, marble rocks. Style: Bright daylight vibrant colors, inviting family-friendly mood. YatraNexus brand colors: navy #001b2a, orange #ff7a00, purple #4b2cff. Photorealistic, no text, no watermark. Technical: 3:2 landscape 1200×800."
madhya-pradesh-ujjain-spiritual-tour-package-3d2n-v3,package,Ujjain Spiritual Tour Package,3,public/images/packages/madhya-pradesh-ujjain-spiritual-tour-package-3d2n-v3.png,"Create a photorealistic travel image for ""Ujjain Spiritual Tour Package"" — 3-day Madhya Pradesh holiday package, India. Scene: scenic highlights of Khajuraho temples, wildlife safari, marble rocks. Style: Soft morning mist, peaceful serene atmosphere. YatraNexus brand colors: navy #001b2a, orange #ff7a00, purple #4b2cff. Photorealistic, no text, no watermark. Technical: 3:2 landscape 1200×800."
madhya-pradesh-ujjain-spiritual-tour-package-3d2n-v4,package,Ujjain Spiritual Tour Package,4,public/images/packages/madhya-pradesh-ujjain-spiritual-tour-package-3d2n-v4.png,"Create a photorealistic travel image for ""Ujjain Spiritual Tour Package"" — 3-day Madhya Pradesh holiday package, India. Scene: scenic highlights of Khajuraho temples, wildlife safari, marble rocks. Style: Dramatic sunset warm orange-pink sky, romantic mood. YatraNexus brand colors: navy #001b2a, orange #ff7a00, purple #4b2cff. Photorealistic, no text, no watermark. Technical: 3:2 landscape 1200×800."
madhya-pradesh-ujjain-spiritual-tour-package-3d2n-v5,package,Ujjain Spiritual Tour Package,5,public/images/packages/madhya-pradesh-ujjain-spiritual-tour-package-3d2n-v5.png,"Create a photorealistic travel image for ""Ujjain Spiritual Tour Package"" — 3-day Madhya Pradesh holiday package, India. Scene: scenic highlights of Khajuraho temples, wildlife safari, marble rocks. Style: Aerial drone bird's-eye view, epic panoramic scale. YatraNexus brand colors: navy #001b2a, orange #ff7a00, purple #4b2cff. Photorealistic, no text, no watermark. Technical: 3:2 landscape 1200×800."
madhya-pradesh-ujjain-spiritual-tour-package-3d2n-v6,package,Ujjain Spiritual Tour Package,6,public/images/packages/madhya-pradesh-ujjain-spiritual-tour-package-3d2n-v6.png,"Create a photorealistic travel image for ""Ujjain Spiritual Tour Package"" — 3-day Madhya Pradesh holiday package, India. Scene: scenic highlights of Khajuraho temples, wildlife safari, marble rocks. Style: Close-up iconic landmark detail, shallow depth of field. YatraNexus brand colors: navy #001b2a, orange #ff7a00, purple #4b2cff. Photorealistic, no text, no watermark. Technical: 3:2 landscape 1200×800."
madhya-pradesh-ujjain-spiritual-tour-package-3d2n-v7,package,Ujjain Spiritual Tour Package,7,public/images/packages/madhya-pradesh-ujjain-spiritual-tour-package-3d2n-v7.png,"Create a photorealistic travel image for ""Ujjain Spiritual Tour Package"" — 3-day Madhya Pradesh holiday package, India. Scene: scenic highlights of Khajuraho temples, wildlife safari, marble rocks. Style: Cultural heritage focus — temples, forts, or local architecture. YatraNexus brand colors: navy #001b2a, orange #ff7a00, purple #4b2cff. Photorealistic, no text, no watermark. Technical: 3:2 landscape 1200×800."
madhya-pradesh-ujjain-spiritual-tour-package-3d2n-v8,package,Ujjain Spiritual Tour Package,8,public/images/packages/madhya-pradesh-ujjain-spiritual-tour-package-3d2n-v8.png,"Create a photorealistic travel image for ""Ujjain Spiritual Tour Package"" — 3-day Madhya Pradesh holiday package, India. Scene: scenic highlights of Khajuraho temples, wildlife safari, marble rocks. Style: Nature adventure — mountains, forests, rivers, wildlife hints. YatraNexus brand colors: navy #001b2a, orange #ff7a00, purple #4b2cff. Photorealistic, no text, no watermark. Technical: 3:2 landscape 1200×800."
madhya-pradesh-ujjain-spiritual-tour-package-3d2n-v9,package,Ujjain Spiritual Tour Package,9,public/images/packages/madhya-pradesh-ujjain-spiritual-tour-package-3d2n-v9.png,"Create a photorealistic travel image for ""Ujjain Spiritual Tour Package"" — 3-day Madhya Pradesh holiday package, India. Scene: scenic highlights of Khajuraho temples, wildlife safari, marble rocks. Style: Coastal or lakeside calm water reflection composition. YatraNexus brand colors: navy #001b2a, orange #ff7a00, purple #4b2cff. Photorealistic, no text, no watermark. Technical: 3:2 landscape 1200×800."
madhya-pradesh-ujjain-spiritual-tour-package-3d2n-v10,package,Ujjain Spiritual Tour Package,10,public/images/packages/madhya-pradesh-ujjain-spiritual-tour-package-3d2n-v10.png,"Create a photorealistic travel image for ""Ujjain Spiritual Tour Package"" — 3-day Madhya Pradesh holiday package, India. Scene: scenic highlights of Khajuraho temples, wildlife safari, marble rocks. Style: Clean package-card thumbnail — subject centered, minimal clutter. YatraNexus brand colors: navy #001b2a, orange #ff7a00, purple #4b2cff. Photorealistic, no text, no watermark. Technical: 3:2 landscape 1200×800."
madhya-pradesh-ujjain-omkareshwar-tour-package-4d3n-v1,package,Ujjain & Omkareshwar Tour Package,1,public/images/packages/madhya-pradesh-ujjain-omkareshwar-tour-package-4d3n-v1.png,"Create a photorealistic travel image for ""Ujjain & Omkareshwar Tour Package"" — 4-day Madhya Pradesh holiday package, India. Scene: scenic highlights of Khajuraho temples, wildlife safari, marble rocks. Style: Wide cinematic golden-hour landscape, premium travel brochure. YatraNexus brand colors: navy #001b2a, orange #ff7a00, purple #4b2cff. Photorealistic, no text, no watermark. Technical: 3:2 landscape 1200×800."
madhya-pradesh-ujjain-omkareshwar-tour-package-4d3n-v2,package,Ujjain & Omkareshwar Tour Package,2,public/images/packages/madhya-pradesh-ujjain-omkareshwar-tour-package-4d3n-v2.png,"Create a photorealistic travel image for ""Ujjain & Omkareshwar Tour Package"" — 4-day Madhya Pradesh holiday package, India. Scene: scenic highlights of Khajuraho temples, wildlife safari, marble rocks. Style: Bright daylight vibrant colors, inviting family-friendly mood. YatraNexus brand colors: navy #001b2a, orange #ff7a00, purple #4b2cff. Photorealistic, no text, no watermark. Technical: 3:2 landscape 1200×800."
madhya-pradesh-ujjain-omkareshwar-tour-package-4d3n-v3,package,Ujjain & Omkareshwar Tour Package,3,public/images/packages/madhya-pradesh-ujjain-omkareshwar-tour-package-4d3n-v3.png,"Create a photorealistic travel image for ""Ujjain & Omkareshwar Tour Package"" — 4-day Madhya Pradesh holiday package, India. Scene: scenic highlights of Khajuraho temples, wildlife safari, marble rocks. Style: Soft morning mist, peaceful serene atmosphere. YatraNexus brand colors: navy #001b2a, orange #ff7a00, purple #4b2cff. Photorealistic, no text, no watermark. Technical: 3:2 landscape 1200×800."
madhya-pradesh-ujjain-omkareshwar-tour-package-4d3n-v4,package,Ujjain & Omkareshwar Tour Package,4,public/images/packages/madhya-pradesh-ujjain-omkareshwar-tour-package-4d3n-v4.png,"Create a photorealistic travel image for ""Ujjain & Omkareshwar Tour Package"" — 4-day Madhya Pradesh holiday package, India. Scene: scenic highlights of Khajuraho temples, wildlife safari, marble rocks. Style: Dramatic sunset warm orange-pink sky, romantic mood. YatraNexus brand colors: navy #001b2a, orange #ff7a00, purple #4b2cff. Photorealistic, no text, no watermark. Technical: 3:2 landscape 1200×800."
madhya-pradesh-ujjain-omkareshwar-tour-package-4d3n-v5,package,Ujjain & Omkareshwar Tour Package,5,public/images/packages/madhya-pradesh-ujjain-omkareshwar-tour-package-4d3n-v5.png,"Create a photorealistic travel image for ""Ujjain & Omkareshwar Tour Package"" — 4-day Madhya Pradesh holiday package, India. Scene: scenic highlights of Khajuraho temples, wildlife safari, marble rocks. Style: Aerial drone bird's-eye view, epic panoramic scale. YatraNexus brand colors: navy #001b2a, orange #ff7a00, purple #4b2cff. Photorealistic, no text, no watermark. Technical: 3:2 landscape 1200×800."
madhya-pradesh-ujjain-omkareshwar-tour-package-4d3n-v6,package,Ujjain & Omkareshwar Tour Package,6,public/images/packages/madhya-pradesh-ujjain-omkareshwar-tour-package-4d3n-v6.png,"Create a photorealistic travel image for ""Ujjain & Omkareshwar Tour Package"" — 4-day Madhya Pradesh holiday package, India. Scene: scenic highlights of Khajuraho temples, wildlife safari, marble rocks. Style: Close-up iconic landmark detail, shallow depth of field. YatraNexus brand colors: navy #001b2a, orange #ff7a00, purple #4b2cff. Photorealistic, no text, no watermark. Technical: 3:2 landscape 1200×800."
madhya-pradesh-ujjain-omkareshwar-tour-package-4d3n-v7,package,Ujjain & Omkareshwar Tour Package,7,public/images/packages/madhya-pradesh-ujjain-omkareshwar-tour-package-4d3n-v7.png,"Create a photorealistic travel image for ""Ujjain & Omkareshwar Tour Package"" — 4-day Madhya Pradesh holiday package, India. Scene: scenic highlights of Khajuraho temples, wildlife safari, marble rocks. Style: Cultural heritage focus — temples, forts, or local architecture. YatraNexus brand colors: navy #001b2a, orange #ff7a00, purple #4b2cff. Photorealistic, no text, no watermark. Technical: 3:2 landscape 1200×800."
madhya-pradesh-ujjain-omkareshwar-tour-package-4d3n-v8,package,Ujjain & Omkareshwar Tour Package,8,public/images/packages/madhya-pradesh-ujjain-omkareshwar-tour-package-4d3n-v8.png,"Create a photorealistic travel image for ""Ujjain & Omkareshwar Tour Package"" — 4-day Madhya Pradesh holiday package, India. Scene: scenic highlights of Khajuraho temples, wildlife safari, marble rocks. Style: Nature adventure — mountains, forests, rivers, wildlife hints. YatraNexus brand colors: navy #001b2a, orange #ff7a00, purple #4b2cff. Photorealistic, no text, no watermark. Technical: 3:2 landscape 1200×800."
madhya-pradesh-ujjain-omkareshwar-tour-package-4d3n-v9,package,Ujjain & Omkareshwar Tour Package,9,public/images/packages/madhya-pradesh-ujjain-omkareshwar-tour-package-4d3n-v9.png,"Create a photorealistic travel image for ""Ujjain & Omkareshwar Tour Package"" — 4-day Madhya Pradesh holiday package, India. Scene: scenic highlights of Khajuraho temples, wildlife safari, marble rocks. Style: Coastal or lakeside calm water reflection composition. YatraNexus brand colors: navy #001b2a, orange #ff7a00, purple #4b2cff. Photorealistic, no text, no watermark. Technical: 3:2 landscape 1200×800."
madhya-pradesh-ujjain-omkareshwar-tour-package-4d3n-v10,package,Ujjain & Omkareshwar Tour Package,10,public/images/packages/madhya-pradesh-ujjain-omkareshwar-tour-package-4d3n-v10.png,"Create a photorealistic travel image for ""Ujjain & Omkareshwar Tour Package"" — 4-day Madhya Pradesh holiday package, India. Scene: scenic highlights of Khajuraho temples, wildlife safari, marble rocks. Style: Clean package-card thumbnail — subject centered, minimal clutter. YatraNexus brand colors: navy #001b2a, orange #ff7a00, purple #4b2cff. Photorealistic, no text, no watermark. Technical: 3:2 landscape 1200×800."
madhya-pradesh-bandhavgarh-jabalpur-tour-package-5d4n-v1,package,Bandhavgarh & Jabalpur Tour Package,1,public/images/packages/madhya-pradesh-bandhavgarh-jabalpur-tour-package-5d4n-v1.png,"Create a photorealistic travel image for ""Bandhavgarh & Jabalpur Tour Package"" — 5-day Madhya Pradesh holiday package, India. Scene: scenic highlights of Khajuraho temples, wildlife safari, marble rocks. Style: Wide cinematic golden-hour landscape, premium travel brochure. YatraNexus brand colors: navy #001b2a, orange #ff7a00, purple #4b2cff. Photorealistic, no text, no watermark. Technical: 3:2 landscape 1200×800."
madhya-pradesh-bandhavgarh-jabalpur-tour-package-5d4n-v2,package,Bandhavgarh & Jabalpur Tour Package,2,public/images/packages/madhya-pradesh-bandhavgarh-jabalpur-tour-package-5d4n-v2.png,"Create a photorealistic travel image for ""Bandhavgarh & Jabalpur Tour Package"" — 5-day Madhya Pradesh holiday package, India. Scene: scenic highlights of Khajuraho temples, wildlife safari, marble rocks. Style: Bright daylight vibrant colors, inviting family-friendly mood. YatraNexus brand colors: navy #001b2a, orange #ff7a00, purple #4b2cff. Photorealistic, no text, no watermark. Technical: 3:2 landscape 1200×800."
madhya-pradesh-bandhavgarh-jabalpur-tour-package-5d4n-v3,package,Bandhavgarh & Jabalpur Tour Package,3,public/images/packages/madhya-pradesh-bandhavgarh-jabalpur-tour-package-5d4n-v3.png,"Create a photorealistic travel image for ""Bandhavgarh & Jabalpur Tour Package"" — 5-day Madhya Pradesh holiday package, India. Scene: scenic highlights of Khajuraho temples, wildlife safari, marble rocks. Style: Soft morning mist, peaceful serene atmosphere. YatraNexus brand colors: navy #001b2a, orange #ff7a00, purple #4b2cff. Photorealistic, no text, no watermark. Technical: 3:2 landscape 1200×800."
madhya-pradesh-bandhavgarh-jabalpur-tour-package-5d4n-v4,package,Bandhavgarh & Jabalpur Tour Package,4,public/images/packages/madhya-pradesh-bandhavgarh-jabalpur-tour-package-5d4n-v4.png,"Create a photorealistic travel image for ""Bandhavgarh & Jabalpur Tour Package"" — 5-day Madhya Pradesh holiday package, India. Scene: scenic highlights of Khajuraho temples, wildlife safari, marble rocks. Style: Dramatic sunset warm orange-pink sky, romantic mood. YatraNexus brand colors: navy #001b2a, orange #ff7a00, purple #4b2cff. Photorealistic, no text, no watermark. Technical: 3:2 landscape 1200×800."
madhya-pradesh-bandhavgarh-jabalpur-tour-package-5d4n-v5,package,Bandhavgarh & Jabalpur Tour Package,5,public/images/packages/madhya-pradesh-bandhavgarh-jabalpur-tour-package-5d4n-v5.png,"Create a photorealistic travel image for ""Bandhavgarh & Jabalpur Tour Package"" — 5-day Madhya Pradesh holiday package, India. Scene: scenic highlights of Khajuraho temples, wildlife safari, marble rocks. Style: Aerial drone bird's-eye view, epic panoramic scale. YatraNexus brand colors: navy #001b2a, orange #ff7a00, purple #4b2cff. Photorealistic, no text, no watermark. Technical: 3:2 landscape 1200×800."
madhya-pradesh-bandhavgarh-jabalpur-tour-package-5d4n-v6,package,Bandhavgarh & Jabalpur Tour Package,6,public/images/packages/madhya-pradesh-bandhavgarh-jabalpur-tour-package-5d4n-v6.png,"Create a photorealistic travel image for ""Bandhavgarh & Jabalpur Tour Package"" — 5-day Madhya Pradesh holiday package, India. Scene: scenic highlights of Khajuraho temples, wildlife safari, marble rocks. Style: Close-up iconic landmark detail, shallow depth of field. YatraNexus brand colors: navy #001b2a, orange #ff7a00, purple #4b2cff. Photorealistic, no text, no watermark. Technical: 3:2 landscape 1200×800."
madhya-pradesh-bandhavgarh-jabalpur-tour-package-5d4n-v7,package,Bandhavgarh & Jabalpur Tour Package,7,public/images/packages/madhya-pradesh-bandhavgarh-jabalpur-tour-package-5d4n-v7.png,"Create a photorealistic travel image for ""Bandhavgarh & Jabalpur Tour Package"" — 5-day Madhya Pradesh holiday package, India. Scene: scenic highlights of Khajuraho temples, wildlife safari, marble rocks. Style: Cultural heritage focus — temples, forts, or local architecture. YatraNexus brand colors: navy #001b2a, orange #ff7a00, purple #4b2cff. Photorealistic, no text, no watermark. Technical: 3:2 landscape 1200×800."
madhya-pradesh-bandhavgarh-jabalpur-tour-package-5d4n-v8,package,Bandhavgarh & Jabalpur Tour Package,8,public/images/packages/madhya-pradesh-bandhavgarh-jabalpur-tour-package-5d4n-v8.png,"Create a photorealistic travel image for ""Bandhavgarh & Jabalpur Tour Package"" — 5-day Madhya Pradesh holiday package, India. Scene: scenic highlights of Khajuraho temples, wildlife safari, marble rocks. Style: Nature adventure — mountains, forests, rivers, wildlife hints. YatraNexus brand colors: navy #001b2a, orange #ff7a00, purple #4b2cff. Photorealistic, no text, no watermark. Technical: 3:2 landscape 1200×800."
madhya-pradesh-bandhavgarh-jabalpur-tour-package-5d4n-v9,package,Bandhavgarh & Jabalpur Tour Package,9,public/images/packages/madhya-pradesh-bandhavgarh-jabalpur-tour-package-5d4n-v9.png,"Create a photorealistic travel image for ""Bandhavgarh & Jabalpur Tour Package"" — 5-day Madhya Pradesh holiday package, India. Scene: scenic highlights of Khajuraho temples, wildlife safari, marble rocks. Style: Coastal or lakeside calm water reflection composition. YatraNexus brand colors: navy #001b2a, orange #ff7a00, purple #4b2cff. Photorealistic, no text, no watermark. Technical: 3:2 landscape 1200×800."
madhya-pradesh-bandhavgarh-jabalpur-tour-package-5d4n-v10,package,Bandhavgarh & Jabalpur Tour Package,10,public/images/packages/madhya-pradesh-bandhavgarh-jabalpur-tour-package-5d4n-v10.png,"Create a photorealistic travel image for ""Bandhavgarh & Jabalpur Tour Package"" — 5-day Madhya Pradesh holiday package, India. Scene: scenic highlights of Khajuraho temples, wildlife safari, marble rocks. Style: Clean package-card thumbnail — subject centered, minimal clutter. YatraNexus brand colors: navy #001b2a, orange #ff7a00, purple #4b2cff. Photorealistic, no text, no watermark. Technical: 3:2 landscape 1200×800."
madhya-pradesh-bandhavgarh-kanha-wildlife-tour-6d5n-v1,package,Bandhavgarh & Kanha Wildlife Tour,1,public/images/packages/madhya-pradesh-bandhavgarh-kanha-wildlife-tour-6d5n-v1.png,"Create a photorealistic travel image for ""Bandhavgarh & Kanha Wildlife Tour"" — 6-day Madhya Pradesh holiday package, India. Scene: wildlife safari Khajuraho temples, wildlife safari, marble rocks. Style: Wide cinematic golden-hour landscape, premium travel brochure. YatraNexus brand colors: navy #001b2a, orange #ff7a00, purple #4b2cff. Photorealistic, no text, no watermark. Technical: 3:2 landscape 1200×800."
madhya-pradesh-bandhavgarh-kanha-wildlife-tour-6d5n-v2,package,Bandhavgarh & Kanha Wildlife Tour,2,public/images/packages/madhya-pradesh-bandhavgarh-kanha-wildlife-tour-6d5n-v2.png,"Create a photorealistic travel image for ""Bandhavgarh & Kanha Wildlife Tour"" — 6-day Madhya Pradesh holiday package, India. Scene: wildlife safari Khajuraho temples, wildlife safari, marble rocks. Style: Bright daylight vibrant colors, inviting family-friendly mood. YatraNexus brand colors: navy #001b2a, orange #ff7a00, purple #4b2cff. Photorealistic, no text, no watermark. Technical: 3:2 landscape 1200×800."
madhya-pradesh-bandhavgarh-kanha-wildlife-tour-6d5n-v3,package,Bandhavgarh & Kanha Wildlife Tour,3,public/images/packages/madhya-pradesh-bandhavgarh-kanha-wildlife-tour-6d5n-v3.png,"Create a photorealistic travel image for ""Bandhavgarh & Kanha Wildlife Tour"" — 6-day Madhya Pradesh holiday package, India. Scene: wildlife safari Khajuraho temples, wildlife safari, marble rocks. Style: Soft morning mist, peaceful serene atmosphere. YatraNexus brand colors: navy #001b2a, orange #ff7a00, purple #4b2cff. Photorealistic, no text, no watermark. Technical: 3:2 landscape 1200×800."
madhya-pradesh-bandhavgarh-kanha-wildlife-tour-6d5n-v4,package,Bandhavgarh & Kanha Wildlife Tour,4,public/images/packages/madhya-pradesh-bandhavgarh-kanha-wildlife-tour-6d5n-v4.png,"Create a photorealistic travel image for ""Bandhavgarh & Kanha Wildlife Tour"" — 6-day Madhya Pradesh holiday package, India. Scene: wildlife safari Khajuraho temples, wildlife safari, marble rocks. Style: Dramatic sunset warm orange-pink sky, romantic mood. YatraNexus brand colors: navy #001b2a, orange #ff7a00, purple #4b2cff. Photorealistic, no text, no watermark. Technical: 3:2 landscape 1200×800."
madhya-pradesh-bandhavgarh-kanha-wildlife-tour-6d5n-v5,package,Bandhavgarh & Kanha Wildlife Tour,5,public/images/packages/madhya-pradesh-bandhavgarh-kanha-wildlife-tour-6d5n-v5.png,"Create a photorealistic travel image for ""Bandhavgarh & Kanha Wildlife Tour"" — 6-day Madhya Pradesh holiday package, India. Scene: wildlife safari Khajuraho temples, wildlife safari, marble rocks. Style: Aerial drone bird's-eye view, epic panoramic scale. YatraNexus brand colors: navy #001b2a, orange #ff7a00, purple #4b2cff. Photorealistic, no text, no watermark. Technical: 3:2 landscape 1200×800."
madhya-pradesh-bandhavgarh-kanha-wildlife-tour-6d5n-v6,package,Bandhavgarh & Kanha Wildlife Tour,6,public/images/packages/madhya-pradesh-bandhavgarh-kanha-wildlife-tour-6d5n-v6.png,"Create a photorealistic travel image for ""Bandhavgarh & Kanha Wildlife Tour"" — 6-day Madhya Pradesh holiday package, India. Scene: wildlife safari Khajuraho temples, wildlife safari, marble rocks. Style: Close-up iconic landmark detail, shallow depth of field. YatraNexus brand colors: navy #001b2a, orange #ff7a00, purple #4b2cff. Photorealistic, no text, no watermark. Technical: 3:2 landscape 1200×800."
madhya-pradesh-bandhavgarh-kanha-wildlife-tour-6d5n-v7,package,Bandhavgarh & Kanha Wildlife Tour,7,public/images/packages/madhya-pradesh-bandhavgarh-kanha-wildlife-tour-6d5n-v7.png,"Create a photorealistic travel image for ""Bandhavgarh & Kanha Wildlife Tour"" — 6-day Madhya Pradesh holiday package, India. Scene: wildlife safari Khajuraho temples, wildlife safari, marble rocks. Style: Cultural heritage focus — temples, forts, or local architecture. YatraNexus brand colors: navy #001b2a, orange #ff7a00, purple #4b2cff. Photorealistic, no text, no watermark. Technical: 3:2 landscape 1200×800."
madhya-pradesh-bandhavgarh-kanha-wildlife-tour-6d5n-v8,package,Bandhavgarh & Kanha Wildlife Tour,8,public/images/packages/madhya-pradesh-bandhavgarh-kanha-wildlife-tour-6d5n-v8.png,"Create a photorealistic travel image for ""Bandhavgarh & Kanha Wildlife Tour"" — 6-day Madhya Pradesh holiday package, India. Scene: wildlife safari Khajuraho temples, wildlife safari, marble rocks. Style: Nature adventure — mountains, forests, rivers, wildlife hints. YatraNexus brand colors: navy #001b2a, orange #ff7a00, purple #4b2cff. Photorealistic, no text, no watermark. Technical: 3:2 landscape 1200×800."
madhya-pradesh-bandhavgarh-kanha-wildlife-tour-6d5n-v9,package,Bandhavgarh & Kanha Wildlife Tour,9,public/images/packages/madhya-pradesh-bandhavgarh-kanha-wildlife-tour-6d5n-v9.png,"Create a photorealistic travel image for ""Bandhavgarh & Kanha Wildlife Tour"" — 6-day Madhya Pradesh holiday package, India. Scene: wildlife safari Khajuraho temples, wildlife safari, marble rocks. Style: Coastal or lakeside calm water reflection composition. YatraNexus brand colors: navy #001b2a, orange #ff7a00, purple #4b2cff. Photorealistic, no text, no watermark. Technical: 3:2 landscape 1200×800."
madhya-pradesh-bandhavgarh-kanha-wildlife-tour-6d5n-v10,package,Bandhavgarh & Kanha Wildlife Tour,10,public/images/packages/madhya-pradesh-bandhavgarh-kanha-wildlife-tour-6d5n-v10.png,"Create a photorealistic travel image for ""Bandhavgarh & Kanha Wildlife Tour"" — 6-day Madhya Pradesh holiday package, India. Scene: wildlife safari Khajuraho temples, wildlife safari, marble rocks. Style: Clean package-card thumbnail — subject centered, minimal clutter. YatraNexus brand colors: navy #001b2a, orange #ff7a00, purple #4b2cff. Photorealistic, no text, no watermark. Technical: 3:2 landscape 1200×800."
ladakh-leh-nubra-valley-pangong-lake-tour-7d6n-v1,package,Leh – Nubra Valley – Pangong Lake Tour,1,public/images/packages/ladakh-leh-nubra-valley-pangong-lake-tour-7d6n-v1.png,"Create a photorealistic travel image for ""Leh – Nubra Valley – Pangong Lake Tour"" — 7-day Ladakh holiday package, India. Scene: scenic highlights of high-altitude desert, monasteries, Pangong blue lake. Style: Wide cinematic golden-hour landscape, premium travel brochure. YatraNexus brand colors: navy #001b2a, orange #ff7a00, purple #4b2cff. Photorealistic, no text, no watermark. Technical: 3:2 landscape 1200×800."
ladakh-leh-nubra-valley-pangong-lake-tour-7d6n-v2,package,Leh – Nubra Valley – Pangong Lake Tour,2,public/images/packages/ladakh-leh-nubra-valley-pangong-lake-tour-7d6n-v2.png,"Create a photorealistic travel image for ""Leh – Nubra Valley – Pangong Lake Tour"" — 7-day Ladakh holiday package, India. Scene: scenic highlights of high-altitude desert, monasteries, Pangong blue lake. Style: Bright daylight vibrant colors, inviting family-friendly mood. YatraNexus brand colors: navy #001b2a, orange #ff7a00, purple #4b2cff. Photorealistic, no text, no watermark. Technical: 3:2 landscape 1200×800."
ladakh-leh-nubra-valley-pangong-lake-tour-7d6n-v3,package,Leh – Nubra Valley – Pangong Lake Tour,3,public/images/packages/ladakh-leh-nubra-valley-pangong-lake-tour-7d6n-v3.png,"Create a photorealistic travel image for ""Leh – Nubra Valley – Pangong Lake Tour"" — 7-day Ladakh holiday package, India. Scene: scenic highlights of high-altitude desert, monasteries, Pangong blue lake. Style: Soft morning mist, peaceful serene atmosphere. YatraNexus brand colors: navy #001b2a, orange #ff7a00, purple #4b2cff. Photorealistic, no text, no watermark. Technical: 3:2 landscape 1200×800."
ladakh-leh-nubra-valley-pangong-lake-tour-7d6n-v4,package,Leh – Nubra Valley – Pangong Lake Tour,4,public/images/packages/ladakh-leh-nubra-valley-pangong-lake-tour-7d6n-v4.png,"Create a photorealistic travel image for ""Leh – Nubra Valley – Pangong Lake Tour"" — 7-day Ladakh holiday package, India. Scene: scenic highlights of high-altitude desert, monasteries, Pangong blue lake. Style: Dramatic sunset warm orange-pink sky, romantic mood. YatraNexus brand colors: navy #001b2a, orange #ff7a00, purple #4b2cff. Photorealistic, no text, no watermark. Technical: 3:2 landscape 1200×800."
ladakh-leh-nubra-valley-pangong-lake-tour-7d6n-v5,package,Leh – Nubra Valley – Pangong Lake Tour,5,public/images/packages/ladakh-leh-nubra-valley-pangong-lake-tour-7d6n-v5.png,"Create a photorealistic travel image for ""Leh – Nubra Valley – Pangong Lake Tour"" — 7-day Ladakh holiday package, India. Scene: scenic highlights of high-altitude desert, monasteries, Pangong blue lake. Style: Aerial drone bird's-eye view, epic panoramic scale. YatraNexus brand colors: navy #001b2a, orange #ff7a00, purple #4b2cff. Photorealistic, no text, no watermark. Technical: 3:2 landscape 1200×800."
ladakh-leh-nubra-valley-pangong-lake-tour-7d6n-v6,package,Leh – Nubra Valley – Pangong Lake Tour,6,public/images/packages/ladakh-leh-nubra-valley-pangong-lake-tour-7d6n-v6.png,"Create a photorealistic travel image for ""Leh – Nubra Valley – Pangong Lake Tour"" — 7-day Ladakh holiday package, India. Scene: scenic highlights of high-altitude desert, monasteries, Pangong blue lake. Style: Close-up iconic landmark detail, shallow depth of field. YatraNexus brand colors: navy #001b2a, orange #ff7a00, purple #4b2cff. Photorealistic, no text, no watermark. Technical: 3:2 landscape 1200×800."
ladakh-leh-nubra-valley-pangong-lake-tour-7d6n-v7,package,Leh – Nubra Valley – Pangong Lake Tour,7,public/images/packages/ladakh-leh-nubra-valley-pangong-lake-tour-7d6n-v7.png,"Create a photorealistic travel image for ""Leh – Nubra Valley – Pangong Lake Tour"" — 7-day Ladakh holiday package, India. Scene: scenic highlights of high-altitude desert, monasteries, Pangong blue lake. Style: Cultural heritage focus — temples, forts, or local architecture. YatraNexus brand colors: navy #001b2a, orange #ff7a00, purple #4b2cff. Photorealistic, no text, no watermark. Technical: 3:2 landscape 1200×800."
ladakh-leh-nubra-valley-pangong-lake-tour-7d6n-v8,package,Leh – Nubra Valley – Pangong Lake Tour,8,public/images/packages/ladakh-leh-nubra-valley-pangong-lake-tour-7d6n-v8.png,"Create a photorealistic travel image for ""Leh – Nubra Valley – Pangong Lake Tour"" — 7-day Ladakh holiday package, India. Scene: scenic highlights of high-altitude desert, monasteries, Pangong blue lake. Style: Nature adventure — mountains, forests, rivers, wildlife hints. YatraNexus brand colors: navy #001b2a, orange #ff7a00, purple #4b2cff. Photorealistic, no text, no watermark. Technical: 3:2 landscape 1200×800."
ladakh-leh-nubra-valley-pangong-lake-tour-7d6n-v9,package,Leh – Nubra Valley – Pangong Lake Tour,9,public/images/packages/ladakh-leh-nubra-valley-pangong-lake-tour-7d6n-v9.png,"Create a photorealistic travel image for ""Leh – Nubra Valley – Pangong Lake Tour"" — 7-day Ladakh holiday package, India. Scene: scenic highlights of high-altitude desert, monasteries, Pangong blue lake. Style: Coastal or lakeside calm water reflection composition. YatraNexus brand colors: navy #001b2a, orange #ff7a00, purple #4b2cff. Photorealistic, no text, no watermark. Technical: 3:2 landscape 1200×800."
ladakh-leh-nubra-valley-pangong-lake-tour-7d6n-v10,package,Leh – Nubra Valley – Pangong Lake Tour,10,public/images/packages/ladakh-leh-nubra-valley-pangong-lake-tour-7d6n-v10.png,"Create a photorealistic travel image for ""Leh – Nubra Valley – Pangong Lake Tour"" — 7-day Ladakh holiday package, India. Scene: scenic highlights of high-altitude desert, monasteries, Pangong blue lake. Style: Clean package-card thumbnail — subject centered, minimal clutter. YatraNexus brand colors: navy #001b2a, orange #ff7a00, purple #4b2cff. Photorealistic, no text, no watermark. Technical: 3:2 landscape 1200×800."
ladakh-complete-ladakh-adventure-tour-8d7n-v1,package,Complete Ladakh Adventure Tour,1,public/images/packages/ladakh-complete-ladakh-adventure-tour-8d7n-v1.png,"Create a photorealistic travel image for ""Complete Ladakh Adventure Tour"" — 8-day Ladakh holiday package, India. Scene: adventure high-altitude desert, monasteries, Pangong blue lake, thrilling outdoor. Style: Wide cinematic golden-hour landscape, premium travel brochure. YatraNexus brand colors: navy #001b2a, orange #ff7a00, purple #4b2cff. Photorealistic, no text, no watermark. Technical: 3:2 landscape 1200×800."
ladakh-complete-ladakh-adventure-tour-8d7n-v2,package,Complete Ladakh Adventure Tour,2,public/images/packages/ladakh-complete-ladakh-adventure-tour-8d7n-v2.png,"Create a photorealistic travel image for ""Complete Ladakh Adventure Tour"" — 8-day Ladakh holiday package, India. Scene: adventure high-altitude desert, monasteries, Pangong blue lake, thrilling outdoor. Style: Bright daylight vibrant colors, inviting family-friendly mood. YatraNexus brand colors: navy #001b2a, orange #ff7a00, purple #4b2cff. Photorealistic, no text, no watermark. Technical: 3:2 landscape 1200×800."
ladakh-complete-ladakh-adventure-tour-8d7n-v3,package,Complete Ladakh Adventure Tour,3,public/images/packages/ladakh-complete-ladakh-adventure-tour-8d7n-v3.png,"Create a photorealistic travel image for ""Complete Ladakh Adventure Tour"" — 8-day Ladakh holiday package, India. Scene: adventure high-altitude desert, monasteries, Pangong blue lake, thrilling outdoor. Style: Soft morning mist, peaceful serene atmosphere. YatraNexus brand colors: navy #001b2a, orange #ff7a00, purple #4b2cff. Photorealistic, no text, no watermark. Technical: 3:2 landscape 1200×800."
ladakh-complete-ladakh-adventure-tour-8d7n-v4,package,Complete Ladakh Adventure Tour,4,public/images/packages/ladakh-complete-ladakh-adventure-tour-8d7n-v4.png,"Create a photorealistic travel image for ""Complete Ladakh Adventure Tour"" — 8-day Ladakh holiday package, India. Scene: adventure high-altitude desert, monasteries, Pangong blue lake, thrilling outdoor. Style: Dramatic sunset warm orange-pink sky, romantic mood. YatraNexus brand colors: navy #001b2a, orange #ff7a00, purple #4b2cff. Photorealistic, no text, no watermark. Technical: 3:2 landscape 1200×800."
ladakh-complete-ladakh-adventure-tour-8d7n-v5,package,Complete Ladakh Adventure Tour,5,public/images/packages/ladakh-complete-ladakh-adventure-tour-8d7n-v5.png,"Create a photorealistic travel image for ""Complete Ladakh Adventure Tour"" — 8-day Ladakh holiday package, India. Scene: adventure high-altitude desert, monasteries, Pangong blue lake, thrilling outdoor. Style: Aerial drone bird's-eye view, epic panoramic scale. YatraNexus brand colors: navy #001b2a, orange #ff7a00, purple #4b2cff. Photorealistic, no text, no watermark. Technical: 3:2 landscape 1200×800."
ladakh-complete-ladakh-adventure-tour-8d7n-v6,package,Complete Ladakh Adventure Tour,6,public/images/packages/ladakh-complete-ladakh-adventure-tour-8d7n-v6.png,"Create a photorealistic travel image for ""Complete Ladakh Adventure Tour"" — 8-day Ladakh holiday package, India. Scene: adventure high-altitude desert, monasteries, Pangong blue lake, thrilling outdoor. Style: Close-up iconic landmark detail, shallow depth of field. YatraNexus brand colors: navy #001b2a, orange #ff7a00, purple #4b2cff. Photorealistic, no text, no watermark. Technical: 3:2 landscape 1200×800."
ladakh-complete-ladakh-adventure-tour-8d7n-v7,package,Complete Ladakh Adventure Tour,7,public/images/packages/ladakh-complete-ladakh-adventure-tour-8d7n-v7.png,"Create a photorealistic travel image for ""Complete Ladakh Adventure Tour"" — 8-day Ladakh holiday package, India. Scene: adventure high-altitude desert, monasteries, Pangong blue lake, thrilling outdoor. Style: Cultural heritage focus — temples, forts, or local architecture. YatraNexus brand colors: navy #001b2a, orange #ff7a00, purple #4b2cff. Photorealistic, no text, no watermark. Technical: 3:2 landscape 1200×800."
ladakh-complete-ladakh-adventure-tour-8d7n-v8,package,Complete Ladakh Adventure Tour,8,public/images/packages/ladakh-complete-ladakh-adventure-tour-8d7n-v8.png,"Create a photorealistic travel image for ""Complete Ladakh Adventure Tour"" — 8-day Ladakh holiday package, India. Scene: adventure high-altitude desert, monasteries, Pangong blue lake, thrilling outdoor. Style: Nature adventure — mountains, forests, rivers, wildlife hints. YatraNexus brand colors: navy #001b2a, orange #ff7a00, purple #4b2cff. Photorealistic, no text, no watermark. Technical: 3:2 landscape 1200×800."
ladakh-complete-ladakh-adventure-tour-8d7n-v9,package,Complete Ladakh Adventure Tour,9,public/images/packages/ladakh-complete-ladakh-adventure-tour-8d7n-v9.png,"Create a photorealistic travel image for ""Complete Ladakh Adventure Tour"" — 8-day Ladakh holiday package, India. Scene: adventure high-altitude desert, monasteries, Pangong blue lake, thrilling outdoor. Style: Coastal or lakeside calm water reflection composition. YatraNexus brand colors: navy #001b2a, orange #ff7a00, purple #4b2cff. Photorealistic, no text, no watermark. Technical: 3:2 landscape 1200×800."
ladakh-complete-ladakh-adventure-tour-8d7n-v10,package,Complete Ladakh Adventure Tour,10,public/images/packages/ladakh-complete-ladakh-adventure-tour-8d7n-v10.png,"Create a photorealistic travel image for ""Complete Ladakh Adventure Tour"" — 8-day Ladakh holiday package, India. Scene: adventure high-altitude desert, monasteries, Pangong blue lake, thrilling outdoor. Style: Clean package-card thumbnail — subject centered, minimal clutter. YatraNexus brand colors: navy #001b2a, orange #ff7a00, purple #4b2cff. Photorealistic, no text, no watermark. Technical: 3:2 landscape 1200×800."
ladakh-srinagar-kargil-leh-road-trip-8d7n-v1,package,Srinagar – Kargil – Leh Road Trip,1,public/images/packages/ladakh-srinagar-kargil-leh-road-trip-8d7n-v1.png,"Create a photorealistic travel image for ""Srinagar – Kargil – Leh Road Trip"" — 8-day Ladakh holiday package, India. Scene: scenic highlights of high-altitude desert, monasteries, Pangong blue lake. Style: Wide cinematic golden-hour landscape, premium travel brochure. YatraNexus brand colors: navy #001b2a, orange #ff7a00, purple #4b2cff. Photorealistic, no text, no watermark. Technical: 3:2 landscape 1200×800."
ladakh-srinagar-kargil-leh-road-trip-8d7n-v2,package,Srinagar – Kargil – Leh Road Trip,2,public/images/packages/ladakh-srinagar-kargil-leh-road-trip-8d7n-v2.png,"Create a photorealistic travel image for ""Srinagar – Kargil – Leh Road Trip"" — 8-day Ladakh holiday package, India. Scene: scenic highlights of high-altitude desert, monasteries, Pangong blue lake. Style: Bright daylight vibrant colors, inviting family-friendly mood. YatraNexus brand colors: navy #001b2a, orange #ff7a00, purple #4b2cff. Photorealistic, no text, no watermark. Technical: 3:2 landscape 1200×800."
ladakh-srinagar-kargil-leh-road-trip-8d7n-v3,package,Srinagar – Kargil – Leh Road Trip,3,public/images/packages/ladakh-srinagar-kargil-leh-road-trip-8d7n-v3.png,"Create a photorealistic travel image for ""Srinagar – Kargil – Leh Road Trip"" — 8-day Ladakh holiday package, India. Scene: scenic highlights of high-altitude desert, monasteries, Pangong blue lake. Style: Soft morning mist, peaceful serene atmosphere. YatraNexus brand colors: navy #001b2a, orange #ff7a00, purple #4b2cff. Photorealistic, no text, no watermark. Technical: 3:2 landscape 1200×800."
ladakh-srinagar-kargil-leh-road-trip-8d7n-v4,package,Srinagar – Kargil – Leh Road Trip,4,public/images/packages/ladakh-srinagar-kargil-leh-road-trip-8d7n-v4.png,"Create a photorealistic travel image for ""Srinagar – Kargil – Leh Road Trip"" — 8-day Ladakh holiday package, India. Scene: scenic highlights of high-altitude desert, monasteries, Pangong blue lake. Style: Dramatic sunset warm orange-pink sky, romantic mood. YatraNexus brand colors: navy #001b2a, orange #ff7a00, purple #4b2cff. Photorealistic, no text, no watermark. Technical: 3:2 landscape 1200×800."
ladakh-srinagar-kargil-leh-road-trip-8d7n-v5,package,Srinagar – Kargil – Leh Road Trip,5,public/images/packages/ladakh-srinagar-kargil-leh-road-trip-8d7n-v5.png,"Create a photorealistic travel image for ""Srinagar – Kargil – Leh Road Trip"" — 8-day Ladakh holiday package, India. Scene: scenic highlights of high-altitude desert, monasteries, Pangong blue lake. Style: Aerial drone bird's-eye view, epic panoramic scale. YatraNexus brand colors: navy #001b2a, orange #ff7a00, purple #4b2cff. Photorealistic, no text, no watermark. Technical: 3:2 landscape 1200×800."
ladakh-srinagar-kargil-leh-road-trip-8d7n-v6,package,Srinagar – Kargil – Leh Road Trip,6,public/images/packages/ladakh-srinagar-kargil-leh-road-trip-8d7n-v6.png,"Create a photorealistic travel image for ""Srinagar – Kargil – Leh Road Trip"" — 8-day Ladakh holiday package, India. Scene: scenic highlights of high-altitude desert, monasteries, Pangong blue lake. Style: Close-up iconic landmark detail, shallow depth of field. YatraNexus brand colors: navy #001b2a, orange #ff7a00, purple #4b2cff. Photorealistic, no text, no watermark. Technical: 3:2 landscape 1200×800."
ladakh-srinagar-kargil-leh-road-trip-8d7n-v7,package,Srinagar – Kargil – Leh Road Trip,7,public/images/packages/ladakh-srinagar-kargil-leh-road-trip-8d7n-v7.png,"Create a photorealistic travel image for ""Srinagar – Kargil – Leh Road Trip"" — 8-day Ladakh holiday package, India. Scene: scenic highlights of high-altitude desert, monasteries, Pangong blue lake. Style: Cultural heritage focus — temples, forts, or local architecture. YatraNexus brand colors: navy #001b2a, orange #ff7a00, purple #4b2cff. Photorealistic, no text, no watermark. Technical: 3:2 landscape 1200×800."
ladakh-srinagar-kargil-leh-road-trip-8d7n-v8,package,Srinagar – Kargil – Leh Road Trip,8,public/images/packages/ladakh-srinagar-kargil-leh-road-trip-8d7n-v8.png,"Create a photorealistic travel image for ""Srinagar – Kargil – Leh Road Trip"" — 8-day Ladakh holiday package, India. Scene: scenic highlights of high-altitude desert, monasteries, Pangong blue lake. Style: Nature adventure — mountains, forests, rivers, wildlife hints. YatraNexus brand colors: navy #001b2a, orange #ff7a00, purple #4b2cff. Photorealistic, no text, no watermark. Technical: 3:2 landscape 1200×800."
ladakh-srinagar-kargil-leh-road-trip-8d7n-v9,package,Srinagar – Kargil – Leh Road Trip,9,public/images/packages/ladakh-srinagar-kargil-leh-road-trip-8d7n-v9.png,"Create a photorealistic travel image for ""Srinagar – Kargil – Leh Road Trip"" — 8-day Ladakh holiday package, India. Scene: scenic highlights of high-altitude desert, monasteries, Pangong blue lake. Style: Coastal or lakeside calm water reflection composition. YatraNexus brand colors: navy #001b2a, orange #ff7a00, purple #4b2cff. Photorealistic, no text, no watermark. Technical: 3:2 landscape 1200×800."
ladakh-srinagar-kargil-leh-road-trip-8d7n-v10,package,Srinagar – Kargil – Leh Road Trip,10,public/images/packages/ladakh-srinagar-kargil-leh-road-trip-8d7n-v10.png,"Create a photorealistic travel image for ""Srinagar – Kargil – Leh Road Trip"" — 8-day Ladakh holiday package, India. Scene: scenic highlights of high-altitude desert, monasteries, Pangong blue lake. Style: Clean package-card thumbnail — subject centered, minimal clutter. YatraNexus brand colors: navy #001b2a, orange #ff7a00, purple #4b2cff. Photorealistic, no text, no watermark. Technical: 3:2 landscape 1200×800."
ladakh-delhi-manali-leh-expedition-10d9n-v1,package,Delhi – Manali – Leh Expedition,1,public/images/packages/ladakh-delhi-manali-leh-expedition-10d9n-v1.png,"Create a photorealistic travel image for ""Delhi – Manali – Leh Expedition"" — 10-day Ladakh holiday package, India. Scene: scenic highlights of high-altitude desert, monasteries, Pangong blue lake. Style: Wide cinematic golden-hour landscape, premium travel brochure. YatraNexus brand colors: navy #001b2a, orange #ff7a00, purple #4b2cff. Photorealistic, no text, no watermark. Technical: 3:2 landscape 1200×800."
ladakh-delhi-manali-leh-expedition-10d9n-v2,package,Delhi – Manali – Leh Expedition,2,public/images/packages/ladakh-delhi-manali-leh-expedition-10d9n-v2.png,"Create a photorealistic travel image for ""Delhi – Manali – Leh Expedition"" — 10-day Ladakh holiday package, India. Scene: scenic highlights of high-altitude desert, monasteries, Pangong blue lake. Style: Bright daylight vibrant colors, inviting family-friendly mood. YatraNexus brand colors: navy #001b2a, orange #ff7a00, purple #4b2cff. Photorealistic, no text, no watermark. Technical: 3:2 landscape 1200×800."
ladakh-delhi-manali-leh-expedition-10d9n-v3,package,Delhi – Manali – Leh Expedition,3,public/images/packages/ladakh-delhi-manali-leh-expedition-10d9n-v3.png,"Create a photorealistic travel image for ""Delhi – Manali – Leh Expedition"" — 10-day Ladakh holiday package, India. Scene: scenic highlights of high-altitude desert, monasteries, Pangong blue lake. Style: Soft morning mist, peaceful serene atmosphere. YatraNexus brand colors: navy #001b2a, orange #ff7a00, purple #4b2cff. Photorealistic, no text, no watermark. Technical: 3:2 landscape 1200×800."
ladakh-delhi-manali-leh-expedition-10d9n-v4,package,Delhi – Manali – Leh Expedition,4,public/images/packages/ladakh-delhi-manali-leh-expedition-10d9n-v4.png,"Create a photorealistic travel image for ""Delhi – Manali – Leh Expedition"" — 10-day Ladakh holiday package, India. Scene: scenic highlights of high-altitude desert, monasteries, Pangong blue lake. Style: Dramatic sunset warm orange-pink sky, romantic mood. YatraNexus brand colors: navy #001b2a, orange #ff7a00, purple #4b2cff. Photorealistic, no text, no watermark. Technical: 3:2 landscape 1200×800."
ladakh-delhi-manali-leh-expedition-10d9n-v5,package,Delhi – Manali – Leh Expedition,5,public/images/packages/ladakh-delhi-manali-leh-expedition-10d9n-v5.png,"Create a photorealistic travel image for ""Delhi – Manali – Leh Expedition"" — 10-day Ladakh holiday package, India. Scene: scenic highlights of high-altitude desert, monasteries, Pangong blue lake. Style: Aerial drone bird's-eye view, epic panoramic scale. YatraNexus brand colors: navy #001b2a, orange #ff7a00, purple #4b2cff. Photorealistic, no text, no watermark. Technical: 3:2 landscape 1200×800."
ladakh-delhi-manali-leh-expedition-10d9n-v6,package,Delhi – Manali – Leh Expedition,6,public/images/packages/ladakh-delhi-manali-leh-expedition-10d9n-v6.png,"Create a photorealistic travel image for ""Delhi – Manali – Leh Expedition"" — 10-day Ladakh holiday package, India. Scene: scenic highlights of high-altitude desert, monasteries, Pangong blue lake. Style: Close-up iconic landmark detail, shallow depth of field. YatraNexus brand colors: navy #001b2a, orange #ff7a00, purple #4b2cff. Photorealistic, no text, no watermark. Technical: 3:2 landscape 1200×800."
ladakh-delhi-manali-leh-expedition-10d9n-v7,package,Delhi – Manali – Leh Expedition,7,public/images/packages/ladakh-delhi-manali-leh-expedition-10d9n-v7.png,"Create a photorealistic travel image for ""Delhi – Manali – Leh Expedition"" — 10-day Ladakh holiday package, India. Scene: scenic highlights of high-altitude desert, monasteries, Pangong blue lake. Style: Cultural heritage focus — temples, forts, or local architecture. YatraNexus brand colors: navy #001b2a, orange #ff7a00, purple #4b2cff. Photorealistic, no text, no watermark. Technical: 3:2 landscape 1200×800."
ladakh-delhi-manali-leh-expedition-10d9n-v8,package,Delhi – Manali – Leh Expedition,8,public/images/packages/ladakh-delhi-manali-leh-expedition-10d9n-v8.png,"Create a photorealistic travel image for ""Delhi – Manali – Leh Expedition"" — 10-day Ladakh holiday package, India. Scene: scenic highlights of high-altitude desert, monasteries, Pangong blue lake. Style: Nature adventure — mountains, forests, rivers, wildlife hints. YatraNexus brand colors: navy #001b2a, orange #ff7a00, purple #4b2cff. Photorealistic, no text, no watermark. Technical: 3:2 landscape 1200×800."
ladakh-delhi-manali-leh-expedition-10d9n-v9,package,Delhi – Manali – Leh Expedition,9,public/images/packages/ladakh-delhi-manali-leh-expedition-10d9n-v9.png,"Create a photorealistic travel image for ""Delhi – Manali – Leh Expedition"" — 10-day Ladakh holiday package, India. Scene: scenic highlights of high-altitude desert, monasteries, Pangong blue lake. Style: Coastal or lakeside calm water reflection composition. YatraNexus brand colors: navy #001b2a, orange #ff7a00, purple #4b2cff. Photorealistic, no text, no watermark. Technical: 3:2 landscape 1200×800."
ladakh-delhi-manali-leh-expedition-10d9n-v10,package,Delhi – Manali – Leh Expedition,10,public/images/packages/ladakh-delhi-manali-leh-expedition-10d9n-v10.png,"Create a photorealistic travel image for ""Delhi – Manali – Leh Expedition"" — 10-day Ladakh holiday package, India. Scene: scenic highlights of high-altitude desert, monasteries, Pangong blue lake. Style: Clean package-card thumbnail — subject centered, minimal clutter. YatraNexus brand colors: navy #001b2a, orange #ff7a00, purple #4b2cff. Photorealistic, no text, no watermark. Technical: 3:2 landscape 1200×800."
himachal-shimla-manali-tour-package-6d5n-v1,package,Shimla Manali Tour Package,1,public/images/packages/himachal-shimla-manali-tour-package-6d5n-v1.png,"Create a photorealistic travel image for ""Shimla Manali Tour Package"" — 6-day Himachal Pradesh holiday package, India. Scene: scenic highlights of Manali mountains, pine forests, snow peaks. Style: Wide cinematic golden-hour landscape, premium travel brochure. YatraNexus brand colors: navy #001b2a, orange #ff7a00, purple #4b2cff. Photorealistic, no text, no watermark. Technical: 3:2 landscape 1200×800."
himachal-shimla-manali-tour-package-6d5n-v2,package,Shimla Manali Tour Package,2,public/images/packages/himachal-shimla-manali-tour-package-6d5n-v2.png,"Create a photorealistic travel image for ""Shimla Manali Tour Package"" — 6-day Himachal Pradesh holiday package, India. Scene: scenic highlights of Manali mountains, pine forests, snow peaks. Style: Bright daylight vibrant colors, inviting family-friendly mood. YatraNexus brand colors: navy #001b2a, orange #ff7a00, purple #4b2cff. Photorealistic, no text, no watermark. Technical: 3:2 landscape 1200×800."
himachal-shimla-manali-tour-package-6d5n-v3,package,Shimla Manali Tour Package,3,public/images/packages/himachal-shimla-manali-tour-package-6d5n-v3.png,"Create a photorealistic travel image for ""Shimla Manali Tour Package"" — 6-day Himachal Pradesh holiday package, India. Scene: scenic highlights of Manali mountains, pine forests, snow peaks. Style: Soft morning mist, peaceful serene atmosphere. YatraNexus brand colors: navy #001b2a, orange #ff7a00, purple #4b2cff. Photorealistic, no text, no watermark. Technical: 3:2 landscape 1200×800."
himachal-shimla-manali-tour-package-6d5n-v4,package,Shimla Manali Tour Package,4,public/images/packages/himachal-shimla-manali-tour-package-6d5n-v4.png,"Create a photorealistic travel image for ""Shimla Manali Tour Package"" — 6-day Himachal Pradesh holiday package, India. Scene: scenic highlights of Manali mountains, pine forests, snow peaks. Style: Dramatic sunset warm orange-pink sky, romantic mood. YatraNexus brand colors: navy #001b2a, orange #ff7a00, purple #4b2cff. Photorealistic, no text, no watermark. Technical: 3:2 landscape 1200×800."
himachal-shimla-manali-tour-package-6d5n-v5,package,Shimla Manali Tour Package,5,public/images/packages/himachal-shimla-manali-tour-package-6d5n-v5.png,"Create a photorealistic travel image for ""Shimla Manali Tour Package"" — 6-day Himachal Pradesh holiday package, India. Scene: scenic highlights of Manali mountains, pine forests, snow peaks. Style: Aerial drone bird's-eye view, epic panoramic scale. YatraNexus brand colors: navy #001b2a, orange #ff7a00, purple #4b2cff. Photorealistic, no text, no watermark. Technical: 3:2 landscape 1200×800."
himachal-shimla-manali-tour-package-6d5n-v6,package,Shimla Manali Tour Package,6,public/images/packages/himachal-shimla-manali-tour-package-6d5n-v6.png,"Create a photorealistic travel image for ""Shimla Manali Tour Package"" — 6-day Himachal Pradesh holiday package, India. Scene: scenic highlights of Manali mountains, pine forests, snow peaks. Style: Close-up iconic landmark detail, shallow depth of field. YatraNexus brand colors: navy #001b2a, orange #ff7a00, purple #4b2cff. Photorealistic, no text, no watermark. Technical: 3:2 landscape 1200×800."
himachal-shimla-manali-tour-package-6d5n-v7,package,Shimla Manali Tour Package,7,public/images/packages/himachal-shimla-manali-tour-package-6d5n-v7.png,"Create a photorealistic travel image for ""Shimla Manali Tour Package"" — 6-day Himachal Pradesh holiday package, India. Scene: scenic highlights of Manali mountains, pine forests, snow peaks. Style: Cultural heritage focus — temples, forts, or local architecture. YatraNexus brand colors: navy #001b2a, orange #ff7a00, purple #4b2cff. Photorealistic, no text, no watermark. Technical: 3:2 landscape 1200×800."
himachal-shimla-manali-tour-package-6d5n-v8,package,Shimla Manali Tour Package,8,public/images/packages/himachal-shimla-manali-tour-package-6d5n-v8.png,"Create a photorealistic travel image for ""Shimla Manali Tour Package"" — 6-day Himachal Pradesh holiday package, India. Scene: scenic highlights of Manali mountains, pine forests, snow peaks. Style: Nature adventure — mountains, forests, rivers, wildlife hints. YatraNexus brand colors: navy #001b2a, orange #ff7a00, purple #4b2cff. Photorealistic, no text, no watermark. Technical: 3:2 landscape 1200×800."
himachal-shimla-manali-tour-package-6d5n-v9,package,Shimla Manali Tour Package,9,public/images/packages/himachal-shimla-manali-tour-package-6d5n-v9.png,"Create a photorealistic travel image for ""Shimla Manali Tour Package"" — 6-day Himachal Pradesh holiday package, India. Scene: scenic highlights of Manali mountains, pine forests, snow peaks. Style: Coastal or lakeside calm water reflection composition. YatraNexus brand colors: navy #001b2a, orange #ff7a00, purple #4b2cff. Photorealistic, no text, no watermark. Technical: 3:2 landscape 1200×800."
himachal-shimla-manali-tour-package-6d5n-v10,package,Shimla Manali Tour Package,10,public/images/packages/himachal-shimla-manali-tour-package-6d5n-v10.png,"Create a photorealistic travel image for ""Shimla Manali Tour Package"" — 6-day Himachal Pradesh holiday package, India. Scene: scenic highlights of Manali mountains, pine forests, snow peaks. Style: Clean package-card thumbnail — subject centered, minimal clutter. YatraNexus brand colors: navy #001b2a, orange #ff7a00, purple #4b2cff. Photorealistic, no text, no watermark. Technical: 3:2 landscape 1200×800."
himachal-himachal-family-tour-package-8d7n-v1,package,‍‍‍ Himachal Family Tour Package,1,public/images/packages/himachal-himachal-family-tour-package-8d7n-v1.png,"Create a photorealistic travel image for ""‍‍‍ Himachal Family Tour Package"" — 8-day Himachal Pradesh holiday package, India. Scene: family-friendly Manali mountains, pine forests, snow peaks, cheerful safe travel. Style: Wide cinematic golden-hour landscape, premium travel brochure. YatraNexus brand colors: navy #001b2a, orange #ff7a00, purple #4b2cff. Photorealistic, no text, no watermark. Technical: 3:2 landscape 1200×800."
himachal-himachal-family-tour-package-8d7n-v2,package,‍‍‍ Himachal Family Tour Package,2,public/images/packages/himachal-himachal-family-tour-package-8d7n-v2.png,"Create a photorealistic travel image for ""‍‍‍ Himachal Family Tour Package"" — 8-day Himachal Pradesh holiday package, India. Scene: family-friendly Manali mountains, pine forests, snow peaks, cheerful safe travel. Style: Bright daylight vibrant colors, inviting family-friendly mood. YatraNexus brand colors: navy #001b2a, orange #ff7a00, purple #4b2cff. Photorealistic, no text, no watermark. Technical: 3:2 landscape 1200×800."
himachal-himachal-family-tour-package-8d7n-v3,package,‍‍‍ Himachal Family Tour Package,3,public/images/packages/himachal-himachal-family-tour-package-8d7n-v3.png,"Create a photorealistic travel image for ""‍‍‍ Himachal Family Tour Package"" — 8-day Himachal Pradesh holiday package, India. Scene: family-friendly Manali mountains, pine forests, snow peaks, cheerful safe travel. Style: Soft morning mist, peaceful serene atmosphere. YatraNexus brand colors: navy #001b2a, orange #ff7a00, purple #4b2cff. Photorealistic, no text, no watermark. Technical: 3:2 landscape 1200×800."
himachal-himachal-family-tour-package-8d7n-v4,package,‍‍‍ Himachal Family Tour Package,4,public/images/packages/himachal-himachal-family-tour-package-8d7n-v4.png,"Create a photorealistic travel image for ""‍‍‍ Himachal Family Tour Package"" — 8-day Himachal Pradesh holiday package, India. Scene: family-friendly Manali mountains, pine forests, snow peaks, cheerful safe travel. Style: Dramatic sunset warm orange-pink sky, romantic mood. YatraNexus brand colors: navy #001b2a, orange #ff7a00, purple #4b2cff. Photorealistic, no text, no watermark. Technical: 3:2 landscape 1200×800."
himachal-himachal-family-tour-package-8d7n-v5,package,‍‍‍ Himachal Family Tour Package,5,public/images/packages/himachal-himachal-family-tour-package-8d7n-v5.png,"Create a photorealistic travel image for ""‍‍‍ Himachal Family Tour Package"" — 8-day Himachal Pradesh holiday package, India. Scene: family-friendly Manali mountains, pine forests, snow peaks, cheerful safe travel. Style: Aerial drone bird's-eye view, epic panoramic scale. YatraNexus brand colors: navy #001b2a, orange #ff7a00, purple #4b2cff. Photorealistic, no text, no watermark. Technical: 3:2 landscape 1200×800."
himachal-himachal-family-tour-package-8d7n-v6,package,‍‍‍ Himachal Family Tour Package,6,public/images/packages/himachal-himachal-family-tour-package-8d7n-v6.png,"Create a photorealistic travel image for ""‍‍‍ Himachal Family Tour Package"" — 8-day Himachal Pradesh holiday package, India. Scene: family-friendly Manali mountains, pine forests, snow peaks, cheerful safe travel. Style: Close-up iconic landmark detail, shallow depth of field. YatraNexus brand colors: navy #001b2a, orange #ff7a00, purple #4b2cff. Photorealistic, no text, no watermark. Technical: 3:2 landscape 1200×800."
himachal-himachal-family-tour-package-8d7n-v7,package,‍‍‍ Himachal Family Tour Package,7,public/images/packages/himachal-himachal-family-tour-package-8d7n-v7.png,"Create a photorealistic travel image for ""‍‍‍ Himachal Family Tour Package"" — 8-day Himachal Pradesh holiday package, India. Scene: family-friendly Manali mountains, pine forests, snow peaks, cheerful safe travel. Style: Cultural heritage focus — temples, forts, or local architecture. YatraNexus brand colors: navy #001b2a, orange #ff7a00, purple #4b2cff. Photorealistic, no text, no watermark. Technical: 3:2 landscape 1200×800."
himachal-himachal-family-tour-package-8d7n-v8,package,‍‍‍ Himachal Family Tour Package,8,public/images/packages/himachal-himachal-family-tour-package-8d7n-v8.png,"Create a photorealistic travel image for ""‍‍‍ Himachal Family Tour Package"" — 8-day Himachal Pradesh holiday package, India. Scene: family-friendly Manali mountains, pine forests, snow peaks, cheerful safe travel. Style: Nature adventure — mountains, forests, rivers, wildlife hints. YatraNexus brand colors: navy #001b2a, orange #ff7a00, purple #4b2cff. Photorealistic, no text, no watermark. Technical: 3:2 landscape 1200×800."
himachal-himachal-family-tour-package-8d7n-v9,package,‍‍‍ Himachal Family Tour Package,9,public/images/packages/himachal-himachal-family-tour-package-8d7n-v9.png,"Create a photorealistic travel image for ""‍‍‍ Himachal Family Tour Package"" — 8-day Himachal Pradesh holiday package, India. Scene: family-friendly Manali mountains, pine forests, snow peaks, cheerful safe travel. Style: Coastal or lakeside calm water reflection composition. YatraNexus brand colors: navy #001b2a, orange #ff7a00, purple #4b2cff. Photorealistic, no text, no watermark. Technical: 3:2 landscape 1200×800."
himachal-himachal-family-tour-package-8d7n-v10,package,‍‍‍ Himachal Family Tour Package,10,public/images/packages/himachal-himachal-family-tour-package-8d7n-v10.png,"Create a photorealistic travel image for ""‍‍‍ Himachal Family Tour Package"" — 8-day Himachal Pradesh holiday package, India. Scene: family-friendly Manali mountains, pine forests, snow peaks, cheerful safe travel. Style: Clean package-card thumbnail — subject centered, minimal clutter. YatraNexus brand colors: navy #001b2a, orange #ff7a00, purple #4b2cff. Photorealistic, no text, no watermark. Technical: 3:2 landscape 1200×800."
himachal-himachal-honeymoon-package-6d5n-v1,package,Himachal Honeymoon Package,1,public/images/packages/himachal-himachal-honeymoon-package-6d5n-v1.png,"Create a photorealistic travel image for ""Himachal Honeymoon Package"" — 6-day Himachal Pradesh holiday package, India. Scene: romantic Manali mountains, pine forests, snow peaks, intimate luxury mood. Style: Wide cinematic golden-hour landscape, premium travel brochure. YatraNexus brand colors: navy #001b2a, orange #ff7a00, purple #4b2cff. Photorealistic, no text, no watermark. Technical: 3:2 landscape 1200×800."
himachal-himachal-honeymoon-package-6d5n-v2,package,Himachal Honeymoon Package,2,public/images/packages/himachal-himachal-honeymoon-package-6d5n-v2.png,"Create a photorealistic travel image for ""Himachal Honeymoon Package"" — 6-day Himachal Pradesh holiday package, India. Scene: romantic Manali mountains, pine forests, snow peaks, intimate luxury mood. Style: Bright daylight vibrant colors, inviting family-friendly mood. YatraNexus brand colors: navy #001b2a, orange #ff7a00, purple #4b2cff. Photorealistic, no text, no watermark. Technical: 3:2 landscape 1200×800."
himachal-himachal-honeymoon-package-6d5n-v3,package,Himachal Honeymoon Package,3,public/images/packages/himachal-himachal-honeymoon-package-6d5n-v3.png,"Create a photorealistic travel image for ""Himachal Honeymoon Package"" — 6-day Himachal Pradesh holiday package, India. Scene: romantic Manali mountains, pine forests, snow peaks, intimate luxury mood. Style: Soft morning mist, peaceful serene atmosphere. YatraNexus brand colors: navy #001b2a, orange #ff7a00, purple #4b2cff. Photorealistic, no text, no watermark. Technical: 3:2 landscape 1200×800."
himachal-himachal-honeymoon-package-6d5n-v4,package,Himachal Honeymoon Package,4,public/images/packages/himachal-himachal-honeymoon-package-6d5n-v4.png,"Create a photorealistic travel image for ""Himachal Honeymoon Package"" — 6-day Himachal Pradesh holiday package, India. Scene: romantic Manali mountains, pine forests, snow peaks, intimate luxury mood. Style: Dramatic sunset warm orange-pink sky, romantic mood. YatraNexus brand colors: navy #001b2a, orange #ff7a00, purple #4b2cff. Photorealistic, no text, no watermark. Technical: 3:2 landscape 1200×800."
himachal-himachal-honeymoon-package-6d5n-v5,package,Himachal Honeymoon Package,5,public/images/packages/himachal-himachal-honeymoon-package-6d5n-v5.png,"Create a photorealistic travel image for ""Himachal Honeymoon Package"" — 6-day Himachal Pradesh holiday package, India. Scene: romantic Manali mountains, pine forests, snow peaks, intimate luxury mood. Style: Aerial drone bird's-eye view, epic panoramic scale. YatraNexus brand colors: navy #001b2a, orange #ff7a00, purple #4b2cff. Photorealistic, no text, no watermark. Technical: 3:2 landscape 1200×800."
himachal-himachal-honeymoon-package-6d5n-v6,package,Himachal Honeymoon Package,6,public/images/packages/himachal-himachal-honeymoon-package-6d5n-v6.png,"Create a photorealistic travel image for ""Himachal Honeymoon Package"" — 6-day Himachal Pradesh holiday package, India. Scene: romantic Manali mountains, pine forests, snow peaks, intimate luxury mood. Style: Close-up iconic landmark detail, shallow depth of field. YatraNexus brand colors: navy #001b2a, orange #ff7a00, purple #4b2cff. Photorealistic, no text, no watermark. Technical: 3:2 landscape 1200×800."
himachal-himachal-honeymoon-package-6d5n-v7,package,Himachal Honeymoon Package,7,public/images/packages/himachal-himachal-honeymoon-package-6d5n-v7.png,"Create a photorealistic travel image for ""Himachal Honeymoon Package"" — 6-day Himachal Pradesh holiday package, India. Scene: romantic Manali mountains, pine forests, snow peaks, intimate luxury mood. Style: Cultural heritage focus — temples, forts, or local architecture. YatraNexus brand colors: navy #001b2a, orange #ff7a00, purple #4b2cff. Photorealistic, no text, no watermark. Technical: 3:2 landscape 1200×800."
himachal-himachal-honeymoon-package-6d5n-v8,package,Himachal Honeymoon Package,8,public/images/packages/himachal-himachal-honeymoon-package-6d5n-v8.png,"Create a photorealistic travel image for ""Himachal Honeymoon Package"" — 6-day Himachal Pradesh holiday package, India. Scene: romantic Manali mountains, pine forests, snow peaks, intimate luxury mood. Style: Nature adventure — mountains, forests, rivers, wildlife hints. YatraNexus brand colors: navy #001b2a, orange #ff7a00, purple #4b2cff. Photorealistic, no text, no watermark. Technical: 3:2 landscape 1200×800."
himachal-himachal-honeymoon-package-6d5n-v9,package,Himachal Honeymoon Package,9,public/images/packages/himachal-himachal-honeymoon-package-6d5n-v9.png,"Create a photorealistic travel image for ""Himachal Honeymoon Package"" — 6-day Himachal Pradesh holiday package, India. Scene: romantic Manali mountains, pine forests, snow peaks, intimate luxury mood. Style: Coastal or lakeside calm water reflection composition. YatraNexus brand colors: navy #001b2a, orange #ff7a00, purple #4b2cff. Photorealistic, no text, no watermark. Technical: 3:2 landscape 1200×800."
himachal-himachal-honeymoon-package-6d5n-v10,package,Himachal Honeymoon Package,10,public/images/packages/himachal-himachal-honeymoon-package-6d5n-v10.png,"Create a photorealistic travel image for ""Himachal Honeymoon Package"" — 6-day Himachal Pradesh holiday package, India. Scene: romantic Manali mountains, pine forests, snow peaks, intimate luxury mood. Style: Clean package-card thumbnail — subject centered, minimal clutter. YatraNexus brand colors: navy #001b2a, orange #ff7a00, purple #4b2cff. Photorealistic, no text, no watermark. Technical: 3:2 landscape 1200×800."
himachal-dharamshala-dalhousie-tour-package-6d5n-v1,package,Dharamshala – Dalhousie Tour Package,1,public/images/packages/himachal-dharamshala-dalhousie-tour-package-6d5n-v1.png,"Create a photorealistic travel image for ""Dharamshala – Dalhousie Tour Package"" — 6-day Himachal Pradesh holiday package, India. Scene: scenic highlights of Manali mountains, pine forests, snow peaks. Style: Wide cinematic golden-hour landscape, premium travel brochure. YatraNexus brand colors: navy #001b2a, orange #ff7a00, purple #4b2cff. Photorealistic, no text, no watermark. Technical: 3:2 landscape 1200×800."
himachal-dharamshala-dalhousie-tour-package-6d5n-v2,package,Dharamshala – Dalhousie Tour Package,2,public/images/packages/himachal-dharamshala-dalhousie-tour-package-6d5n-v2.png,"Create a photorealistic travel image for ""Dharamshala – Dalhousie Tour Package"" — 6-day Himachal Pradesh holiday package, India. Scene: scenic highlights of Manali mountains, pine forests, snow peaks. Style: Bright daylight vibrant colors, inviting family-friendly mood. YatraNexus brand colors: navy #001b2a, orange #ff7a00, purple #4b2cff. Photorealistic, no text, no watermark. Technical: 3:2 landscape 1200×800."
himachal-dharamshala-dalhousie-tour-package-6d5n-v3,package,Dharamshala – Dalhousie Tour Package,3,public/images/packages/himachal-dharamshala-dalhousie-tour-package-6d5n-v3.png,"Create a photorealistic travel image for ""Dharamshala – Dalhousie Tour Package"" — 6-day Himachal Pradesh holiday package, India. Scene: scenic highlights of Manali mountains, pine forests, snow peaks. Style: Soft morning mist, peaceful serene atmosphere. YatraNexus brand colors: navy #001b2a, orange #ff7a00, purple #4b2cff. Photorealistic, no text, no watermark. Technical: 3:2 landscape 1200×800."
himachal-dharamshala-dalhousie-tour-package-6d5n-v4,package,Dharamshala – Dalhousie Tour Package,4,public/images/packages/himachal-dharamshala-dalhousie-tour-package-6d5n-v4.png,"Create a photorealistic travel image for ""Dharamshala – Dalhousie Tour Package"" — 6-day Himachal Pradesh holiday package, India. Scene: scenic highlights of Manali mountains, pine forests, snow peaks. Style: Dramatic sunset warm orange-pink sky, romantic mood. YatraNexus brand colors: navy #001b2a, orange #ff7a00, purple #4b2cff. Photorealistic, no text, no watermark. Technical: 3:2 landscape 1200×800."
himachal-dharamshala-dalhousie-tour-package-6d5n-v5,package,Dharamshala – Dalhousie Tour Package,5,public/images/packages/himachal-dharamshala-dalhousie-tour-package-6d5n-v5.png,"Create a photorealistic travel image for ""Dharamshala – Dalhousie Tour Package"" — 6-day Himachal Pradesh holiday package, India. Scene: scenic highlights of Manali mountains, pine forests, snow peaks. Style: Aerial drone bird's-eye view, epic panoramic scale. YatraNexus brand colors: navy #001b2a, orange #ff7a00, purple #4b2cff. Photorealistic, no text, no watermark. Technical: 3:2 landscape 1200×800."
himachal-dharamshala-dalhousie-tour-package-6d5n-v6,package,Dharamshala – Dalhousie Tour Package,6,public/images/packages/himachal-dharamshala-dalhousie-tour-package-6d5n-v6.png,"Create a photorealistic travel image for ""Dharamshala – Dalhousie Tour Package"" — 6-day Himachal Pradesh holiday package, India. Scene: scenic highlights of Manali mountains, pine forests, snow peaks. Style: Close-up iconic landmark detail, shallow depth of field. YatraNexus brand colors: navy #001b2a, orange #ff7a00, purple #4b2cff. Photorealistic, no text, no watermark. Technical: 3:2 landscape 1200×800."
himachal-dharamshala-dalhousie-tour-package-6d5n-v7,package,Dharamshala – Dalhousie Tour Package,7,public/images/packages/himachal-dharamshala-dalhousie-tour-package-6d5n-v7.png,"Create a photorealistic travel image for ""Dharamshala – Dalhousie Tour Package"" — 6-day Himachal Pradesh holiday package, India. Scene: scenic highlights of Manali mountains, pine forests, snow peaks. Style: Cultural heritage focus — temples, forts, or local architecture. YatraNexus brand colors: navy #001b2a, orange #ff7a00, purple #4b2cff. Photorealistic, no text, no watermark. Technical: 3:2 landscape 1200×800."
himachal-dharamshala-dalhousie-tour-package-6d5n-v8,package,Dharamshala – Dalhousie Tour Package,8,public/images/packages/himachal-dharamshala-dalhousie-tour-package-6d5n-v8.png,"Create a photorealistic travel image for ""Dharamshala – Dalhousie Tour Package"" — 6-day Himachal Pradesh holiday package, India. Scene: scenic highlights of Manali mountains, pine forests, snow peaks. Style: Nature adventure — mountains, forests, rivers, wildlife hints. YatraNexus brand colors: navy #001b2a, orange #ff7a00, purple #4b2cff. Photorealistic, no text, no watermark. Technical: 3:2 landscape 1200×800."
himachal-dharamshala-dalhousie-tour-package-6d5n-v9,package,Dharamshala – Dalhousie Tour Package,9,public/images/packages/himachal-dharamshala-dalhousie-tour-package-6d5n-v9.png,"Create a photorealistic travel image for ""Dharamshala – Dalhousie Tour Package"" — 6-day Himachal Pradesh holiday package, India. Scene: scenic highlights of Manali mountains, pine forests, snow peaks. Style: Coastal or lakeside calm water reflection composition. YatraNexus brand colors: navy #001b2a, orange #ff7a00, purple #4b2cff. Photorealistic, no text, no watermark. Technical: 3:2 landscape 1200×800."
himachal-dharamshala-dalhousie-tour-package-6d5n-v10,package,Dharamshala – Dalhousie Tour Package,10,public/images/packages/himachal-dharamshala-dalhousie-tour-package-6d5n-v10.png,"Create a photorealistic travel image for ""Dharamshala – Dalhousie Tour Package"" — 6-day Himachal Pradesh holiday package, India. Scene: scenic highlights of Manali mountains, pine forests, snow peaks. Style: Clean package-card thumbnail — subject centered, minimal clutter. YatraNexus brand colors: navy #001b2a, orange #ff7a00, purple #4b2cff. Photorealistic, no text, no watermark. Technical: 3:2 landscape 1200×800."
himachal-complete-himachal-tour-package-10d9n-v1,package,Complete Himachal Tour Package,1,public/images/packages/himachal-complete-himachal-tour-package-10d9n-v1.png,"Create a photorealistic travel image for ""Complete Himachal Tour Package"" — 10-day Himachal Pradesh holiday package, India. Scene: scenic highlights of Manali mountains, pine forests, snow peaks. Style: Wide cinematic golden-hour landscape, premium travel brochure. YatraNexus brand colors: navy #001b2a, orange #ff7a00, purple #4b2cff. Photorealistic, no text, no watermark. Technical: 3:2 landscape 1200×800."
himachal-complete-himachal-tour-package-10d9n-v2,package,Complete Himachal Tour Package,2,public/images/packages/himachal-complete-himachal-tour-package-10d9n-v2.png,"Create a photorealistic travel image for ""Complete Himachal Tour Package"" — 10-day Himachal Pradesh holiday package, India. Scene: scenic highlights of Manali mountains, pine forests, snow peaks. Style: Bright daylight vibrant colors, inviting family-friendly mood. YatraNexus brand colors: navy #001b2a, orange #ff7a00, purple #4b2cff. Photorealistic, no text, no watermark. Technical: 3:2 landscape 1200×800."
himachal-complete-himachal-tour-package-10d9n-v3,package,Complete Himachal Tour Package,3,public/images/packages/himachal-complete-himachal-tour-package-10d9n-v3.png,"Create a photorealistic travel image for ""Complete Himachal Tour Package"" — 10-day Himachal Pradesh holiday package, India. Scene: scenic highlights of Manali mountains, pine forests, snow peaks. Style: Soft morning mist, peaceful serene atmosphere. YatraNexus brand colors: navy #001b2a, orange #ff7a00, purple #4b2cff. Photorealistic, no text, no watermark. Technical: 3:2 landscape 1200×800."
himachal-complete-himachal-tour-package-10d9n-v4,package,Complete Himachal Tour Package,4,public/images/packages/himachal-complete-himachal-tour-package-10d9n-v4.png,"Create a photorealistic travel image for ""Complete Himachal Tour Package"" — 10-day Himachal Pradesh holiday package, India. Scene: scenic highlights of Manali mountains, pine forests, snow peaks. Style: Dramatic sunset warm orange-pink sky, romantic mood. YatraNexus brand colors: navy #001b2a, orange #ff7a00, purple #4b2cff. Photorealistic, no text, no watermark. Technical: 3:2 landscape 1200×800."
himachal-complete-himachal-tour-package-10d9n-v5,package,Complete Himachal Tour Package,5,public/images/packages/himachal-complete-himachal-tour-package-10d9n-v5.png,"Create a photorealistic travel image for ""Complete Himachal Tour Package"" — 10-day Himachal Pradesh holiday package, India. Scene: scenic highlights of Manali mountains, pine forests, snow peaks. Style: Aerial drone bird's-eye view, epic panoramic scale. YatraNexus brand colors: navy #001b2a, orange #ff7a00, purple #4b2cff. Photorealistic, no text, no watermark. Technical: 3:2 landscape 1200×800."
himachal-complete-himachal-tour-package-10d9n-v6,package,Complete Himachal Tour Package,6,public/images/packages/himachal-complete-himachal-tour-package-10d9n-v6.png,"Create a photorealistic travel image for ""Complete Himachal Tour Package"" — 10-day Himachal Pradesh holiday package, India. Scene: scenic highlights of Manali mountains, pine forests, snow peaks. Style: Close-up iconic landmark detail, shallow depth of field. YatraNexus brand colors: navy #001b2a, orange #ff7a00, purple #4b2cff. Photorealistic, no text, no watermark. Technical: 3:2 landscape 1200×800."
himachal-complete-himachal-tour-package-10d9n-v7,package,Complete Himachal Tour Package,7,public/images/packages/himachal-complete-himachal-tour-package-10d9n-v7.png,"Create a photorealistic travel image for ""Complete Himachal Tour Package"" — 10-day Himachal Pradesh holiday package, India. Scene: scenic highlights of Manali mountains, pine forests, snow peaks. Style: Cultural heritage focus — temples, forts, or local architecture. YatraNexus brand colors: navy #001b2a, orange #ff7a00, purple #4b2cff. Photorealistic, no text, no watermark. Technical: 3:2 landscape 1200×800."
himachal-complete-himachal-tour-package-10d9n-v8,package,Complete Himachal Tour Package,8,public/images/packages/himachal-complete-himachal-tour-package-10d9n-v8.png,"Create a photorealistic travel image for ""Complete Himachal Tour Package"" — 10-day Himachal Pradesh holiday package, India. Scene: scenic highlights of Manali mountains, pine forests, snow peaks. Style: Nature adventure — mountains, forests, rivers, wildlife hints. YatraNexus brand colors: navy #001b2a, orange #ff7a00, purple #4b2cff. Photorealistic, no text, no watermark. Technical: 3:2 landscape 1200×800."
himachal-complete-himachal-tour-package-10d9n-v9,package,Complete Himachal Tour Package,9,public/images/packages/himachal-complete-himachal-tour-package-10d9n-v9.png,"Create a photorealistic travel image for ""Complete Himachal Tour Package"" — 10-day Himachal Pradesh holiday package, India. Scene: scenic highlights of Manali mountains, pine forests, snow peaks. Style: Coastal or lakeside calm water reflection composition. YatraNexus brand colors: navy #001b2a, orange #ff7a00, purple #4b2cff. Photorealistic, no text, no watermark. Technical: 3:2 landscape 1200×800."
himachal-complete-himachal-tour-package-10d9n-v10,package,Complete Himachal Tour Package,10,public/images/packages/himachal-complete-himachal-tour-package-10d9n-v10.png,"Create a photorealistic travel image for ""Complete Himachal Tour Package"" — 10-day Himachal Pradesh holiday package, India. Scene: scenic highlights of Manali mountains, pine forests, snow peaks. Style: Clean package-card thumbnail — subject centered, minimal clutter. YatraNexus brand colors: navy #001b2a, orange #ff7a00, purple #4b2cff. Photorealistic, no text, no watermark. Technical: 3:2 landscape 1200×800."
himachal-spiti-valley-circuit-tour-9d8n-v1,package,Spiti Valley Circuit Tour,1,public/images/packages/himachal-spiti-valley-circuit-tour-9d8n-v1.png,"Create a photorealistic travel image for ""Spiti Valley Circuit Tour"" — 9-day Himachal Pradesh holiday package, India. Scene: scenic highlights of Manali mountains, pine forests, snow peaks. Style: Wide cinematic golden-hour landscape, premium travel brochure. YatraNexus brand colors: navy #001b2a, orange #ff7a00, purple #4b2cff. Photorealistic, no text, no watermark. Technical: 3:2 landscape 1200×800."
himachal-spiti-valley-circuit-tour-9d8n-v2,package,Spiti Valley Circuit Tour,2,public/images/packages/himachal-spiti-valley-circuit-tour-9d8n-v2.png,"Create a photorealistic travel image for ""Spiti Valley Circuit Tour"" — 9-day Himachal Pradesh holiday package, India. Scene: scenic highlights of Manali mountains, pine forests, snow peaks. Style: Bright daylight vibrant colors, inviting family-friendly mood. YatraNexus brand colors: navy #001b2a, orange #ff7a00, purple #4b2cff. Photorealistic, no text, no watermark. Technical: 3:2 landscape 1200×800."
himachal-spiti-valley-circuit-tour-9d8n-v3,package,Spiti Valley Circuit Tour,3,public/images/packages/himachal-spiti-valley-circuit-tour-9d8n-v3.png,"Create a photorealistic travel image for ""Spiti Valley Circuit Tour"" — 9-day Himachal Pradesh holiday package, India. Scene: scenic highlights of Manali mountains, pine forests, snow peaks. Style: Soft morning mist, peaceful serene atmosphere. YatraNexus brand colors: navy #001b2a, orange #ff7a00, purple #4b2cff. Photorealistic, no text, no watermark. Technical: 3:2 landscape 1200×800."
himachal-spiti-valley-circuit-tour-9d8n-v4,package,Spiti Valley Circuit Tour,4,public/images/packages/himachal-spiti-valley-circuit-tour-9d8n-v4.png,"Create a photorealistic travel image for ""Spiti Valley Circuit Tour"" — 9-day Himachal Pradesh holiday package, India. Scene: scenic highlights of Manali mountains, pine forests, snow peaks. Style: Dramatic sunset warm orange-pink sky, romantic mood. YatraNexus brand colors: navy #001b2a, orange #ff7a00, purple #4b2cff. Photorealistic, no text, no watermark. Technical: 3:2 landscape 1200×800."
himachal-spiti-valley-circuit-tour-9d8n-v5,package,Spiti Valley Circuit Tour,5,public/images/packages/himachal-spiti-valley-circuit-tour-9d8n-v5.png,"Create a photorealistic travel image for ""Spiti Valley Circuit Tour"" — 9-day Himachal Pradesh holiday package, India. Scene: scenic highlights of Manali mountains, pine forests, snow peaks. Style: Aerial drone bird's-eye view, epic panoramic scale. YatraNexus brand colors: navy #001b2a, orange #ff7a00, purple #4b2cff. Photorealistic, no text, no watermark. Technical: 3:2 landscape 1200×800."
himachal-spiti-valley-circuit-tour-9d8n-v6,package,Spiti Valley Circuit Tour,6,public/images/packages/himachal-spiti-valley-circuit-tour-9d8n-v6.png,"Create a photorealistic travel image for ""Spiti Valley Circuit Tour"" — 9-day Himachal Pradesh holiday package, India. Scene: scenic highlights of Manali mountains, pine forests, snow peaks. Style: Close-up iconic landmark detail, shallow depth of field. YatraNexus brand colors: navy #001b2a, orange #ff7a00, purple #4b2cff. Photorealistic, no text, no watermark. Technical: 3:2 landscape 1200×800."
himachal-spiti-valley-circuit-tour-9d8n-v7,package,Spiti Valley Circuit Tour,7,public/images/packages/himachal-spiti-valley-circuit-tour-9d8n-v7.png,"Create a photorealistic travel image for ""Spiti Valley Circuit Tour"" — 9-day Himachal Pradesh holiday package, India. Scene: scenic highlights of Manali mountains, pine forests, snow peaks. Style: Cultural heritage focus — temples, forts, or local architecture. YatraNexus brand colors: navy #001b2a, orange #ff7a00, purple #4b2cff. Photorealistic, no text, no watermark. Technical: 3:2 landscape 1200×800."
himachal-spiti-valley-circuit-tour-9d8n-v8,package,Spiti Valley Circuit Tour,8,public/images/packages/himachal-spiti-valley-circuit-tour-9d8n-v8.png,"Create a photorealistic travel image for ""Spiti Valley Circuit Tour"" — 9-day Himachal Pradesh holiday package, India. Scene: scenic highlights of Manali mountains, pine forests, snow peaks. Style: Nature adventure — mountains, forests, rivers, wildlife hints. YatraNexus brand colors: navy #001b2a, orange #ff7a00, purple #4b2cff. Photorealistic, no text, no watermark. Technical: 3:2 landscape 1200×800."
himachal-spiti-valley-circuit-tour-9d8n-v9,package,Spiti Valley Circuit Tour,9,public/images/packages/himachal-spiti-valley-circuit-tour-9d8n-v9.png,"Create a photorealistic travel image for ""Spiti Valley Circuit Tour"" — 9-day Himachal Pradesh holiday package, India. Scene: scenic highlights of Manali mountains, pine forests, snow peaks. Style: Coastal or lakeside calm water reflection composition. YatraNexus brand colors: navy #001b2a, orange #ff7a00, purple #4b2cff. Photorealistic, no text, no watermark. Technical: 3:2 landscape 1200×800."
himachal-spiti-valley-circuit-tour-9d8n-v10,package,Spiti Valley Circuit Tour,10,public/images/packages/himachal-spiti-valley-circuit-tour-9d8n-v10.png,"Create a photorealistic travel image for ""Spiti Valley Circuit Tour"" — 9-day Himachal Pradesh holiday package, India. Scene: scenic highlights of Manali mountains, pine forests, snow peaks. Style: Clean package-card thumbnail — subject centered, minimal clutter. YatraNexus brand colors: navy #001b2a, orange #ff7a00, purple #4b2cff. Photorealistic, no text, no watermark. Technical: 3:2 landscape 1200×800."
gujarat-divine-dwarka-somnath-pilgrimage-tour-4d3n-v1,package,Divine Dwarka Somnath Pilgrimage Tour,1,public/images/packages/gujarat-divine-dwarka-somnath-pilgrimage-tour-4d3n-v1.png,"Create a photorealistic travel image for ""Divine Dwarka Somnath Pilgrimage Tour"" — 4-day Gujarat holiday package, India. Scene: spiritual pilgrimage Rann of Kutch white desert, Somnath, Statue of Unity, respectful reverent mood. Style: Wide cinematic golden-hour landscape, premium travel brochure. YatraNexus brand colors: navy #001b2a, orange #ff7a00, purple #4b2cff. Photorealistic, no text, no watermark. Technical: 3:2 landscape 1200×800."
gujarat-divine-dwarka-somnath-pilgrimage-tour-4d3n-v2,package,Divine Dwarka Somnath Pilgrimage Tour,2,public/images/packages/gujarat-divine-dwarka-somnath-pilgrimage-tour-4d3n-v2.png,"Create a photorealistic travel image for ""Divine Dwarka Somnath Pilgrimage Tour"" — 4-day Gujarat holiday package, India. Scene: spiritual pilgrimage Rann of Kutch white desert, Somnath, Statue of Unity, respectful reverent mood. Style: Bright daylight vibrant colors, inviting family-friendly mood. YatraNexus brand colors: navy #001b2a, orange #ff7a00, purple #4b2cff. Photorealistic, no text, no watermark. Technical: 3:2 landscape 1200×800."
gujarat-divine-dwarka-somnath-pilgrimage-tour-4d3n-v3,package,Divine Dwarka Somnath Pilgrimage Tour,3,public/images/packages/gujarat-divine-dwarka-somnath-pilgrimage-tour-4d3n-v3.png,"Create a photorealistic travel image for ""Divine Dwarka Somnath Pilgrimage Tour"" — 4-day Gujarat holiday package, India. Scene: spiritual pilgrimage Rann of Kutch white desert, Somnath, Statue of Unity, respectful reverent mood. Style: Soft morning mist, peaceful serene atmosphere. YatraNexus brand colors: navy #001b2a, orange #ff7a00, purple #4b2cff. Photorealistic, no text, no watermark. Technical: 3:2 landscape 1200×800."
gujarat-divine-dwarka-somnath-pilgrimage-tour-4d3n-v4,package,Divine Dwarka Somnath Pilgrimage Tour,4,public/images/packages/gujarat-divine-dwarka-somnath-pilgrimage-tour-4d3n-v4.png,"Create a photorealistic travel image for ""Divine Dwarka Somnath Pilgrimage Tour"" — 4-day Gujarat holiday package, India. Scene: spiritual pilgrimage Rann of Kutch white desert, Somnath, Statue of Unity, respectful reverent mood. Style: Dramatic sunset warm orange-pink sky, romantic mood. YatraNexus brand colors: navy #001b2a, orange #ff7a00, purple #4b2cff. Photorealistic, no text, no watermark. Technical: 3:2 landscape 1200×800."
gujarat-divine-dwarka-somnath-pilgrimage-tour-4d3n-v5,package,Divine Dwarka Somnath Pilgrimage Tour,5,public/images/packages/gujarat-divine-dwarka-somnath-pilgrimage-tour-4d3n-v5.png,"Create a photorealistic travel image for ""Divine Dwarka Somnath Pilgrimage Tour"" — 4-day Gujarat holiday package, India. Scene: spiritual pilgrimage Rann of Kutch white desert, Somnath, Statue of Unity, respectful reverent mood. Style: Aerial drone bird's-eye view, epic panoramic scale. YatraNexus brand colors: navy #001b2a, orange #ff7a00, purple #4b2cff. Photorealistic, no text, no watermark. Technical: 3:2 landscape 1200×800."
gujarat-divine-dwarka-somnath-pilgrimage-tour-4d3n-v6,package,Divine Dwarka Somnath Pilgrimage Tour,6,public/images/packages/gujarat-divine-dwarka-somnath-pilgrimage-tour-4d3n-v6.png,"Create a photorealistic travel image for ""Divine Dwarka Somnath Pilgrimage Tour"" — 4-day Gujarat holiday package, India. Scene: spiritual pilgrimage Rann of Kutch white desert, Somnath, Statue of Unity, respectful reverent mood. Style: Close-up iconic landmark detail, shallow depth of field. YatraNexus brand colors: navy #001b2a, orange #ff7a00, purple #4b2cff. Photorealistic, no text, no watermark. Technical: 3:2 landscape 1200×800."
gujarat-divine-dwarka-somnath-pilgrimage-tour-4d3n-v7,package,Divine Dwarka Somnath Pilgrimage Tour,7,public/images/packages/gujarat-divine-dwarka-somnath-pilgrimage-tour-4d3n-v7.png,"Create a photorealistic travel image for ""Divine Dwarka Somnath Pilgrimage Tour"" — 4-day Gujarat holiday package, India. Scene: spiritual pilgrimage Rann of Kutch white desert, Somnath, Statue of Unity, respectful reverent mood. Style: Cultural heritage focus — temples, forts, or local architecture. YatraNexus brand colors: navy #001b2a, orange #ff7a00, purple #4b2cff. Photorealistic, no text, no watermark. Technical: 3:2 landscape 1200×800."
gujarat-divine-dwarka-somnath-pilgrimage-tour-4d3n-v8,package,Divine Dwarka Somnath Pilgrimage Tour,8,public/images/packages/gujarat-divine-dwarka-somnath-pilgrimage-tour-4d3n-v8.png,"Create a photorealistic travel image for ""Divine Dwarka Somnath Pilgrimage Tour"" — 4-day Gujarat holiday package, India. Scene: spiritual pilgrimage Rann of Kutch white desert, Somnath, Statue of Unity, respectful reverent mood. Style: Nature adventure — mountains, forests, rivers, wildlife hints. YatraNexus brand colors: navy #001b2a, orange #ff7a00, purple #4b2cff. Photorealistic, no text, no watermark. Technical: 3:2 landscape 1200×800."
gujarat-divine-dwarka-somnath-pilgrimage-tour-4d3n-v9,package,Divine Dwarka Somnath Pilgrimage Tour,9,public/images/packages/gujarat-divine-dwarka-somnath-pilgrimage-tour-4d3n-v9.png,"Create a photorealistic travel image for ""Divine Dwarka Somnath Pilgrimage Tour"" — 4-day Gujarat holiday package, India. Scene: spiritual pilgrimage Rann of Kutch white desert, Somnath, Statue of Unity, respectful reverent mood. Style: Coastal or lakeside calm water reflection composition. YatraNexus brand colors: navy #001b2a, orange #ff7a00, purple #4b2cff. Photorealistic, no text, no watermark. Technical: 3:2 landscape 1200×800."
gujarat-divine-dwarka-somnath-pilgrimage-tour-4d3n-v10,package,Divine Dwarka Somnath Pilgrimage Tour,10,public/images/packages/gujarat-divine-dwarka-somnath-pilgrimage-tour-4d3n-v10.png,"Create a photorealistic travel image for ""Divine Dwarka Somnath Pilgrimage Tour"" — 4-day Gujarat holiday package, India. Scene: spiritual pilgrimage Rann of Kutch white desert, Somnath, Statue of Unity, respectful reverent mood. Style: Clean package-card thumbnail — subject centered, minimal clutter. YatraNexus brand colors: navy #001b2a, orange #ff7a00, purple #4b2cff. Photorealistic, no text, no watermark. Technical: 3:2 landscape 1200×800."
gujarat-dwarka-somnath-gir-wildlife-tour-5d4n-v1,package,Dwarka Somnath & Gir Wildlife Tour,1,public/images/packages/gujarat-dwarka-somnath-gir-wildlife-tour-5d4n-v1.png,"Create a photorealistic travel image for ""Dwarka Somnath & Gir Wildlife Tour"" — 5-day Gujarat holiday package, India. Scene: wildlife safari Rann of Kutch white desert, Somnath, Statue of Unity. Style: Wide cinematic golden-hour landscape, premium travel brochure. YatraNexus brand colors: navy #001b2a, orange #ff7a00, purple #4b2cff. Photorealistic, no text, no watermark. Technical: 3:2 landscape 1200×800."
gujarat-dwarka-somnath-gir-wildlife-tour-5d4n-v2,package,Dwarka Somnath & Gir Wildlife Tour,2,public/images/packages/gujarat-dwarka-somnath-gir-wildlife-tour-5d4n-v2.png,"Create a photorealistic travel image for ""Dwarka Somnath & Gir Wildlife Tour"" — 5-day Gujarat holiday package, India. Scene: wildlife safari Rann of Kutch white desert, Somnath, Statue of Unity. Style: Bright daylight vibrant colors, inviting family-friendly mood. YatraNexus brand colors: navy #001b2a, orange #ff7a00, purple #4b2cff. Photorealistic, no text, no watermark. Technical: 3:2 landscape 1200×800."
gujarat-dwarka-somnath-gir-wildlife-tour-5d4n-v3,package,Dwarka Somnath & Gir Wildlife Tour,3,public/images/packages/gujarat-dwarka-somnath-gir-wildlife-tour-5d4n-v3.png,"Create a photorealistic travel image for ""Dwarka Somnath & Gir Wildlife Tour"" — 5-day Gujarat holiday package, India. Scene: wildlife safari Rann of Kutch white desert, Somnath, Statue of Unity. Style: Soft morning mist, peaceful serene atmosphere. YatraNexus brand colors: navy #001b2a, orange #ff7a00, purple #4b2cff. Photorealistic, no text, no watermark. Technical: 3:2 landscape 1200×800."
gujarat-dwarka-somnath-gir-wildlife-tour-5d4n-v4,package,Dwarka Somnath & Gir Wildlife Tour,4,public/images/packages/gujarat-dwarka-somnath-gir-wildlife-tour-5d4n-v4.png,"Create a photorealistic travel image for ""Dwarka Somnath & Gir Wildlife Tour"" — 5-day Gujarat holiday package, India. Scene: wildlife safari Rann of Kutch white desert, Somnath, Statue of Unity. Style: Dramatic sunset warm orange-pink sky, romantic mood. YatraNexus brand colors: navy #001b2a, orange #ff7a00, purple #4b2cff. Photorealistic, no text, no watermark. Technical: 3:2 landscape 1200×800."
gujarat-dwarka-somnath-gir-wildlife-tour-5d4n-v5,package,Dwarka Somnath & Gir Wildlife Tour,5,public/images/packages/gujarat-dwarka-somnath-gir-wildlife-tour-5d4n-v5.png,"Create a photorealistic travel image for ""Dwarka Somnath & Gir Wildlife Tour"" — 5-day Gujarat holiday package, India. Scene: wildlife safari Rann of Kutch white desert, Somnath, Statue of Unity. Style: Aerial drone bird's-eye view, epic panoramic scale. YatraNexus brand colors: navy #001b2a, orange #ff7a00, purple #4b2cff. Photorealistic, no text, no watermark. Technical: 3:2 landscape 1200×800."
gujarat-dwarka-somnath-gir-wildlife-tour-5d4n-v6,package,Dwarka Somnath & Gir Wildlife Tour,6,public/images/packages/gujarat-dwarka-somnath-gir-wildlife-tour-5d4n-v6.png,"Create a photorealistic travel image for ""Dwarka Somnath & Gir Wildlife Tour"" — 5-day Gujarat holiday package, India. Scene: wildlife safari Rann of Kutch white desert, Somnath, Statue of Unity. Style: Close-up iconic landmark detail, shallow depth of field. YatraNexus brand colors: navy #001b2a, orange #ff7a00, purple #4b2cff. Photorealistic, no text, no watermark. Technical: 3:2 landscape 1200×800."
gujarat-dwarka-somnath-gir-wildlife-tour-5d4n-v7,package,Dwarka Somnath & Gir Wildlife Tour,7,public/images/packages/gujarat-dwarka-somnath-gir-wildlife-tour-5d4n-v7.png,"Create a photorealistic travel image for ""Dwarka Somnath & Gir Wildlife Tour"" — 5-day Gujarat holiday package, India. Scene: wildlife safari Rann of Kutch white desert, Somnath, Statue of Unity. Style: Cultural heritage focus — temples, forts, or local architecture. YatraNexus brand colors: navy #001b2a, orange #ff7a00, purple #4b2cff. Photorealistic, no text, no watermark. Technical: 3:2 landscape 1200×800."
gujarat-dwarka-somnath-gir-wildlife-tour-5d4n-v8,package,Dwarka Somnath & Gir Wildlife Tour,8,public/images/packages/gujarat-dwarka-somnath-gir-wildlife-tour-5d4n-v8.png,"Create a photorealistic travel image for ""Dwarka Somnath & Gir Wildlife Tour"" — 5-day Gujarat holiday package, India. Scene: wildlife safari Rann of Kutch white desert, Somnath, Statue of Unity. Style: Nature adventure — mountains, forests, rivers, wildlife hints. YatraNexus brand colors: navy #001b2a, orange #ff7a00, purple #4b2cff. Photorealistic, no text, no watermark. Technical: 3:2 landscape 1200×800."
gujarat-dwarka-somnath-gir-wildlife-tour-5d4n-v9,package,Dwarka Somnath & Gir Wildlife Tour,9,public/images/packages/gujarat-dwarka-somnath-gir-wildlife-tour-5d4n-v9.png,"Create a photorealistic travel image for ""Dwarka Somnath & Gir Wildlife Tour"" — 5-day Gujarat holiday package, India. Scene: wildlife safari Rann of Kutch white desert, Somnath, Statue of Unity. Style: Coastal or lakeside calm water reflection composition. YatraNexus brand colors: navy #001b2a, orange #ff7a00, purple #4b2cff. Photorealistic, no text, no watermark. Technical: 3:2 landscape 1200×800."
gujarat-dwarka-somnath-gir-wildlife-tour-5d4n-v10,package,Dwarka Somnath & Gir Wildlife Tour,10,public/images/packages/gujarat-dwarka-somnath-gir-wildlife-tour-5d4n-v10.png,"Create a photorealistic travel image for ""Dwarka Somnath & Gir Wildlife Tour"" — 5-day Gujarat holiday package, India. Scene: wildlife safari Rann of Kutch white desert, Somnath, Statue of Unity. Style: Clean package-card thumbnail — subject centered, minimal clutter. YatraNexus brand colors: navy #001b2a, orange #ff7a00, purple #4b2cff. Photorealistic, no text, no watermark. Technical: 3:2 landscape 1200×800."
gujarat-gujarat-coastal-heritage-diu-beach-escape-6d5n-v1,package,Gujarat Coastal Heritage & Diu Beach Escape,1,public/images/packages/gujarat-gujarat-coastal-heritage-diu-beach-escape-6d5n-v1.png,"Create a photorealistic travel image for ""Gujarat Coastal Heritage & Diu Beach Escape"" — 6-day Gujarat holiday package, India. Scene: coastal beaches Rann of Kutch white desert, Somnath, Statue of Unity. Style: Wide cinematic golden-hour landscape, premium travel brochure. YatraNexus brand colors: navy #001b2a, orange #ff7a00, purple #4b2cff. Photorealistic, no text, no watermark. Technical: 3:2 landscape 1200×800."
gujarat-gujarat-coastal-heritage-diu-beach-escape-6d5n-v2,package,Gujarat Coastal Heritage & Diu Beach Escape,2,public/images/packages/gujarat-gujarat-coastal-heritage-diu-beach-escape-6d5n-v2.png,"Create a photorealistic travel image for ""Gujarat Coastal Heritage & Diu Beach Escape"" — 6-day Gujarat holiday package, India. Scene: coastal beaches Rann of Kutch white desert, Somnath, Statue of Unity. Style: Bright daylight vibrant colors, inviting family-friendly mood. YatraNexus brand colors: navy #001b2a, orange #ff7a00, purple #4b2cff. Photorealistic, no text, no watermark. Technical: 3:2 landscape 1200×800."
gujarat-gujarat-coastal-heritage-diu-beach-escape-6d5n-v3,package,Gujarat Coastal Heritage & Diu Beach Escape,3,public/images/packages/gujarat-gujarat-coastal-heritage-diu-beach-escape-6d5n-v3.png,"Create a photorealistic travel image for ""Gujarat Coastal Heritage & Diu Beach Escape"" — 6-day Gujarat holiday package, India. Scene: coastal beaches Rann of Kutch white desert, Somnath, Statue of Unity. Style: Soft morning mist, peaceful serene atmosphere. YatraNexus brand colors: navy #001b2a, orange #ff7a00, purple #4b2cff. Photorealistic, no text, no watermark. Technical: 3:2 landscape 1200×800."
gujarat-gujarat-coastal-heritage-diu-beach-escape-6d5n-v4,package,Gujarat Coastal Heritage & Diu Beach Escape,4,public/images/packages/gujarat-gujarat-coastal-heritage-diu-beach-escape-6d5n-v4.png,"Create a photorealistic travel image for ""Gujarat Coastal Heritage & Diu Beach Escape"" — 6-day Gujarat holiday package, India. Scene: coastal beaches Rann of Kutch white desert, Somnath, Statue of Unity. Style: Dramatic sunset warm orange-pink sky, romantic mood. YatraNexus brand colors: navy #001b2a, orange #ff7a00, purple #4b2cff. Photorealistic, no text, no watermark. Technical: 3:2 landscape 1200×800."
gujarat-gujarat-coastal-heritage-diu-beach-escape-6d5n-v5,package,Gujarat Coastal Heritage & Diu Beach Escape,5,public/images/packages/gujarat-gujarat-coastal-heritage-diu-beach-escape-6d5n-v5.png,"Create a photorealistic travel image for ""Gujarat Coastal Heritage & Diu Beach Escape"" — 6-day Gujarat holiday package, India. Scene: coastal beaches Rann of Kutch white desert, Somnath, Statue of Unity. Style: Aerial drone bird's-eye view, epic panoramic scale. YatraNexus brand colors: navy #001b2a, orange #ff7a00, purple #4b2cff. Photorealistic, no text, no watermark. Technical: 3:2 landscape 1200×800."
gujarat-gujarat-coastal-heritage-diu-beach-escape-6d5n-v6,package,Gujarat Coastal Heritage & Diu Beach Escape,6,public/images/packages/gujarat-gujarat-coastal-heritage-diu-beach-escape-6d5n-v6.png,"Create a photorealistic travel image for ""Gujarat Coastal Heritage & Diu Beach Escape"" — 6-day Gujarat holiday package, India. Scene: coastal beaches Rann of Kutch white desert, Somnath, Statue of Unity. Style: Close-up iconic landmark detail, shallow depth of field. YatraNexus brand colors: navy #001b2a, orange #ff7a00, purple #4b2cff. Photorealistic, no text, no watermark. Technical: 3:2 landscape 1200×800."
gujarat-gujarat-coastal-heritage-diu-beach-escape-6d5n-v7,package,Gujarat Coastal Heritage & Diu Beach Escape,7,public/images/packages/gujarat-gujarat-coastal-heritage-diu-beach-escape-6d5n-v7.png,"Create a photorealistic travel image for ""Gujarat Coastal Heritage & Diu Beach Escape"" — 6-day Gujarat holiday package, India. Scene: coastal beaches Rann of Kutch white desert, Somnath, Statue of Unity. Style: Cultural heritage focus — temples, forts, or local architecture. YatraNexus brand colors: navy #001b2a, orange #ff7a00, purple #4b2cff. Photorealistic, no text, no watermark. Technical: 3:2 landscape 1200×800."
gujarat-gujarat-coastal-heritage-diu-beach-escape-6d5n-v8,package,Gujarat Coastal Heritage & Diu Beach Escape,8,public/images/packages/gujarat-gujarat-coastal-heritage-diu-beach-escape-6d5n-v8.png,"Create a photorealistic travel image for ""Gujarat Coastal Heritage & Diu Beach Escape"" — 6-day Gujarat holiday package, India. Scene: coastal beaches Rann of Kutch white desert, Somnath, Statue of Unity. Style: Nature adventure — mountains, forests, rivers, wildlife hints. YatraNexus brand colors: navy #001b2a, orange #ff7a00, purple #4b2cff. Photorealistic, no text, no watermark. Technical: 3:2 landscape 1200×800."
gujarat-gujarat-coastal-heritage-diu-beach-escape-6d5n-v9,package,Gujarat Coastal Heritage & Diu Beach Escape,9,public/images/packages/gujarat-gujarat-coastal-heritage-diu-beach-escape-6d5n-v9.png,"Create a photorealistic travel image for ""Gujarat Coastal Heritage & Diu Beach Escape"" — 6-day Gujarat holiday package, India. Scene: coastal beaches Rann of Kutch white desert, Somnath, Statue of Unity. Style: Coastal or lakeside calm water reflection composition. YatraNexus brand colors: navy #001b2a, orange #ff7a00, purple #4b2cff. Photorealistic, no text, no watermark. Technical: 3:2 landscape 1200×800."
gujarat-gujarat-coastal-heritage-diu-beach-escape-6d5n-v10,package,Gujarat Coastal Heritage & Diu Beach Escape,10,public/images/packages/gujarat-gujarat-coastal-heritage-diu-beach-escape-6d5n-v10.png,"Create a photorealistic travel image for ""Gujarat Coastal Heritage & Diu Beach Escape"" — 6-day Gujarat holiday package, India. Scene: coastal beaches Rann of Kutch white desert, Somnath, Statue of Unity. Style: Clean package-card thumbnail — subject centered, minimal clutter. YatraNexus brand colors: navy #001b2a, orange #ff7a00, purple #4b2cff. Photorealistic, no text, no watermark. Technical: 3:2 landscape 1200×800."
gujarat-white-rann-of-kutch-cultural-escape-4d3n-v1,package,White Rann of Kutch Cultural Escape,1,public/images/packages/gujarat-white-rann-of-kutch-cultural-escape-4d3n-v1.png,"Create a photorealistic travel image for ""White Rann of Kutch Cultural Escape"" — 4-day Gujarat holiday package, India. Scene: scenic highlights of Rann of Kutch white desert, Somnath, Statue of Unity. Style: Wide cinematic golden-hour landscape, premium travel brochure. YatraNexus brand colors: navy #001b2a, orange #ff7a00, purple #4b2cff. Photorealistic, no text, no watermark. Technical: 3:2 landscape 1200×800."
gujarat-white-rann-of-kutch-cultural-escape-4d3n-v2,package,White Rann of Kutch Cultural Escape,2,public/images/packages/gujarat-white-rann-of-kutch-cultural-escape-4d3n-v2.png,"Create a photorealistic travel image for ""White Rann of Kutch Cultural Escape"" — 4-day Gujarat holiday package, India. Scene: scenic highlights of Rann of Kutch white desert, Somnath, Statue of Unity. Style: Bright daylight vibrant colors, inviting family-friendly mood. YatraNexus brand colors: navy #001b2a, orange #ff7a00, purple #4b2cff. Photorealistic, no text, no watermark. Technical: 3:2 landscape 1200×800."
gujarat-white-rann-of-kutch-cultural-escape-4d3n-v3,package,White Rann of Kutch Cultural Escape,3,public/images/packages/gujarat-white-rann-of-kutch-cultural-escape-4d3n-v3.png,"Create a photorealistic travel image for ""White Rann of Kutch Cultural Escape"" — 4-day Gujarat holiday package, India. Scene: scenic highlights of Rann of Kutch white desert, Somnath, Statue of Unity. Style: Soft morning mist, peaceful serene atmosphere. YatraNexus brand colors: navy #001b2a, orange #ff7a00, purple #4b2cff. Photorealistic, no text, no watermark. Technical: 3:2 landscape 1200×800."
gujarat-white-rann-of-kutch-cultural-escape-4d3n-v4,package,White Rann of Kutch Cultural Escape,4,public/images/packages/gujarat-white-rann-of-kutch-cultural-escape-4d3n-v4.png,"Create a photorealistic travel image for ""White Rann of Kutch Cultural Escape"" — 4-day Gujarat holiday package, India. Scene: scenic highlights of Rann of Kutch white desert, Somnath, Statue of Unity. Style: Dramatic sunset warm orange-pink sky, romantic mood. YatraNexus brand colors: navy #001b2a, orange #ff7a00, purple #4b2cff. Photorealistic, no text, no watermark. Technical: 3:2 landscape 1200×800."
gujarat-white-rann-of-kutch-cultural-escape-4d3n-v5,package,White Rann of Kutch Cultural Escape,5,public/images/packages/gujarat-white-rann-of-kutch-cultural-escape-4d3n-v5.png,"Create a photorealistic travel image for ""White Rann of Kutch Cultural Escape"" — 4-day Gujarat holiday package, India. Scene: scenic highlights of Rann of Kutch white desert, Somnath, Statue of Unity. Style: Aerial drone bird's-eye view, epic panoramic scale. YatraNexus brand colors: navy #001b2a, orange #ff7a00, purple #4b2cff. Photorealistic, no text, no watermark. Technical: 3:2 landscape 1200×800."
gujarat-white-rann-of-kutch-cultural-escape-4d3n-v6,package,White Rann of Kutch Cultural Escape,6,public/images/packages/gujarat-white-rann-of-kutch-cultural-escape-4d3n-v6.png,"Create a photorealistic travel image for ""White Rann of Kutch Cultural Escape"" — 4-day Gujarat holiday package, India. Scene: scenic highlights of Rann of Kutch white desert, Somnath, Statue of Unity. Style: Close-up iconic landmark detail, shallow depth of field. YatraNexus brand colors: navy #001b2a, orange #ff7a00, purple #4b2cff. Photorealistic, no text, no watermark. Technical: 3:2 landscape 1200×800."
gujarat-white-rann-of-kutch-cultural-escape-4d3n-v7,package,White Rann of Kutch Cultural Escape,7,public/images/packages/gujarat-white-rann-of-kutch-cultural-escape-4d3n-v7.png,"Create a photorealistic travel image for ""White Rann of Kutch Cultural Escape"" — 4-day Gujarat holiday package, India. Scene: scenic highlights of Rann of Kutch white desert, Somnath, Statue of Unity. Style: Cultural heritage focus — temples, forts, or local architecture. YatraNexus brand colors: navy #001b2a, orange #ff7a00, purple #4b2cff. Photorealistic, no text, no watermark. Technical: 3:2 landscape 1200×800."
gujarat-white-rann-of-kutch-cultural-escape-4d3n-v8,package,White Rann of Kutch Cultural Escape,8,public/images/packages/gujarat-white-rann-of-kutch-cultural-escape-4d3n-v8.png,"Create a photorealistic travel image for ""White Rann of Kutch Cultural Escape"" — 4-day Gujarat holiday package, India. Scene: scenic highlights of Rann of Kutch white desert, Somnath, Statue of Unity. Style: Nature adventure — mountains, forests, rivers, wildlife hints. YatraNexus brand colors: navy #001b2a, orange #ff7a00, purple #4b2cff. Photorealistic, no text, no watermark. Technical: 3:2 landscape 1200×800."
gujarat-white-rann-of-kutch-cultural-escape-4d3n-v9,package,White Rann of Kutch Cultural Escape,9,public/images/packages/gujarat-white-rann-of-kutch-cultural-escape-4d3n-v9.png,"Create a photorealistic travel image for ""White Rann of Kutch Cultural Escape"" — 4-day Gujarat holiday package, India. Scene: scenic highlights of Rann of Kutch white desert, Somnath, Statue of Unity. Style: Coastal or lakeside calm water reflection composition. YatraNexus brand colors: navy #001b2a, orange #ff7a00, purple #4b2cff. Photorealistic, no text, no watermark. Technical: 3:2 landscape 1200×800."
gujarat-white-rann-of-kutch-cultural-escape-4d3n-v10,package,White Rann of Kutch Cultural Escape,10,public/images/packages/gujarat-white-rann-of-kutch-cultural-escape-4d3n-v10.png,"Create a photorealistic travel image for ""White Rann of Kutch Cultural Escape"" — 4-day Gujarat holiday package, India. Scene: scenic highlights of Rann of Kutch white desert, Somnath, Statue of Unity. Style: Clean package-card thumbnail — subject centered, minimal clutter. YatraNexus brand colors: navy #001b2a, orange #ff7a00, purple #4b2cff. Photorealistic, no text, no watermark. Technical: 3:2 landscape 1200×800."
gujarat-statue-of-unity-kevadia-experience-2d1n-v1,package,Statue of Unity & Kevadia Experience,1,public/images/packages/gujarat-statue-of-unity-kevadia-experience-2d1n-v1.png,"Create a photorealistic travel image for ""Statue of Unity & Kevadia Experience"" — 2-day Gujarat holiday package, India. Scene: scenic highlights of Rann of Kutch white desert, Somnath, Statue of Unity. Style: Wide cinematic golden-hour landscape, premium travel brochure. YatraNexus brand colors: navy #001b2a, orange #ff7a00, purple #4b2cff. Photorealistic, no text, no watermark. Technical: 3:2 landscape 1200×800."
gujarat-statue-of-unity-kevadia-experience-2d1n-v2,package,Statue of Unity & Kevadia Experience,2,public/images/packages/gujarat-statue-of-unity-kevadia-experience-2d1n-v2.png,"Create a photorealistic travel image for ""Statue of Unity & Kevadia Experience"" — 2-day Gujarat holiday package, India. Scene: scenic highlights of Rann of Kutch white desert, Somnath, Statue of Unity. Style: Bright daylight vibrant colors, inviting family-friendly mood. YatraNexus brand colors: navy #001b2a, orange #ff7a00, purple #4b2cff. Photorealistic, no text, no watermark. Technical: 3:2 landscape 1200×800."
gujarat-statue-of-unity-kevadia-experience-2d1n-v3,package,Statue of Unity & Kevadia Experience,3,public/images/packages/gujarat-statue-of-unity-kevadia-experience-2d1n-v3.png,"Create a photorealistic travel image for ""Statue of Unity & Kevadia Experience"" — 2-day Gujarat holiday package, India. Scene: scenic highlights of Rann of Kutch white desert, Somnath, Statue of Unity. Style: Soft morning mist, peaceful serene atmosphere. YatraNexus brand colors: navy #001b2a, orange #ff7a00, purple #4b2cff. Photorealistic, no text, no watermark. Technical: 3:2 landscape 1200×800."
gujarat-statue-of-unity-kevadia-experience-2d1n-v4,package,Statue of Unity & Kevadia Experience,4,public/images/packages/gujarat-statue-of-unity-kevadia-experience-2d1n-v4.png,"Create a photorealistic travel image for ""Statue of Unity & Kevadia Experience"" — 2-day Gujarat holiday package, India. Scene: scenic highlights of Rann of Kutch white desert, Somnath, Statue of Unity. Style: Dramatic sunset warm orange-pink sky, romantic mood. YatraNexus brand colors: navy #001b2a, orange #ff7a00, purple #4b2cff. Photorealistic, no text, no watermark. Technical: 3:2 landscape 1200×800."
gujarat-statue-of-unity-kevadia-experience-2d1n-v5,package,Statue of Unity & Kevadia Experience,5,public/images/packages/gujarat-statue-of-unity-kevadia-experience-2d1n-v5.png,"Create a photorealistic travel image for ""Statue of Unity & Kevadia Experience"" — 2-day Gujarat holiday package, India. Scene: scenic highlights of Rann of Kutch white desert, Somnath, Statue of Unity. Style: Aerial drone bird's-eye view, epic panoramic scale. YatraNexus brand colors: navy #001b2a, orange #ff7a00, purple #4b2cff. Photorealistic, no text, no watermark. Technical: 3:2 landscape 1200×800."
gujarat-statue-of-unity-kevadia-experience-2d1n-v6,package,Statue of Unity & Kevadia Experience,6,public/images/packages/gujarat-statue-of-unity-kevadia-experience-2d1n-v6.png,"Create a photorealistic travel image for ""Statue of Unity & Kevadia Experience"" — 2-day Gujarat holiday package, India. Scene: scenic highlights of Rann of Kutch white desert, Somnath, Statue of Unity. Style: Close-up iconic landmark detail, shallow depth of field. YatraNexus brand colors: navy #001b2a, orange #ff7a00, purple #4b2cff. Photorealistic, no text, no watermark. Technical: 3:2 landscape 1200×800."
gujarat-statue-of-unity-kevadia-experience-2d1n-v7,package,Statue of Unity & Kevadia Experience,7,public/images/packages/gujarat-statue-of-unity-kevadia-experience-2d1n-v7.png,"Create a photorealistic travel image for ""Statue of Unity & Kevadia Experience"" — 2-day Gujarat holiday package, India. Scene: scenic highlights of Rann of Kutch white desert, Somnath, Statue of Unity. Style: Cultural heritage focus — temples, forts, or local architecture. YatraNexus brand colors: navy #001b2a, orange #ff7a00, purple #4b2cff. Photorealistic, no text, no watermark. Technical: 3:2 landscape 1200×800."
gujarat-statue-of-unity-kevadia-experience-2d1n-v8,package,Statue of Unity & Kevadia Experience,8,public/images/packages/gujarat-statue-of-unity-kevadia-experience-2d1n-v8.png,"Create a photorealistic travel image for ""Statue of Unity & Kevadia Experience"" — 2-day Gujarat holiday package, India. Scene: scenic highlights of Rann of Kutch white desert, Somnath, Statue of Unity. Style: Nature adventure — mountains, forests, rivers, wildlife hints. YatraNexus brand colors: navy #001b2a, orange #ff7a00, purple #4b2cff. Photorealistic, no text, no watermark. Technical: 3:2 landscape 1200×800."
gujarat-statue-of-unity-kevadia-experience-2d1n-v9,package,Statue of Unity & Kevadia Experience,9,public/images/packages/gujarat-statue-of-unity-kevadia-experience-2d1n-v9.png,"Create a photorealistic travel image for ""Statue of Unity & Kevadia Experience"" — 2-day Gujarat holiday package, India. Scene: scenic highlights of Rann of Kutch white desert, Somnath, Statue of Unity. Style: Coastal or lakeside calm water reflection composition. YatraNexus brand colors: navy #001b2a, orange #ff7a00, purple #4b2cff. Photorealistic, no text, no watermark. Technical: 3:2 landscape 1200×800."
gujarat-statue-of-unity-kevadia-experience-2d1n-v10,package,Statue of Unity & Kevadia Experience,10,public/images/packages/gujarat-statue-of-unity-kevadia-experience-2d1n-v10.png,"Create a photorealistic travel image for ""Statue of Unity & Kevadia Experience"" — 2-day Gujarat holiday package, India. Scene: scenic highlights of Rann of Kutch white desert, Somnath, Statue of Unity. Style: Clean package-card thumbnail — subject centered, minimal clutter. YatraNexus brand colors: navy #001b2a, orange #ff7a00, purple #4b2cff. Photorealistic, no text, no watermark. Technical: 3:2 landscape 1200×800."
gujarat-complete-gujarat-grand-discovery-tour-9d8n-v1,package,Complete Gujarat Grand Discovery Tour,1,public/images/packages/gujarat-complete-gujarat-grand-discovery-tour-9d8n-v1.png,"Create a photorealistic travel image for ""Complete Gujarat Grand Discovery Tour"" — 9-day Gujarat holiday package, India. Scene: scenic highlights of Rann of Kutch white desert, Somnath, Statue of Unity. Style: Wide cinematic golden-hour landscape, premium travel brochure. YatraNexus brand colors: navy #001b2a, orange #ff7a00, purple #4b2cff. Photorealistic, no text, no watermark. Technical: 3:2 landscape 1200×800."
gujarat-complete-gujarat-grand-discovery-tour-9d8n-v2,package,Complete Gujarat Grand Discovery Tour,2,public/images/packages/gujarat-complete-gujarat-grand-discovery-tour-9d8n-v2.png,"Create a photorealistic travel image for ""Complete Gujarat Grand Discovery Tour"" — 9-day Gujarat holiday package, India. Scene: scenic highlights of Rann of Kutch white desert, Somnath, Statue of Unity. Style: Bright daylight vibrant colors, inviting family-friendly mood. YatraNexus brand colors: navy #001b2a, orange #ff7a00, purple #4b2cff. Photorealistic, no text, no watermark. Technical: 3:2 landscape 1200×800."
gujarat-complete-gujarat-grand-discovery-tour-9d8n-v3,package,Complete Gujarat Grand Discovery Tour,3,public/images/packages/gujarat-complete-gujarat-grand-discovery-tour-9d8n-v3.png,"Create a photorealistic travel image for ""Complete Gujarat Grand Discovery Tour"" — 9-day Gujarat holiday package, India. Scene: scenic highlights of Rann of Kutch white desert, Somnath, Statue of Unity. Style: Soft morning mist, peaceful serene atmosphere. YatraNexus brand colors: navy #001b2a, orange #ff7a00, purple #4b2cff. Photorealistic, no text, no watermark. Technical: 3:2 landscape 1200×800."
gujarat-complete-gujarat-grand-discovery-tour-9d8n-v4,package,Complete Gujarat Grand Discovery Tour,4,public/images/packages/gujarat-complete-gujarat-grand-discovery-tour-9d8n-v4.png,"Create a photorealistic travel image for ""Complete Gujarat Grand Discovery Tour"" — 9-day Gujarat holiday package, India. Scene: scenic highlights of Rann of Kutch white desert, Somnath, Statue of Unity. Style: Dramatic sunset warm orange-pink sky, romantic mood. YatraNexus brand colors: navy #001b2a, orange #ff7a00, purple #4b2cff. Photorealistic, no text, no watermark. Technical: 3:2 landscape 1200×800."
gujarat-complete-gujarat-grand-discovery-tour-9d8n-v5,package,Complete Gujarat Grand Discovery Tour,5,public/images/packages/gujarat-complete-gujarat-grand-discovery-tour-9d8n-v5.png,"Create a photorealistic travel image for ""Complete Gujarat Grand Discovery Tour"" — 9-day Gujarat holiday package, India. Scene: scenic highlights of Rann of Kutch white desert, Somnath, Statue of Unity. Style: Aerial drone bird's-eye view, epic panoramic scale. YatraNexus brand colors: navy #001b2a, orange #ff7a00, purple #4b2cff. Photorealistic, no text, no watermark. Technical: 3:2 landscape 1200×800."
gujarat-complete-gujarat-grand-discovery-tour-9d8n-v6,package,Complete Gujarat Grand Discovery Tour,6,public/images/packages/gujarat-complete-gujarat-grand-discovery-tour-9d8n-v6.png,"Create a photorealistic travel image for ""Complete Gujarat Grand Discovery Tour"" — 9-day Gujarat holiday package, India. Scene: scenic highlights of Rann of Kutch white desert, Somnath, Statue of Unity. Style: Close-up iconic landmark detail, shallow depth of field. YatraNexus brand colors: navy #001b2a, orange #ff7a00, purple #4b2cff. Photorealistic, no text, no watermark. Technical: 3:2 landscape 1200×800."
gujarat-complete-gujarat-grand-discovery-tour-9d8n-v7,package,Complete Gujarat Grand Discovery Tour,7,public/images/packages/gujarat-complete-gujarat-grand-discovery-tour-9d8n-v7.png,"Create a photorealistic travel image for ""Complete Gujarat Grand Discovery Tour"" — 9-day Gujarat holiday package, India. Scene: scenic highlights of Rann of Kutch white desert, Somnath, Statue of Unity. Style: Cultural heritage focus — temples, forts, or local architecture. YatraNexus brand colors: navy #001b2a, orange #ff7a00, purple #4b2cff. Photorealistic, no text, no watermark. Technical: 3:2 landscape 1200×800."
gujarat-complete-gujarat-grand-discovery-tour-9d8n-v8,package,Complete Gujarat Grand Discovery Tour,8,public/images/packages/gujarat-complete-gujarat-grand-discovery-tour-9d8n-v8.png,"Create a photorealistic travel image for ""Complete Gujarat Grand Discovery Tour"" — 9-day Gujarat holiday package, India. Scene: scenic highlights of Rann of Kutch white desert, Somnath, Statue of Unity. Style: Nature adventure — mountains, forests, rivers, wildlife hints. YatraNexus brand colors: navy #001b2a, orange #ff7a00, purple #4b2cff. Photorealistic, no text, no watermark. Technical: 3:2 landscape 1200×800."
gujarat-complete-gujarat-grand-discovery-tour-9d8n-v9,package,Complete Gujarat Grand Discovery Tour,9,public/images/packages/gujarat-complete-gujarat-grand-discovery-tour-9d8n-v9.png,"Create a photorealistic travel image for ""Complete Gujarat Grand Discovery Tour"" — 9-day Gujarat holiday package, India. Scene: scenic highlights of Rann of Kutch white desert, Somnath, Statue of Unity. Style: Coastal or lakeside calm water reflection composition. YatraNexus brand colors: navy #001b2a, orange #ff7a00, purple #4b2cff. Photorealistic, no text, no watermark. Technical: 3:2 landscape 1200×800."
gujarat-complete-gujarat-grand-discovery-tour-9d8n-v10,package,Complete Gujarat Grand Discovery Tour,10,public/images/packages/gujarat-complete-gujarat-grand-discovery-tour-9d8n-v10.png,"Create a photorealistic travel image for ""Complete Gujarat Grand Discovery Tour"" — 9-day Gujarat holiday package, India. Scene: scenic highlights of Rann of Kutch white desert, Somnath, Statue of Unity. Style: Clean package-card thumbnail — subject centered, minimal clutter. YatraNexus brand colors: navy #001b2a, orange #ff7a00, purple #4b2cff. Photorealistic, no text, no watermark. Technical: 3:2 landscape 1200×800."
uttar-pradesh-kashi-vishwanath-spiritual-tour-3d2n-v1,package,Kashi Vishwanath Spiritual Tour,1,public/images/packages/uttar-pradesh-kashi-vishwanath-spiritual-tour-3d2n-v1.png,"Create a photorealistic travel image for ""Kashi Vishwanath Spiritual Tour"" — 3-day Uttar Pradesh holiday package, India. Scene: scenic highlights of Taj Mahal Agra, Varanasi ghats, spiritual heritage. Style: Wide cinematic golden-hour landscape, premium travel brochure. YatraNexus brand colors: navy #001b2a, orange #ff7a00, purple #4b2cff. Photorealistic, no text, no watermark. Technical: 3:2 landscape 1200×800."
uttar-pradesh-kashi-vishwanath-spiritual-tour-3d2n-v2,package,Kashi Vishwanath Spiritual Tour,2,public/images/packages/uttar-pradesh-kashi-vishwanath-spiritual-tour-3d2n-v2.png,"Create a photorealistic travel image for ""Kashi Vishwanath Spiritual Tour"" — 3-day Uttar Pradesh holiday package, India. Scene: scenic highlights of Taj Mahal Agra, Varanasi ghats, spiritual heritage. Style: Bright daylight vibrant colors, inviting family-friendly mood. YatraNexus brand colors: navy #001b2a, orange #ff7a00, purple #4b2cff. Photorealistic, no text, no watermark. Technical: 3:2 landscape 1200×800."
uttar-pradesh-kashi-vishwanath-spiritual-tour-3d2n-v3,package,Kashi Vishwanath Spiritual Tour,3,public/images/packages/uttar-pradesh-kashi-vishwanath-spiritual-tour-3d2n-v3.png,"Create a photorealistic travel image for ""Kashi Vishwanath Spiritual Tour"" — 3-day Uttar Pradesh holiday package, India. Scene: scenic highlights of Taj Mahal Agra, Varanasi ghats, spiritual heritage. Style: Soft morning mist, peaceful serene atmosphere. YatraNexus brand colors: navy #001b2a, orange #ff7a00, purple #4b2cff. Photorealistic, no text, no watermark. Technical: 3:2 landscape 1200×800."
uttar-pradesh-kashi-vishwanath-spiritual-tour-3d2n-v4,package,Kashi Vishwanath Spiritual Tour,4,public/images/packages/uttar-pradesh-kashi-vishwanath-spiritual-tour-3d2n-v4.png,"Create a photorealistic travel image for ""Kashi Vishwanath Spiritual Tour"" — 3-day Uttar Pradesh holiday package, India. Scene: scenic highlights of Taj Mahal Agra, Varanasi ghats, spiritual heritage. Style: Dramatic sunset warm orange-pink sky, romantic mood. YatraNexus brand colors: navy #001b2a, orange #ff7a00, purple #4b2cff. Photorealistic, no text, no watermark. Technical: 3:2 landscape 1200×800."
uttar-pradesh-kashi-vishwanath-spiritual-tour-3d2n-v5,package,Kashi Vishwanath Spiritual Tour,5,public/images/packages/uttar-pradesh-kashi-vishwanath-spiritual-tour-3d2n-v5.png,"Create a photorealistic travel image for ""Kashi Vishwanath Spiritual Tour"" — 3-day Uttar Pradesh holiday package, India. Scene: scenic highlights of Taj Mahal Agra, Varanasi ghats, spiritual heritage. Style: Aerial drone bird's-eye view, epic panoramic scale. YatraNexus brand colors: navy #001b2a, orange #ff7a00, purple #4b2cff. Photorealistic, no text, no watermark. Technical: 3:2 landscape 1200×800."
uttar-pradesh-kashi-vishwanath-spiritual-tour-3d2n-v6,package,Kashi Vishwanath Spiritual Tour,6,public/images/packages/uttar-pradesh-kashi-vishwanath-spiritual-tour-3d2n-v6.png,"Create a photorealistic travel image for ""Kashi Vishwanath Spiritual Tour"" — 3-day Uttar Pradesh holiday package, India. Scene: scenic highlights of Taj Mahal Agra, Varanasi ghats, spiritual heritage. Style: Close-up iconic landmark detail, shallow depth of field. YatraNexus brand colors: navy #001b2a, orange #ff7a00, purple #4b2cff. Photorealistic, no text, no watermark. Technical: 3:2 landscape 1200×800."
uttar-pradesh-kashi-vishwanath-spiritual-tour-3d2n-v7,package,Kashi Vishwanath Spiritual Tour,7,public/images/packages/uttar-pradesh-kashi-vishwanath-spiritual-tour-3d2n-v7.png,"Create a photorealistic travel image for ""Kashi Vishwanath Spiritual Tour"" — 3-day Uttar Pradesh holiday package, India. Scene: scenic highlights of Taj Mahal Agra, Varanasi ghats, spiritual heritage. Style: Cultural heritage focus — temples, forts, or local architecture. YatraNexus brand colors: navy #001b2a, orange #ff7a00, purple #4b2cff. Photorealistic, no text, no watermark. Technical: 3:2 landscape 1200×800."
uttar-pradesh-kashi-vishwanath-spiritual-tour-3d2n-v8,package,Kashi Vishwanath Spiritual Tour,8,public/images/packages/uttar-pradesh-kashi-vishwanath-spiritual-tour-3d2n-v8.png,"Create a photorealistic travel image for ""Kashi Vishwanath Spiritual Tour"" — 3-day Uttar Pradesh holiday package, India. Scene: scenic highlights of Taj Mahal Agra, Varanasi ghats, spiritual heritage. Style: Nature adventure — mountains, forests, rivers, wildlife hints. YatraNexus brand colors: navy #001b2a, orange #ff7a00, purple #4b2cff. Photorealistic, no text, no watermark. Technical: 3:2 landscape 1200×800."
uttar-pradesh-kashi-vishwanath-spiritual-tour-3d2n-v9,package,Kashi Vishwanath Spiritual Tour,9,public/images/packages/uttar-pradesh-kashi-vishwanath-spiritual-tour-3d2n-v9.png,"Create a photorealistic travel image for ""Kashi Vishwanath Spiritual Tour"" — 3-day Uttar Pradesh holiday package, India. Scene: scenic highlights of Taj Mahal Agra, Varanasi ghats, spiritual heritage. Style: Coastal or lakeside calm water reflection composition. YatraNexus brand colors: navy #001b2a, orange #ff7a00, purple #4b2cff. Photorealistic, no text, no watermark. Technical: 3:2 landscape 1200×800."
uttar-pradesh-kashi-vishwanath-spiritual-tour-3d2n-v10,package,Kashi Vishwanath Spiritual Tour,10,public/images/packages/uttar-pradesh-kashi-vishwanath-spiritual-tour-3d2n-v10.png,"Create a photorealistic travel image for ""Kashi Vishwanath Spiritual Tour"" — 3-day Uttar Pradesh holiday package, India. Scene: scenic highlights of Taj Mahal Agra, Varanasi ghats, spiritual heritage. Style: Clean package-card thumbnail — subject centered, minimal clutter. YatraNexus brand colors: navy #001b2a, orange #ff7a00, purple #4b2cff. Photorealistic, no text, no watermark. Technical: 3:2 landscape 1200×800."
uttar-pradesh-ayodhya-kashi-divine-tour-5d4n-v1,package,Ayodhya & Kashi Divine Tour,1,public/images/packages/uttar-pradesh-ayodhya-kashi-divine-tour-5d4n-v1.png,"Create a photorealistic travel image for ""Ayodhya & Kashi Divine Tour"" — 5-day Uttar Pradesh holiday package, India. Scene: scenic highlights of Taj Mahal Agra, Varanasi ghats, spiritual heritage. Style: Wide cinematic golden-hour landscape, premium travel brochure. YatraNexus brand colors: navy #001b2a, orange #ff7a00, purple #4b2cff. Photorealistic, no text, no watermark. Technical: 3:2 landscape 1200×800."
uttar-pradesh-ayodhya-kashi-divine-tour-5d4n-v2,package,Ayodhya & Kashi Divine Tour,2,public/images/packages/uttar-pradesh-ayodhya-kashi-divine-tour-5d4n-v2.png,"Create a photorealistic travel image for ""Ayodhya & Kashi Divine Tour"" — 5-day Uttar Pradesh holiday package, India. Scene: scenic highlights of Taj Mahal Agra, Varanasi ghats, spiritual heritage. Style: Bright daylight vibrant colors, inviting family-friendly mood. YatraNexus brand colors: navy #001b2a, orange #ff7a00, purple #4b2cff. Photorealistic, no text, no watermark. Technical: 3:2 landscape 1200×800."
uttar-pradesh-ayodhya-kashi-divine-tour-5d4n-v3,package,Ayodhya & Kashi Divine Tour,3,public/images/packages/uttar-pradesh-ayodhya-kashi-divine-tour-5d4n-v3.png,"Create a photorealistic travel image for ""Ayodhya & Kashi Divine Tour"" — 5-day Uttar Pradesh holiday package, India. Scene: scenic highlights of Taj Mahal Agra, Varanasi ghats, spiritual heritage. Style: Soft morning mist, peaceful serene atmosphere. YatraNexus brand colors: navy #001b2a, orange #ff7a00, purple #4b2cff. Photorealistic, no text, no watermark. Technical: 3:2 landscape 1200×800."
uttar-pradesh-ayodhya-kashi-divine-tour-5d4n-v4,package,Ayodhya & Kashi Divine Tour,4,public/images/packages/uttar-pradesh-ayodhya-kashi-divine-tour-5d4n-v4.png,"Create a photorealistic travel image for ""Ayodhya & Kashi Divine Tour"" — 5-day Uttar Pradesh holiday package, India. Scene: scenic highlights of Taj Mahal Agra, Varanasi ghats, spiritual heritage. Style: Dramatic sunset warm orange-pink sky, romantic mood. YatraNexus brand colors: navy #001b2a, orange #ff7a00, purple #4b2cff. Photorealistic, no text, no watermark. Technical: 3:2 landscape 1200×800."
uttar-pradesh-ayodhya-kashi-divine-tour-5d4n-v5,package,Ayodhya & Kashi Divine Tour,5,public/images/packages/uttar-pradesh-ayodhya-kashi-divine-tour-5d4n-v5.png,"Create a photorealistic travel image for ""Ayodhya & Kashi Divine Tour"" — 5-day Uttar Pradesh holiday package, India. Scene: scenic highlights of Taj Mahal Agra, Varanasi ghats, spiritual heritage. Style: Aerial drone bird's-eye view, epic panoramic scale. YatraNexus brand colors: navy #001b2a, orange #ff7a00, purple #4b2cff. Photorealistic, no text, no watermark. Technical: 3:2 landscape 1200×800."
uttar-pradesh-ayodhya-kashi-divine-tour-5d4n-v6,package,Ayodhya & Kashi Divine Tour,6,public/images/packages/uttar-pradesh-ayodhya-kashi-divine-tour-5d4n-v6.png,"Create a photorealistic travel image for ""Ayodhya & Kashi Divine Tour"" — 5-day Uttar Pradesh holiday package, India. Scene: scenic highlights of Taj Mahal Agra, Varanasi ghats, spiritual heritage. Style: Close-up iconic landmark detail, shallow depth of field. YatraNexus brand colors: navy #001b2a, orange #ff7a00, purple #4b2cff. Photorealistic, no text, no watermark. Technical: 3:2 landscape 1200×800."
uttar-pradesh-ayodhya-kashi-divine-tour-5d4n-v7,package,Ayodhya & Kashi Divine Tour,7,public/images/packages/uttar-pradesh-ayodhya-kashi-divine-tour-5d4n-v7.png,"Create a photorealistic travel image for ""Ayodhya & Kashi Divine Tour"" — 5-day Uttar Pradesh holiday package, India. Scene: scenic highlights of Taj Mahal Agra, Varanasi ghats, spiritual heritage. Style: Cultural heritage focus — temples, forts, or local architecture. YatraNexus brand colors: navy #001b2a, orange #ff7a00, purple #4b2cff. Photorealistic, no text, no watermark. Technical: 3:2 landscape 1200×800."
uttar-pradesh-ayodhya-kashi-divine-tour-5d4n-v8,package,Ayodhya & Kashi Divine Tour,8,public/images/packages/uttar-pradesh-ayodhya-kashi-divine-tour-5d4n-v8.png,"Create a photorealistic travel image for ""Ayodhya & Kashi Divine Tour"" — 5-day Uttar Pradesh holiday package, India. Scene: scenic highlights of Taj Mahal Agra, Varanasi ghats, spiritual heritage. Style: Nature adventure — mountains, forests, rivers, wildlife hints. YatraNexus brand colors: navy #001b2a, orange #ff7a00, purple #4b2cff. Photorealistic, no text, no watermark. Technical: 3:2 landscape 1200×800."
uttar-pradesh-ayodhya-kashi-divine-tour-5d4n-v9,package,Ayodhya & Kashi Divine Tour,9,public/images/packages/uttar-pradesh-ayodhya-kashi-divine-tour-5d4n-v9.png,"Create a photorealistic travel image for ""Ayodhya & Kashi Divine Tour"" — 5-day Uttar Pradesh holiday package, India. Scene: scenic highlights of Taj Mahal Agra, Varanasi ghats, spiritual heritage. Style: Coastal or lakeside calm water reflection composition. YatraNexus brand colors: navy #001b2a, orange #ff7a00, purple #4b2cff. Photorealistic, no text, no watermark. Technical: 3:2 landscape 1200×800."
uttar-pradesh-ayodhya-kashi-divine-tour-5d4n-v10,package,Ayodhya & Kashi Divine Tour,10,public/images/packages/uttar-pradesh-ayodhya-kashi-divine-tour-5d4n-v10.png,"Create a photorealistic travel image for ""Ayodhya & Kashi Divine Tour"" — 5-day Uttar Pradesh holiday package, India. Scene: scenic highlights of Taj Mahal Agra, Varanasi ghats, spiritual heritage. Style: Clean package-card thumbnail — subject centered, minimal clutter. YatraNexus brand colors: navy #001b2a, orange #ff7a00, purple #4b2cff. Photorealistic, no text, no watermark. Technical: 3:2 landscape 1200×800."
uttar-pradesh-prayagraj-varanasi-ayodhya-tour-6d5n-v1,package,Prayagraj – Varanasi – Ayodhya Tour,1,public/images/packages/uttar-pradesh-prayagraj-varanasi-ayodhya-tour-6d5n-v1.png,"Create a photorealistic travel image for ""Prayagraj – Varanasi – Ayodhya Tour"" — 6-day Uttar Pradesh holiday package, India. Scene: scenic highlights of Taj Mahal Agra, Varanasi ghats, spiritual heritage. Style: Wide cinematic golden-hour landscape, premium travel brochure. YatraNexus brand colors: navy #001b2a, orange #ff7a00, purple #4b2cff. Photorealistic, no text, no watermark. Technical: 3:2 landscape 1200×800."
uttar-pradesh-prayagraj-varanasi-ayodhya-tour-6d5n-v2,package,Prayagraj – Varanasi – Ayodhya Tour,2,public/images/packages/uttar-pradesh-prayagraj-varanasi-ayodhya-tour-6d5n-v2.png,"Create a photorealistic travel image for ""Prayagraj – Varanasi – Ayodhya Tour"" — 6-day Uttar Pradesh holiday package, India. Scene: scenic highlights of Taj Mahal Agra, Varanasi ghats, spiritual heritage. Style: Bright daylight vibrant colors, inviting family-friendly mood. YatraNexus brand colors: navy #001b2a, orange #ff7a00, purple #4b2cff. Photorealistic, no text, no watermark. Technical: 3:2 landscape 1200×800."
uttar-pradesh-prayagraj-varanasi-ayodhya-tour-6d5n-v3,package,Prayagraj – Varanasi – Ayodhya Tour,3,public/images/packages/uttar-pradesh-prayagraj-varanasi-ayodhya-tour-6d5n-v3.png,"Create a photorealistic travel image for ""Prayagraj – Varanasi – Ayodhya Tour"" — 6-day Uttar Pradesh holiday package, India. Scene: scenic highlights of Taj Mahal Agra, Varanasi ghats, spiritual heritage. Style: Soft morning mist, peaceful serene atmosphere. YatraNexus brand colors: navy #001b2a, orange #ff7a00, purple #4b2cff. Photorealistic, no text, no watermark. Technical: 3:2 landscape 1200×800."
uttar-pradesh-prayagraj-varanasi-ayodhya-tour-6d5n-v4,package,Prayagraj – Varanasi – Ayodhya Tour,4,public/images/packages/uttar-pradesh-prayagraj-varanasi-ayodhya-tour-6d5n-v4.png,"Create a photorealistic travel image for ""Prayagraj – Varanasi – Ayodhya Tour"" — 6-day Uttar Pradesh holiday package, India. Scene: scenic highlights of Taj Mahal Agra, Varanasi ghats, spiritual heritage. Style: Dramatic sunset warm orange-pink sky, romantic mood. YatraNexus brand colors: navy #001b2a, orange #ff7a00, purple #4b2cff. Photorealistic, no text, no watermark. Technical: 3:2 landscape 1200×800."
uttar-pradesh-prayagraj-varanasi-ayodhya-tour-6d5n-v5,package,Prayagraj – Varanasi – Ayodhya Tour,5,public/images/packages/uttar-pradesh-prayagraj-varanasi-ayodhya-tour-6d5n-v5.png,"Create a photorealistic travel image for ""Prayagraj – Varanasi – Ayodhya Tour"" — 6-day Uttar Pradesh holiday package, India. Scene: scenic highlights of Taj Mahal Agra, Varanasi ghats, spiritual heritage. Style: Aerial drone bird's-eye view, epic panoramic scale. YatraNexus brand colors: navy #001b2a, orange #ff7a00, purple #4b2cff. Photorealistic, no text, no watermark. Technical: 3:2 landscape 1200×800."
uttar-pradesh-prayagraj-varanasi-ayodhya-tour-6d5n-v6,package,Prayagraj – Varanasi – Ayodhya Tour,6,public/images/packages/uttar-pradesh-prayagraj-varanasi-ayodhya-tour-6d5n-v6.png,"Create a photorealistic travel image for ""Prayagraj – Varanasi – Ayodhya Tour"" — 6-day Uttar Pradesh holiday package, India. Scene: scenic highlights of Taj Mahal Agra, Varanasi ghats, spiritual heritage. Style: Close-up iconic landmark detail, shallow depth of field. YatraNexus brand colors: navy #001b2a, orange #ff7a00, purple #4b2cff. Photorealistic, no text, no watermark. Technical: 3:2 landscape 1200×800."
uttar-pradesh-prayagraj-varanasi-ayodhya-tour-6d5n-v7,package,Prayagraj – Varanasi – Ayodhya Tour,7,public/images/packages/uttar-pradesh-prayagraj-varanasi-ayodhya-tour-6d5n-v7.png,"Create a photorealistic travel image for ""Prayagraj – Varanasi – Ayodhya Tour"" — 6-day Uttar Pradesh holiday package, India. Scene: scenic highlights of Taj Mahal Agra, Varanasi ghats, spiritual heritage. Style: Cultural heritage focus — temples, forts, or local architecture. YatraNexus brand colors: navy #001b2a, orange #ff7a00, purple #4b2cff. Photorealistic, no text, no watermark. Technical: 3:2 landscape 1200×800."
uttar-pradesh-prayagraj-varanasi-ayodhya-tour-6d5n-v8,package,Prayagraj – Varanasi – Ayodhya Tour,8,public/images/packages/uttar-pradesh-prayagraj-varanasi-ayodhya-tour-6d5n-v8.png,"Create a photorealistic travel image for ""Prayagraj – Varanasi – Ayodhya Tour"" — 6-day Uttar Pradesh holiday package, India. Scene: scenic highlights of Taj Mahal Agra, Varanasi ghats, spiritual heritage. Style: Nature adventure — mountains, forests, rivers, wildlife hints. YatraNexus brand colors: navy #001b2a, orange #ff7a00, purple #4b2cff. Photorealistic, no text, no watermark. Technical: 3:2 landscape 1200×800."
uttar-pradesh-prayagraj-varanasi-ayodhya-tour-6d5n-v9,package,Prayagraj – Varanasi – Ayodhya Tour,9,public/images/packages/uttar-pradesh-prayagraj-varanasi-ayodhya-tour-6d5n-v9.png,"Create a photorealistic travel image for ""Prayagraj – Varanasi – Ayodhya Tour"" — 6-day Uttar Pradesh holiday package, India. Scene: scenic highlights of Taj Mahal Agra, Varanasi ghats, spiritual heritage. Style: Coastal or lakeside calm water reflection composition. YatraNexus brand colors: navy #001b2a, orange #ff7a00, purple #4b2cff. Photorealistic, no text, no watermark. Technical: 3:2 landscape 1200×800."
uttar-pradesh-prayagraj-varanasi-ayodhya-tour-6d5n-v10,package,Prayagraj – Varanasi – Ayodhya Tour,10,public/images/packages/uttar-pradesh-prayagraj-varanasi-ayodhya-tour-6d5n-v10.png,"Create a photorealistic travel image for ""Prayagraj – Varanasi – Ayodhya Tour"" — 6-day Uttar Pradesh holiday package, India. Scene: scenic highlights of Taj Mahal Agra, Varanasi ghats, spiritual heritage. Style: Clean package-card thumbnail — subject centered, minimal clutter. YatraNexus brand colors: navy #001b2a, orange #ff7a00, purple #4b2cff. Photorealistic, no text, no watermark. Technical: 3:2 landscape 1200×800."
uttar-pradesh-agra-mathura-vrindavan-heritage-tour-5d4n-v1,package,Agra – Mathura – Vrindavan Heritage Tour,1,public/images/packages/uttar-pradesh-agra-mathura-vrindavan-heritage-tour-5d4n-v1.png,"Create a photorealistic travel image for ""Agra – Mathura – Vrindavan Heritage Tour"" — 5-day Uttar Pradesh holiday package, India. Scene: heritage circuit Taj Mahal Agra, Varanasi ghats, spiritual heritage. Style: Wide cinematic golden-hour landscape, premium travel brochure. YatraNexus brand colors: navy #001b2a, orange #ff7a00, purple #4b2cff. Photorealistic, no text, no watermark. Technical: 3:2 landscape 1200×800."
uttar-pradesh-agra-mathura-vrindavan-heritage-tour-5d4n-v2,package,Agra – Mathura – Vrindavan Heritage Tour,2,public/images/packages/uttar-pradesh-agra-mathura-vrindavan-heritage-tour-5d4n-v2.png,"Create a photorealistic travel image for ""Agra – Mathura – Vrindavan Heritage Tour"" — 5-day Uttar Pradesh holiday package, India. Scene: heritage circuit Taj Mahal Agra, Varanasi ghats, spiritual heritage. Style: Bright daylight vibrant colors, inviting family-friendly mood. YatraNexus brand colors: navy #001b2a, orange #ff7a00, purple #4b2cff. Photorealistic, no text, no watermark. Technical: 3:2 landscape 1200×800."
uttar-pradesh-agra-mathura-vrindavan-heritage-tour-5d4n-v3,package,Agra – Mathura – Vrindavan Heritage Tour,3,public/images/packages/uttar-pradesh-agra-mathura-vrindavan-heritage-tour-5d4n-v3.png,"Create a photorealistic travel image for ""Agra – Mathura – Vrindavan Heritage Tour"" — 5-day Uttar Pradesh holiday package, India. Scene: heritage circuit Taj Mahal Agra, Varanasi ghats, spiritual heritage. Style: Soft morning mist, peaceful serene atmosphere. YatraNexus brand colors: navy #001b2a, orange #ff7a00, purple #4b2cff. Photorealistic, no text, no watermark. Technical: 3:2 landscape 1200×800."
uttar-pradesh-agra-mathura-vrindavan-heritage-tour-5d4n-v4,package,Agra – Mathura – Vrindavan Heritage Tour,4,public/images/packages/uttar-pradesh-agra-mathura-vrindavan-heritage-tour-5d4n-v4.png,"Create a photorealistic travel image for ""Agra – Mathura – Vrindavan Heritage Tour"" — 5-day Uttar Pradesh holiday package, India. Scene: heritage circuit Taj Mahal Agra, Varanasi ghats, spiritual heritage. Style: Dramatic sunset warm orange-pink sky, romantic mood. YatraNexus brand colors: navy #001b2a, orange #ff7a00, purple #4b2cff. Photorealistic, no text, no watermark. Technical: 3:2 landscape 1200×800."
uttar-pradesh-agra-mathura-vrindavan-heritage-tour-5d4n-v5,package,Agra – Mathura – Vrindavan Heritage Tour,5,public/images/packages/uttar-pradesh-agra-mathura-vrindavan-heritage-tour-5d4n-v5.png,"Create a photorealistic travel image for ""Agra – Mathura – Vrindavan Heritage Tour"" — 5-day Uttar Pradesh holiday package, India. Scene: heritage circuit Taj Mahal Agra, Varanasi ghats, spiritual heritage. Style: Aerial drone bird's-eye view, epic panoramic scale. YatraNexus brand colors: navy #001b2a, orange #ff7a00, purple #4b2cff. Photorealistic, no text, no watermark. Technical: 3:2 landscape 1200×800."
uttar-pradesh-agra-mathura-vrindavan-heritage-tour-5d4n-v6,package,Agra – Mathura – Vrindavan Heritage Tour,6,public/images/packages/uttar-pradesh-agra-mathura-vrindavan-heritage-tour-5d4n-v6.png,"Create a photorealistic travel image for ""Agra – Mathura – Vrindavan Heritage Tour"" — 5-day Uttar Pradesh holiday package, India. Scene: heritage circuit Taj Mahal Agra, Varanasi ghats, spiritual heritage. Style: Close-up iconic landmark detail, shallow depth of field. YatraNexus brand colors: navy #001b2a, orange #ff7a00, purple #4b2cff. Photorealistic, no text, no watermark. Technical: 3:2 landscape 1200×800."
uttar-pradesh-agra-mathura-vrindavan-heritage-tour-5d4n-v7,package,Agra – Mathura – Vrindavan Heritage Tour,7,public/images/packages/uttar-pradesh-agra-mathura-vrindavan-heritage-tour-5d4n-v7.png,"Create a photorealistic travel image for ""Agra – Mathura – Vrindavan Heritage Tour"" — 5-day Uttar Pradesh holiday package, India. Scene: heritage circuit Taj Mahal Agra, Varanasi ghats, spiritual heritage. Style: Cultural heritage focus — temples, forts, or local architecture. YatraNexus brand colors: navy #001b2a, orange #ff7a00, purple #4b2cff. Photorealistic, no text, no watermark. Technical: 3:2 landscape 1200×800."
uttar-pradesh-agra-mathura-vrindavan-heritage-tour-5d4n-v8,package,Agra – Mathura – Vrindavan Heritage Tour,8,public/images/packages/uttar-pradesh-agra-mathura-vrindavan-heritage-tour-5d4n-v8.png,"Create a photorealistic travel image for ""Agra – Mathura – Vrindavan Heritage Tour"" — 5-day Uttar Pradesh holiday package, India. Scene: heritage circuit Taj Mahal Agra, Varanasi ghats, spiritual heritage. Style: Nature adventure — mountains, forests, rivers, wildlife hints. YatraNexus brand colors: navy #001b2a, orange #ff7a00, purple #4b2cff. Photorealistic, no text, no watermark. Technical: 3:2 landscape 1200×800."
uttar-pradesh-agra-mathura-vrindavan-heritage-tour-5d4n-v9,package,Agra – Mathura – Vrindavan Heritage Tour,9,public/images/packages/uttar-pradesh-agra-mathura-vrindavan-heritage-tour-5d4n-v9.png,"Create a photorealistic travel image for ""Agra – Mathura – Vrindavan Heritage Tour"" — 5-day Uttar Pradesh holiday package, India. Scene: heritage circuit Taj Mahal Agra, Varanasi ghats, spiritual heritage. Style: Coastal or lakeside calm water reflection composition. YatraNexus brand colors: navy #001b2a, orange #ff7a00, purple #4b2cff. Photorealistic, no text, no watermark. Technical: 3:2 landscape 1200×800."
uttar-pradesh-agra-mathura-vrindavan-heritage-tour-5d4n-v10,package,Agra – Mathura – Vrindavan Heritage Tour,10,public/images/packages/uttar-pradesh-agra-mathura-vrindavan-heritage-tour-5d4n-v10.png,"Create a photorealistic travel image for ""Agra – Mathura – Vrindavan Heritage Tour"" — 5-day Uttar Pradesh holiday package, India. Scene: heritage circuit Taj Mahal Agra, Varanasi ghats, spiritual heritage. Style: Clean package-card thumbnail — subject centered, minimal clutter. YatraNexus brand colors: navy #001b2a, orange #ff7a00, purple #4b2cff. Photorealistic, no text, no watermark. Technical: 3:2 landscape 1200×800."
uttar-pradesh-dudhwa-wildlife-lucknow-tour-5d4n-v1,package,Dudhwa Wildlife & Lucknow Tour,1,public/images/packages/uttar-pradesh-dudhwa-wildlife-lucknow-tour-5d4n-v1.png,"Create a photorealistic travel image for ""Dudhwa Wildlife & Lucknow Tour"" — 5-day Uttar Pradesh holiday package, India. Scene: wildlife safari Taj Mahal Agra, Varanasi ghats, spiritual heritage. Style: Wide cinematic golden-hour landscape, premium travel brochure. YatraNexus brand colors: navy #001b2a, orange #ff7a00, purple #4b2cff. Photorealistic, no text, no watermark. Technical: 3:2 landscape 1200×800."
uttar-pradesh-dudhwa-wildlife-lucknow-tour-5d4n-v2,package,Dudhwa Wildlife & Lucknow Tour,2,public/images/packages/uttar-pradesh-dudhwa-wildlife-lucknow-tour-5d4n-v2.png,"Create a photorealistic travel image for ""Dudhwa Wildlife & Lucknow Tour"" — 5-day Uttar Pradesh holiday package, India. Scene: wildlife safari Taj Mahal Agra, Varanasi ghats, spiritual heritage. Style: Bright daylight vibrant colors, inviting family-friendly mood. YatraNexus brand colors: navy #001b2a, orange #ff7a00, purple #4b2cff. Photorealistic, no text, no watermark. Technical: 3:2 landscape 1200×800."
uttar-pradesh-dudhwa-wildlife-lucknow-tour-5d4n-v3,package,Dudhwa Wildlife & Lucknow Tour,3,public/images/packages/uttar-pradesh-dudhwa-wildlife-lucknow-tour-5d4n-v3.png,"Create a photorealistic travel image for ""Dudhwa Wildlife & Lucknow Tour"" — 5-day Uttar Pradesh holiday package, India. Scene: wildlife safari Taj Mahal Agra, Varanasi ghats, spiritual heritage. Style: Soft morning mist, peaceful serene atmosphere. YatraNexus brand colors: navy #001b2a, orange #ff7a00, purple #4b2cff. Photorealistic, no text, no watermark. Technical: 3:2 landscape 1200×800."
uttar-pradesh-dudhwa-wildlife-lucknow-tour-5d4n-v4,package,Dudhwa Wildlife & Lucknow Tour,4,public/images/packages/uttar-pradesh-dudhwa-wildlife-lucknow-tour-5d4n-v4.png,"Create a photorealistic travel image for ""Dudhwa Wildlife & Lucknow Tour"" — 5-day Uttar Pradesh holiday package, India. Scene: wildlife safari Taj Mahal Agra, Varanasi ghats, spiritual heritage. Style: Dramatic sunset warm orange-pink sky, romantic mood. YatraNexus brand colors: navy #001b2a, orange #ff7a00, purple #4b2cff. Photorealistic, no text, no watermark. Technical: 3:2 landscape 1200×800."
uttar-pradesh-dudhwa-wildlife-lucknow-tour-5d4n-v5,package,Dudhwa Wildlife & Lucknow Tour,5,public/images/packages/uttar-pradesh-dudhwa-wildlife-lucknow-tour-5d4n-v5.png,"Create a photorealistic travel image for ""Dudhwa Wildlife & Lucknow Tour"" — 5-day Uttar Pradesh holiday package, India. Scene: wildlife safari Taj Mahal Agra, Varanasi ghats, spiritual heritage. Style: Aerial drone bird's-eye view, epic panoramic scale. YatraNexus brand colors: navy #001b2a, orange #ff7a00, purple #4b2cff. Photorealistic, no text, no watermark. Technical: 3:2 landscape 1200×800."
uttar-pradesh-dudhwa-wildlife-lucknow-tour-5d4n-v6,package,Dudhwa Wildlife & Lucknow Tour,6,public/images/packages/uttar-pradesh-dudhwa-wildlife-lucknow-tour-5d4n-v6.png,"Create a photorealistic travel image for ""Dudhwa Wildlife & Lucknow Tour"" — 5-day Uttar Pradesh holiday package, India. Scene: wildlife safari Taj Mahal Agra, Varanasi ghats, spiritual heritage. Style: Close-up iconic landmark detail, shallow depth of field. YatraNexus brand colors: navy #001b2a, orange #ff7a00, purple #4b2cff. Photorealistic, no text, no watermark. Technical: 3:2 landscape 1200×800."
uttar-pradesh-dudhwa-wildlife-lucknow-tour-5d4n-v7,package,Dudhwa Wildlife & Lucknow Tour,7,public/images/packages/uttar-pradesh-dudhwa-wildlife-lucknow-tour-5d4n-v7.png,"Create a photorealistic travel image for ""Dudhwa Wildlife & Lucknow Tour"" — 5-day Uttar Pradesh holiday package, India. Scene: wildlife safari Taj Mahal Agra, Varanasi ghats, spiritual heritage. Style: Cultural heritage focus — temples, forts, or local architecture. YatraNexus brand colors: navy #001b2a, orange #ff7a00, purple #4b2cff. Photorealistic, no text, no watermark. Technical: 3:2 landscape 1200×800."
uttar-pradesh-dudhwa-wildlife-lucknow-tour-5d4n-v8,package,Dudhwa Wildlife & Lucknow Tour,8,public/images/packages/uttar-pradesh-dudhwa-wildlife-lucknow-tour-5d4n-v8.png,"Create a photorealistic travel image for ""Dudhwa Wildlife & Lucknow Tour"" — 5-day Uttar Pradesh holiday package, India. Scene: wildlife safari Taj Mahal Agra, Varanasi ghats, spiritual heritage. Style: Nature adventure — mountains, forests, rivers, wildlife hints. YatraNexus brand colors: navy #001b2a, orange #ff7a00, purple #4b2cff. Photorealistic, no text, no watermark. Technical: 3:2 landscape 1200×800."
uttar-pradesh-dudhwa-wildlife-lucknow-tour-5d4n-v9,package,Dudhwa Wildlife & Lucknow Tour,9,public/images/packages/uttar-pradesh-dudhwa-wildlife-lucknow-tour-5d4n-v9.png,"Create a photorealistic travel image for ""Dudhwa Wildlife & Lucknow Tour"" — 5-day Uttar Pradesh holiday package, India. Scene: wildlife safari Taj Mahal Agra, Varanasi ghats, spiritual heritage. Style: Coastal or lakeside calm water reflection composition. YatraNexus brand colors: navy #001b2a, orange #ff7a00, purple #4b2cff. Photorealistic, no text, no watermark. Technical: 3:2 landscape 1200×800."
uttar-pradesh-dudhwa-wildlife-lucknow-tour-5d4n-v10,package,Dudhwa Wildlife & Lucknow Tour,10,public/images/packages/uttar-pradesh-dudhwa-wildlife-lucknow-tour-5d4n-v10.png,"Create a photorealistic travel image for ""Dudhwa Wildlife & Lucknow Tour"" — 5-day Uttar Pradesh holiday package, India. Scene: wildlife safari Taj Mahal Agra, Varanasi ghats, spiritual heritage. Style: Clean package-card thumbnail — subject centered, minimal clutter. YatraNexus brand colors: navy #001b2a, orange #ff7a00, purple #4b2cff. Photorealistic, no text, no watermark. Technical: 3:2 landscape 1200×800."
uttar-pradesh-complete-uttar-pradesh-grand-tour-9d8n-v1,package,Complete Uttar Pradesh Grand Tour,1,public/images/packages/uttar-pradesh-complete-uttar-pradesh-grand-tour-9d8n-v1.png,"Create a photorealistic travel image for ""Complete Uttar Pradesh Grand Tour"" — 9-day Uttar Pradesh holiday package, India. Scene: heritage circuit Taj Mahal Agra, Varanasi ghats, spiritual heritage. Style: Wide cinematic golden-hour landscape, premium travel brochure. YatraNexus brand colors: navy #001b2a, orange #ff7a00, purple #4b2cff. Photorealistic, no text, no watermark. Technical: 3:2 landscape 1200×800."
uttar-pradesh-complete-uttar-pradesh-grand-tour-9d8n-v2,package,Complete Uttar Pradesh Grand Tour,2,public/images/packages/uttar-pradesh-complete-uttar-pradesh-grand-tour-9d8n-v2.png,"Create a photorealistic travel image for ""Complete Uttar Pradesh Grand Tour"" — 9-day Uttar Pradesh holiday package, India. Scene: heritage circuit Taj Mahal Agra, Varanasi ghats, spiritual heritage. Style: Bright daylight vibrant colors, inviting family-friendly mood. YatraNexus brand colors: navy #001b2a, orange #ff7a00, purple #4b2cff. Photorealistic, no text, no watermark. Technical: 3:2 landscape 1200×800."
uttar-pradesh-complete-uttar-pradesh-grand-tour-9d8n-v3,package,Complete Uttar Pradesh Grand Tour,3,public/images/packages/uttar-pradesh-complete-uttar-pradesh-grand-tour-9d8n-v3.png,"Create a photorealistic travel image for ""Complete Uttar Pradesh Grand Tour"" — 9-day Uttar Pradesh holiday package, India. Scene: heritage circuit Taj Mahal Agra, Varanasi ghats, spiritual heritage. Style: Soft morning mist, peaceful serene atmosphere. YatraNexus brand colors: navy #001b2a, orange #ff7a00, purple #4b2cff. Photorealistic, no text, no watermark. Technical: 3:2 landscape 1200×800."
uttar-pradesh-complete-uttar-pradesh-grand-tour-9d8n-v4,package,Complete Uttar Pradesh Grand Tour,4,public/images/packages/uttar-pradesh-complete-uttar-pradesh-grand-tour-9d8n-v4.png,"Create a photorealistic travel image for ""Complete Uttar Pradesh Grand Tour"" — 9-day Uttar Pradesh holiday package, India. Scene: heritage circuit Taj Mahal Agra, Varanasi ghats, spiritual heritage. Style: Dramatic sunset warm orange-pink sky, romantic mood. YatraNexus brand colors: navy #001b2a, orange #ff7a00, purple #4b2cff. Photorealistic, no text, no watermark. Technical: 3:2 landscape 1200×800."
uttar-pradesh-complete-uttar-pradesh-grand-tour-9d8n-v5,package,Complete Uttar Pradesh Grand Tour,5,public/images/packages/uttar-pradesh-complete-uttar-pradesh-grand-tour-9d8n-v5.png,"Create a photorealistic travel image for ""Complete Uttar Pradesh Grand Tour"" — 9-day Uttar Pradesh holiday package, India. Scene: heritage circuit Taj Mahal Agra, Varanasi ghats, spiritual heritage. Style: Aerial drone bird's-eye view, epic panoramic scale. YatraNexus brand colors: navy #001b2a, orange #ff7a00, purple #4b2cff. Photorealistic, no text, no watermark. Technical: 3:2 landscape 1200×800."
uttar-pradesh-complete-uttar-pradesh-grand-tour-9d8n-v6,package,Complete Uttar Pradesh Grand Tour,6,public/images/packages/uttar-pradesh-complete-uttar-pradesh-grand-tour-9d8n-v6.png,"Create a photorealistic travel image for ""Complete Uttar Pradesh Grand Tour"" — 9-day Uttar Pradesh holiday package, India. Scene: heritage circuit Taj Mahal Agra, Varanasi ghats, spiritual heritage. Style: Close-up iconic landmark detail, shallow depth of field. YatraNexus brand colors: navy #001b2a, orange #ff7a00, purple #4b2cff. Photorealistic, no text, no watermark. Technical: 3:2 landscape 1200×800."
uttar-pradesh-complete-uttar-pradesh-grand-tour-9d8n-v7,package,Complete Uttar Pradesh Grand Tour,7,public/images/packages/uttar-pradesh-complete-uttar-pradesh-grand-tour-9d8n-v7.png,"Create a photorealistic travel image for ""Complete Uttar Pradesh Grand Tour"" — 9-day Uttar Pradesh holiday package, India. Scene: heritage circuit Taj Mahal Agra, Varanasi ghats, spiritual heritage. Style: Cultural heritage focus — temples, forts, or local architecture. YatraNexus brand colors: navy #001b2a, orange #ff7a00, purple #4b2cff. Photorealistic, no text, no watermark. Technical: 3:2 landscape 1200×800."
uttar-pradesh-complete-uttar-pradesh-grand-tour-9d8n-v8,package,Complete Uttar Pradesh Grand Tour,8,public/images/packages/uttar-pradesh-complete-uttar-pradesh-grand-tour-9d8n-v8.png,"Create a photorealistic travel image for ""Complete Uttar Pradesh Grand Tour"" — 9-day Uttar Pradesh holiday package, India. Scene: heritage circuit Taj Mahal Agra, Varanasi ghats, spiritual heritage. Style: Nature adventure — mountains, forests, rivers, wildlife hints. YatraNexus brand colors: navy #001b2a, orange #ff7a00, purple #4b2cff. Photorealistic, no text, no watermark. Technical: 3:2 landscape 1200×800."
uttar-pradesh-complete-uttar-pradesh-grand-tour-9d8n-v9,package,Complete Uttar Pradesh Grand Tour,9,public/images/packages/uttar-pradesh-complete-uttar-pradesh-grand-tour-9d8n-v9.png,"Create a photorealistic travel image for ""Complete Uttar Pradesh Grand Tour"" — 9-day Uttar Pradesh holiday package, India. Scene: heritage circuit Taj Mahal Agra, Varanasi ghats, spiritual heritage. Style: Coastal or lakeside calm water reflection composition. YatraNexus brand colors: navy #001b2a, orange #ff7a00, purple #4b2cff. Photorealistic, no text, no watermark. Technical: 3:2 landscape 1200×800."
uttar-pradesh-complete-uttar-pradesh-grand-tour-9d8n-v10,package,Complete Uttar Pradesh Grand Tour,10,public/images/packages/uttar-pradesh-complete-uttar-pradesh-grand-tour-9d8n-v10.png,"Create a photorealistic travel image for ""Complete Uttar Pradesh Grand Tour"" — 9-day Uttar Pradesh holiday package, India. Scene: heritage circuit Taj Mahal Agra, Varanasi ghats, spiritual heritage. Style: Clean package-card thumbnail — subject centered, minimal clutter. YatraNexus brand colors: navy #001b2a, orange #ff7a00, purple #4b2cff. Photorealistic, no text, no watermark. Technical: 3:2 landscape 1200×800."
goa-south-goa-serenity-escape-4d3n-v1,package,South Goa Serenity Escape,1,public/images/packages/goa-south-goa-serenity-escape-4d3n-v1.png,"Create a photorealistic travel image for ""South Goa Serenity Escape"" — 4-day Goa holiday package, India. Scene: scenic highlights of tropical beaches, palm trees, Portuguese heritage. Style: Wide cinematic golden-hour landscape, premium travel brochure. YatraNexus brand colors: navy #001b2a, orange #ff7a00, purple #4b2cff. Photorealistic, no text, no watermark. Technical: 3:2 landscape 1200×800."
goa-south-goa-serenity-escape-4d3n-v2,package,South Goa Serenity Escape,2,public/images/packages/goa-south-goa-serenity-escape-4d3n-v2.png,"Create a photorealistic travel image for ""South Goa Serenity Escape"" — 4-day Goa holiday package, India. Scene: scenic highlights of tropical beaches, palm trees, Portuguese heritage. Style: Bright daylight vibrant colors, inviting family-friendly mood. YatraNexus brand colors: navy #001b2a, orange #ff7a00, purple #4b2cff. Photorealistic, no text, no watermark. Technical: 3:2 landscape 1200×800."
goa-south-goa-serenity-escape-4d3n-v3,package,South Goa Serenity Escape,3,public/images/packages/goa-south-goa-serenity-escape-4d3n-v3.png,"Create a photorealistic travel image for ""South Goa Serenity Escape"" — 4-day Goa holiday package, India. Scene: scenic highlights of tropical beaches, palm trees, Portuguese heritage. Style: Soft morning mist, peaceful serene atmosphere. YatraNexus brand colors: navy #001b2a, orange #ff7a00, purple #4b2cff. Photorealistic, no text, no watermark. Technical: 3:2 landscape 1200×800."
goa-south-goa-serenity-escape-4d3n-v4,package,South Goa Serenity Escape,4,public/images/packages/goa-south-goa-serenity-escape-4d3n-v4.png,"Create a photorealistic travel image for ""South Goa Serenity Escape"" — 4-day Goa holiday package, India. Scene: scenic highlights of tropical beaches, palm trees, Portuguese heritage. Style: Dramatic sunset warm orange-pink sky, romantic mood. YatraNexus brand colors: navy #001b2a, orange #ff7a00, purple #4b2cff. Photorealistic, no text, no watermark. Technical: 3:2 landscape 1200×800."
goa-south-goa-serenity-escape-4d3n-v5,package,South Goa Serenity Escape,5,public/images/packages/goa-south-goa-serenity-escape-4d3n-v5.png,"Create a photorealistic travel image for ""South Goa Serenity Escape"" — 4-day Goa holiday package, India. Scene: scenic highlights of tropical beaches, palm trees, Portuguese heritage. Style: Aerial drone bird's-eye view, epic panoramic scale. YatraNexus brand colors: navy #001b2a, orange #ff7a00, purple #4b2cff. Photorealistic, no text, no watermark. Technical: 3:2 landscape 1200×800."
goa-south-goa-serenity-escape-4d3n-v6,package,South Goa Serenity Escape,6,public/images/packages/goa-south-goa-serenity-escape-4d3n-v6.png,"Create a photorealistic travel image for ""South Goa Serenity Escape"" — 4-day Goa holiday package, India. Scene: scenic highlights of tropical beaches, palm trees, Portuguese heritage. Style: Close-up iconic landmark detail, shallow depth of field. YatraNexus brand colors: navy #001b2a, orange #ff7a00, purple #4b2cff. Photorealistic, no text, no watermark. Technical: 3:2 landscape 1200×800."
goa-south-goa-serenity-escape-4d3n-v7,package,South Goa Serenity Escape,7,public/images/packages/goa-south-goa-serenity-escape-4d3n-v7.png,"Create a photorealistic travel image for ""South Goa Serenity Escape"" — 4-day Goa holiday package, India. Scene: scenic highlights of tropical beaches, palm trees, Portuguese heritage. Style: Cultural heritage focus — temples, forts, or local architecture. YatraNexus brand colors: navy #001b2a, orange #ff7a00, purple #4b2cff. Photorealistic, no text, no watermark. Technical: 3:2 landscape 1200×800."
goa-south-goa-serenity-escape-4d3n-v8,package,South Goa Serenity Escape,8,public/images/packages/goa-south-goa-serenity-escape-4d3n-v8.png,"Create a photorealistic travel image for ""South Goa Serenity Escape"" — 4-day Goa holiday package, India. Scene: scenic highlights of tropical beaches, palm trees, Portuguese heritage. Style: Nature adventure — mountains, forests, rivers, wildlife hints. YatraNexus brand colors: navy #001b2a, orange #ff7a00, purple #4b2cff. Photorealistic, no text, no watermark. Technical: 3:2 landscape 1200×800."
goa-south-goa-serenity-escape-4d3n-v9,package,South Goa Serenity Escape,9,public/images/packages/goa-south-goa-serenity-escape-4d3n-v9.png,"Create a photorealistic travel image for ""South Goa Serenity Escape"" — 4-day Goa holiday package, India. Scene: scenic highlights of tropical beaches, palm trees, Portuguese heritage. Style: Coastal or lakeside calm water reflection composition. YatraNexus brand colors: navy #001b2a, orange #ff7a00, purple #4b2cff. Photorealistic, no text, no watermark. Technical: 3:2 landscape 1200×800."
goa-south-goa-serenity-escape-4d3n-v10,package,South Goa Serenity Escape,10,public/images/packages/goa-south-goa-serenity-escape-4d3n-v10.png,"Create a photorealistic travel image for ""South Goa Serenity Escape"" — 4-day Goa holiday package, India. Scene: scenic highlights of tropical beaches, palm trees, Portuguese heritage. Style: Clean package-card thumbnail — subject centered, minimal clutter. YatraNexus brand colors: navy #001b2a, orange #ff7a00, purple #4b2cff. Photorealistic, no text, no watermark. Technical: 3:2 landscape 1200×800."
goa-north-goa-fun-adventure-tour-4d3n-v1,package,North Goa Fun & Adventure Tour,1,public/images/packages/goa-north-goa-fun-adventure-tour-4d3n-v1.png,"Create a photorealistic travel image for ""North Goa Fun & Adventure Tour"" — 4-day Goa holiday package, India. Scene: adventure tropical beaches, palm trees, Portuguese heritage, thrilling outdoor. Style: Wide cinematic golden-hour landscape, premium travel brochure. YatraNexus brand colors: navy #001b2a, orange #ff7a00, purple #4b2cff. Photorealistic, no text, no watermark. Technical: 3:2 landscape 1200×800."
goa-north-goa-fun-adventure-tour-4d3n-v2,package,North Goa Fun & Adventure Tour,2,public/images/packages/goa-north-goa-fun-adventure-tour-4d3n-v2.png,"Create a photorealistic travel image for ""North Goa Fun & Adventure Tour"" — 4-day Goa holiday package, India. Scene: adventure tropical beaches, palm trees, Portuguese heritage, thrilling outdoor. Style: Bright daylight vibrant colors, inviting family-friendly mood. YatraNexus brand colors: navy #001b2a, orange #ff7a00, purple #4b2cff. Photorealistic, no text, no watermark. Technical: 3:2 landscape 1200×800."
goa-north-goa-fun-adventure-tour-4d3n-v3,package,North Goa Fun & Adventure Tour,3,public/images/packages/goa-north-goa-fun-adventure-tour-4d3n-v3.png,"Create a photorealistic travel image for ""North Goa Fun & Adventure Tour"" — 4-day Goa holiday package, India. Scene: adventure tropical beaches, palm trees, Portuguese heritage, thrilling outdoor. Style: Soft morning mist, peaceful serene atmosphere. YatraNexus brand colors: navy #001b2a, orange #ff7a00, purple #4b2cff. Photorealistic, no text, no watermark. Technical: 3:2 landscape 1200×800."
goa-north-goa-fun-adventure-tour-4d3n-v4,package,North Goa Fun & Adventure Tour,4,public/images/packages/goa-north-goa-fun-adventure-tour-4d3n-v4.png,"Create a photorealistic travel image for ""North Goa Fun & Adventure Tour"" — 4-day Goa holiday package, India. Scene: adventure tropical beaches, palm trees, Portuguese heritage, thrilling outdoor. Style: Dramatic sunset warm orange-pink sky, romantic mood. YatraNexus brand colors: navy #001b2a, orange #ff7a00, purple #4b2cff. Photorealistic, no text, no watermark. Technical: 3:2 landscape 1200×800."
goa-north-goa-fun-adventure-tour-4d3n-v5,package,North Goa Fun & Adventure Tour,5,public/images/packages/goa-north-goa-fun-adventure-tour-4d3n-v5.png,"Create a photorealistic travel image for ""North Goa Fun & Adventure Tour"" — 4-day Goa holiday package, India. Scene: adventure tropical beaches, palm trees, Portuguese heritage, thrilling outdoor. Style: Aerial drone bird's-eye view, epic panoramic scale. YatraNexus brand colors: navy #001b2a, orange #ff7a00, purple #4b2cff. Photorealistic, no text, no watermark. Technical: 3:2 landscape 1200×800."
goa-north-goa-fun-adventure-tour-4d3n-v6,package,North Goa Fun & Adventure Tour,6,public/images/packages/goa-north-goa-fun-adventure-tour-4d3n-v6.png,"Create a photorealistic travel image for ""North Goa Fun & Adventure Tour"" — 4-day Goa holiday package, India. Scene: adventure tropical beaches, palm trees, Portuguese heritage, thrilling outdoor. Style: Close-up iconic landmark detail, shallow depth of field. YatraNexus brand colors: navy #001b2a, orange #ff7a00, purple #4b2cff. Photorealistic, no text, no watermark. Technical: 3:2 landscape 1200×800."
goa-north-goa-fun-adventure-tour-4d3n-v7,package,North Goa Fun & Adventure Tour,7,public/images/packages/goa-north-goa-fun-adventure-tour-4d3n-v7.png,"Create a photorealistic travel image for ""North Goa Fun & Adventure Tour"" — 4-day Goa holiday package, India. Scene: adventure tropical beaches, palm trees, Portuguese heritage, thrilling outdoor. Style: Cultural heritage focus — temples, forts, or local architecture. YatraNexus brand colors: navy #001b2a, orange #ff7a00, purple #4b2cff. Photorealistic, no text, no watermark. Technical: 3:2 landscape 1200×800."
goa-north-goa-fun-adventure-tour-4d3n-v8,package,North Goa Fun & Adventure Tour,8,public/images/packages/goa-north-goa-fun-adventure-tour-4d3n-v8.png,"Create a photorealistic travel image for ""North Goa Fun & Adventure Tour"" — 4-day Goa holiday package, India. Scene: adventure tropical beaches, palm trees, Portuguese heritage, thrilling outdoor. Style: Nature adventure — mountains, forests, rivers, wildlife hints. YatraNexus brand colors: navy #001b2a, orange #ff7a00, purple #4b2cff. Photorealistic, no text, no watermark. Technical: 3:2 landscape 1200×800."
goa-north-goa-fun-adventure-tour-4d3n-v9,package,North Goa Fun & Adventure Tour,9,public/images/packages/goa-north-goa-fun-adventure-tour-4d3n-v9.png,"Create a photorealistic travel image for ""North Goa Fun & Adventure Tour"" — 4-day Goa holiday package, India. Scene: adventure tropical beaches, palm trees, Portuguese heritage, thrilling outdoor. Style: Coastal or lakeside calm water reflection composition. YatraNexus brand colors: navy #001b2a, orange #ff7a00, purple #4b2cff. Photorealistic, no text, no watermark. Technical: 3:2 landscape 1200×800."
goa-north-goa-fun-adventure-tour-4d3n-v10,package,North Goa Fun & Adventure Tour,10,public/images/packages/goa-north-goa-fun-adventure-tour-4d3n-v10.png,"Create a photorealistic travel image for ""North Goa Fun & Adventure Tour"" — 4-day Goa holiday package, India. Scene: adventure tropical beaches, palm trees, Portuguese heritage, thrilling outdoor. Style: Clean package-card thumbnail — subject centered, minimal clutter. YatraNexus brand colors: navy #001b2a, orange #ff7a00, purple #4b2cff. Photorealistic, no text, no watermark. Technical: 3:2 landscape 1200×800."
goa-complete-goa-explorer-package-6d5n-v1,package,Complete Goa Explorer Package,1,public/images/packages/goa-complete-goa-explorer-package-6d5n-v1.png,"Create a photorealistic travel image for ""Complete Goa Explorer Package"" — 6-day Goa holiday package, India. Scene: scenic highlights of tropical beaches, palm trees, Portuguese heritage. Style: Wide cinematic golden-hour landscape, premium travel brochure. YatraNexus brand colors: navy #001b2a, orange #ff7a00, purple #4b2cff. Photorealistic, no text, no watermark. Technical: 3:2 landscape 1200×800."
goa-complete-goa-explorer-package-6d5n-v2,package,Complete Goa Explorer Package,2,public/images/packages/goa-complete-goa-explorer-package-6d5n-v2.png,"Create a photorealistic travel image for ""Complete Goa Explorer Package"" — 6-day Goa holiday package, India. Scene: scenic highlights of tropical beaches, palm trees, Portuguese heritage. Style: Bright daylight vibrant colors, inviting family-friendly mood. YatraNexus brand colors: navy #001b2a, orange #ff7a00, purple #4b2cff. Photorealistic, no text, no watermark. Technical: 3:2 landscape 1200×800."
goa-complete-goa-explorer-package-6d5n-v3,package,Complete Goa Explorer Package,3,public/images/packages/goa-complete-goa-explorer-package-6d5n-v3.png,"Create a photorealistic travel image for ""Complete Goa Explorer Package"" — 6-day Goa holiday package, India. Scene: scenic highlights of tropical beaches, palm trees, Portuguese heritage. Style: Soft morning mist, peaceful serene atmosphere. YatraNexus brand colors: navy #001b2a, orange #ff7a00, purple #4b2cff. Photorealistic, no text, no watermark. Technical: 3:2 landscape 1200×800."
goa-complete-goa-explorer-package-6d5n-v4,package,Complete Goa Explorer Package,4,public/images/packages/goa-complete-goa-explorer-package-6d5n-v4.png,"Create a photorealistic travel image for ""Complete Goa Explorer Package"" — 6-day Goa holiday package, India. Scene: scenic highlights of tropical beaches, palm trees, Portuguese heritage. Style: Dramatic sunset warm orange-pink sky, romantic mood. YatraNexus brand colors: navy #001b2a, orange #ff7a00, purple #4b2cff. Photorealistic, no text, no watermark. Technical: 3:2 landscape 1200×800."
goa-complete-goa-explorer-package-6d5n-v5,package,Complete Goa Explorer Package,5,public/images/packages/goa-complete-goa-explorer-package-6d5n-v5.png,"Create a photorealistic travel image for ""Complete Goa Explorer Package"" — 6-day Goa holiday package, India. Scene: scenic highlights of tropical beaches, palm trees, Portuguese heritage. Style: Aerial drone bird's-eye view, epic panoramic scale. YatraNexus brand colors: navy #001b2a, orange #ff7a00, purple #4b2cff. Photorealistic, no text, no watermark. Technical: 3:2 landscape 1200×800."
goa-complete-goa-explorer-package-6d5n-v6,package,Complete Goa Explorer Package,6,public/images/packages/goa-complete-goa-explorer-package-6d5n-v6.png,"Create a photorealistic travel image for ""Complete Goa Explorer Package"" — 6-day Goa holiday package, India. Scene: scenic highlights of tropical beaches, palm trees, Portuguese heritage. Style: Close-up iconic landmark detail, shallow depth of field. YatraNexus brand colors: navy #001b2a, orange #ff7a00, purple #4b2cff. Photorealistic, no text, no watermark. Technical: 3:2 landscape 1200×800."
goa-complete-goa-explorer-package-6d5n-v7,package,Complete Goa Explorer Package,7,public/images/packages/goa-complete-goa-explorer-package-6d5n-v7.png,"Create a photorealistic travel image for ""Complete Goa Explorer Package"" — 6-day Goa holiday package, India. Scene: scenic highlights of tropical beaches, palm trees, Portuguese heritage. Style: Cultural heritage focus — temples, forts, or local architecture. YatraNexus brand colors: navy #001b2a, orange #ff7a00, purple #4b2cff. Photorealistic, no text, no watermark. Technical: 3:2 landscape 1200×800."
goa-complete-goa-explorer-package-6d5n-v8,package,Complete Goa Explorer Package,8,public/images/packages/goa-complete-goa-explorer-package-6d5n-v8.png,"Create a photorealistic travel image for ""Complete Goa Explorer Package"" — 6-day Goa holiday package, India. Scene: scenic highlights of tropical beaches, palm trees, Portuguese heritage. Style: Nature adventure — mountains, forests, rivers, wildlife hints. YatraNexus brand colors: navy #001b2a, orange #ff7a00, purple #4b2cff. Photorealistic, no text, no watermark. Technical: 3:2 landscape 1200×800."
goa-complete-goa-explorer-package-6d5n-v9,package,Complete Goa Explorer Package,9,public/images/packages/goa-complete-goa-explorer-package-6d5n-v9.png,"Create a photorealistic travel image for ""Complete Goa Explorer Package"" — 6-day Goa holiday package, India. Scene: scenic highlights of tropical beaches, palm trees, Portuguese heritage. Style: Coastal or lakeside calm water reflection composition. YatraNexus brand colors: navy #001b2a, orange #ff7a00, purple #4b2cff. Photorealistic, no text, no watermark. Technical: 3:2 landscape 1200×800."
goa-complete-goa-explorer-package-6d5n-v10,package,Complete Goa Explorer Package,10,public/images/packages/goa-complete-goa-explorer-package-6d5n-v10.png,"Create a photorealistic travel image for ""Complete Goa Explorer Package"" — 6-day Goa holiday package, India. Scene: scenic highlights of tropical beaches, palm trees, Portuguese heritage. Style: Clean package-card thumbnail — subject centered, minimal clutter. YatraNexus brand colors: navy #001b2a, orange #ff7a00, purple #4b2cff. Photorealistic, no text, no watermark. Technical: 3:2 landscape 1200×800."
goa-romantic-goa-honeymoon-package-5d4n-v1,package,Romantic Goa Honeymoon Package,1,public/images/packages/goa-romantic-goa-honeymoon-package-5d4n-v1.png,"Create a photorealistic travel image for ""Romantic Goa Honeymoon Package"" — 5-day Goa holiday package, India. Scene: romantic tropical beaches, palm trees, Portuguese heritage, intimate luxury mood. Style: Wide cinematic golden-hour landscape, premium travel brochure. YatraNexus brand colors: navy #001b2a, orange #ff7a00, purple #4b2cff. Photorealistic, no text, no watermark. Technical: 3:2 landscape 1200×800."
goa-romantic-goa-honeymoon-package-5d4n-v2,package,Romantic Goa Honeymoon Package,2,public/images/packages/goa-romantic-goa-honeymoon-package-5d4n-v2.png,"Create a photorealistic travel image for ""Romantic Goa Honeymoon Package"" — 5-day Goa holiday package, India. Scene: romantic tropical beaches, palm trees, Portuguese heritage, intimate luxury mood. Style: Bright daylight vibrant colors, inviting family-friendly mood. YatraNexus brand colors: navy #001b2a, orange #ff7a00, purple #4b2cff. Photorealistic, no text, no watermark. Technical: 3:2 landscape 1200×800."
goa-romantic-goa-honeymoon-package-5d4n-v3,package,Romantic Goa Honeymoon Package,3,public/images/packages/goa-romantic-goa-honeymoon-package-5d4n-v3.png,"Create a photorealistic travel image for ""Romantic Goa Honeymoon Package"" — 5-day Goa holiday package, India. Scene: romantic tropical beaches, palm trees, Portuguese heritage, intimate luxury mood. Style: Soft morning mist, peaceful serene atmosphere. YatraNexus brand colors: navy #001b2a, orange #ff7a00, purple #4b2cff. Photorealistic, no text, no watermark. Technical: 3:2 landscape 1200×800."
goa-romantic-goa-honeymoon-package-5d4n-v4,package,Romantic Goa Honeymoon Package,4,public/images/packages/goa-romantic-goa-honeymoon-package-5d4n-v4.png,"Create a photorealistic travel image for ""Romantic Goa Honeymoon Package"" — 5-day Goa holiday package, India. Scene: romantic tropical beaches, palm trees, Portuguese heritage, intimate luxury mood. Style: Dramatic sunset warm orange-pink sky, romantic mood. YatraNexus brand colors: navy #001b2a, orange #ff7a00, purple #4b2cff. Photorealistic, no text, no watermark. Technical: 3:2 landscape 1200×800."
goa-romantic-goa-honeymoon-package-5d4n-v5,package,Romantic Goa Honeymoon Package,5,public/images/packages/goa-romantic-goa-honeymoon-package-5d4n-v5.png,"Create a photorealistic travel image for ""Romantic Goa Honeymoon Package"" — 5-day Goa holiday package, India. Scene: romantic tropical beaches, palm trees, Portuguese heritage, intimate luxury mood. Style: Aerial drone bird's-eye view, epic panoramic scale. YatraNexus brand colors: navy #001b2a, orange #ff7a00, purple #4b2cff. Photorealistic, no text, no watermark. Technical: 3:2 landscape 1200×800."
goa-romantic-goa-honeymoon-package-5d4n-v6,package,Romantic Goa Honeymoon Package,6,public/images/packages/goa-romantic-goa-honeymoon-package-5d4n-v6.png,"Create a photorealistic travel image for ""Romantic Goa Honeymoon Package"" — 5-day Goa holiday package, India. Scene: romantic tropical beaches, palm trees, Portuguese heritage, intimate luxury mood. Style: Close-up iconic landmark detail, shallow depth of field. YatraNexus brand colors: navy #001b2a, orange #ff7a00, purple #4b2cff. Photorealistic, no text, no watermark. Technical: 3:2 landscape 1200×800."
goa-romantic-goa-honeymoon-package-5d4n-v7,package,Romantic Goa Honeymoon Package,7,public/images/packages/goa-romantic-goa-honeymoon-package-5d4n-v7.png,"Create a photorealistic travel image for ""Romantic Goa Honeymoon Package"" — 5-day Goa holiday package, India. Scene: romantic tropical beaches, palm trees, Portuguese heritage, intimate luxury mood. Style: Cultural heritage focus — temples, forts, or local architecture. YatraNexus brand colors: navy #001b2a, orange #ff7a00, purple #4b2cff. Photorealistic, no text, no watermark. Technical: 3:2 landscape 1200×800."
goa-romantic-goa-honeymoon-package-5d4n-v8,package,Romantic Goa Honeymoon Package,8,public/images/packages/goa-romantic-goa-honeymoon-package-5d4n-v8.png,"Create a photorealistic travel image for ""Romantic Goa Honeymoon Package"" — 5-day Goa holiday package, India. Scene: romantic tropical beaches, palm trees, Portuguese heritage, intimate luxury mood. Style: Nature adventure — mountains, forests, rivers, wildlife hints. YatraNexus brand colors: navy #001b2a, orange #ff7a00, purple #4b2cff. Photorealistic, no text, no watermark. Technical: 3:2 landscape 1200×800."
goa-romantic-goa-honeymoon-package-5d4n-v9,package,Romantic Goa Honeymoon Package,9,public/images/packages/goa-romantic-goa-honeymoon-package-5d4n-v9.png,"Create a photorealistic travel image for ""Romantic Goa Honeymoon Package"" — 5-day Goa holiday package, India. Scene: romantic tropical beaches, palm trees, Portuguese heritage, intimate luxury mood. Style: Coastal or lakeside calm water reflection composition. YatraNexus brand colors: navy #001b2a, orange #ff7a00, purple #4b2cff. Photorealistic, no text, no watermark. Technical: 3:2 landscape 1200×800."
goa-romantic-goa-honeymoon-package-5d4n-v10,package,Romantic Goa Honeymoon Package,10,public/images/packages/goa-romantic-goa-honeymoon-package-5d4n-v10.png,"Create a photorealistic travel image for ""Romantic Goa Honeymoon Package"" — 5-day Goa holiday package, India. Scene: romantic tropical beaches, palm trees, Portuguese heritage, intimate luxury mood. Style: Clean package-card thumbnail — subject centered, minimal clutter. YatraNexus brand colors: navy #001b2a, orange #ff7a00, purple #4b2cff. Photorealistic, no text, no watermark. Technical: 3:2 landscape 1200×800."
goa-goa-family-holiday-package-5d4n-v1,package,‍‍‍ Goa Family Holiday Package,1,public/images/packages/goa-goa-family-holiday-package-5d4n-v1.png,"Create a photorealistic travel image for ""‍‍‍ Goa Family Holiday Package"" — 5-day Goa holiday package, India. Scene: family-friendly tropical beaches, palm trees, Portuguese heritage, cheerful safe travel. Style: Wide cinematic golden-hour landscape, premium travel brochure. YatraNexus brand colors: navy #001b2a, orange #ff7a00, purple #4b2cff. Photorealistic, no text, no watermark. Technical: 3:2 landscape 1200×800."
goa-goa-family-holiday-package-5d4n-v2,package,‍‍‍ Goa Family Holiday Package,2,public/images/packages/goa-goa-family-holiday-package-5d4n-v2.png,"Create a photorealistic travel image for ""‍‍‍ Goa Family Holiday Package"" — 5-day Goa holiday package, India. Scene: family-friendly tropical beaches, palm trees, Portuguese heritage, cheerful safe travel. Style: Bright daylight vibrant colors, inviting family-friendly mood. YatraNexus brand colors: navy #001b2a, orange #ff7a00, purple #4b2cff. Photorealistic, no text, no watermark. Technical: 3:2 landscape 1200×800."
goa-goa-family-holiday-package-5d4n-v3,package,‍‍‍ Goa Family Holiday Package,3,public/images/packages/goa-goa-family-holiday-package-5d4n-v3.png,"Create a photorealistic travel image for ""‍‍‍ Goa Family Holiday Package"" — 5-day Goa holiday package, India. Scene: family-friendly tropical beaches, palm trees, Portuguese heritage, cheerful safe travel. Style: Soft morning mist, peaceful serene atmosphere. YatraNexus brand colors: navy #001b2a, orange #ff7a00, purple #4b2cff. Photorealistic, no text, no watermark. Technical: 3:2 landscape 1200×800."
goa-goa-family-holiday-package-5d4n-v4,package,‍‍‍ Goa Family Holiday Package,4,public/images/packages/goa-goa-family-holiday-package-5d4n-v4.png,"Create a photorealistic travel image for ""‍‍‍ Goa Family Holiday Package"" — 5-day Goa holiday package, India. Scene: family-friendly tropical beaches, palm trees, Portuguese heritage, cheerful safe travel. Style: Dramatic sunset warm orange-pink sky, romantic mood. YatraNexus brand colors: navy #001b2a, orange #ff7a00, purple #4b2cff. Photorealistic, no text, no watermark. Technical: 3:2 landscape 1200×800."
goa-goa-family-holiday-package-5d4n-v5,package,‍‍‍ Goa Family Holiday Package,5,public/images/packages/goa-goa-family-holiday-package-5d4n-v5.png,"Create a photorealistic travel image for ""‍‍‍ Goa Family Holiday Package"" — 5-day Goa holiday package, India. Scene: family-friendly tropical beaches, palm trees, Portuguese heritage, cheerful safe travel. Style: Aerial drone bird's-eye view, epic panoramic scale. YatraNexus brand colors: navy #001b2a, orange #ff7a00, purple #4b2cff. Photorealistic, no text, no watermark. Technical: 3:2 landscape 1200×800."
goa-goa-family-holiday-package-5d4n-v6,package,‍‍‍ Goa Family Holiday Package,6,public/images/packages/goa-goa-family-holiday-package-5d4n-v6.png,"Create a photorealistic travel image for ""‍‍‍ Goa Family Holiday Package"" — 5-day Goa holiday package, India. Scene: family-friendly tropical beaches, palm trees, Portuguese heritage, cheerful safe travel. Style: Close-up iconic landmark detail, shallow depth of field. YatraNexus brand colors: navy #001b2a, orange #ff7a00, purple #4b2cff. Photorealistic, no text, no watermark. Technical: 3:2 landscape 1200×800."
goa-goa-family-holiday-package-5d4n-v7,package,‍‍‍ Goa Family Holiday Package,7,public/images/packages/goa-goa-family-holiday-package-5d4n-v7.png,"Create a photorealistic travel image for ""‍‍‍ Goa Family Holiday Package"" — 5-day Goa holiday package, India. Scene: family-friendly tropical beaches, palm trees, Portuguese heritage, cheerful safe travel. Style: Cultural heritage focus — temples, forts, or local architecture. YatraNexus brand colors: navy #001b2a, orange #ff7a00, purple #4b2cff. Photorealistic, no text, no watermark. Technical: 3:2 landscape 1200×800."
goa-goa-family-holiday-package-5d4n-v8,package,‍‍‍ Goa Family Holiday Package,8,public/images/packages/goa-goa-family-holiday-package-5d4n-v8.png,"Create a photorealistic travel image for ""‍‍‍ Goa Family Holiday Package"" — 5-day Goa holiday package, India. Scene: family-friendly tropical beaches, palm trees, Portuguese heritage, cheerful safe travel. Style: Nature adventure — mountains, forests, rivers, wildlife hints. YatraNexus brand colors: navy #001b2a, orange #ff7a00, purple #4b2cff. Photorealistic, no text, no watermark. Technical: 3:2 landscape 1200×800."
goa-goa-family-holiday-package-5d4n-v9,package,‍‍‍ Goa Family Holiday Package,9,public/images/packages/goa-goa-family-holiday-package-5d4n-v9.png,"Create a photorealistic travel image for ""‍‍‍ Goa Family Holiday Package"" — 5-day Goa holiday package, India. Scene: family-friendly tropical beaches, palm trees, Portuguese heritage, cheerful safe travel. Style: Coastal or lakeside calm water reflection composition. YatraNexus brand colors: navy #001b2a, orange #ff7a00, purple #4b2cff. Photorealistic, no text, no watermark. Technical: 3:2 landscape 1200×800."
goa-goa-family-holiday-package-5d4n-v10,package,‍‍‍ Goa Family Holiday Package,10,public/images/packages/goa-goa-family-holiday-package-5d4n-v10.png,"Create a photorealistic travel image for ""‍‍‍ Goa Family Holiday Package"" — 5-day Goa holiday package, India. Scene: family-friendly tropical beaches, palm trees, Portuguese heritage, cheerful safe travel. Style: Clean package-card thumbnail — subject centered, minimal clutter. YatraNexus brand colors: navy #001b2a, orange #ff7a00, purple #4b2cff. Photorealistic, no text, no watermark. Technical: 3:2 landscape 1200×800."
goa-luxury-goa-beach-resort-escape-premium-package-6d5n-v1,package,Luxury Goa Beach & Resort Escape ⭐ Premium Package,1,public/images/packages/goa-luxury-goa-beach-resort-escape-premium-package-6d5n-v1.png,"Create a photorealistic travel image for ""Luxury Goa Beach & Resort Escape ⭐ Premium Package"" — 6-day Goa holiday package, India. Scene: coastal beaches tropical beaches, palm trees, Portuguese heritage. Style: Wide cinematic golden-hour landscape, premium travel brochure. YatraNexus brand colors: navy #001b2a, orange #ff7a00, purple #4b2cff. Photorealistic, no text, no watermark. Technical: 3:2 landscape 1200×800."
goa-luxury-goa-beach-resort-escape-premium-package-6d5n-v2,package,Luxury Goa Beach & Resort Escape ⭐ Premium Package,2,public/images/packages/goa-luxury-goa-beach-resort-escape-premium-package-6d5n-v2.png,"Create a photorealistic travel image for ""Luxury Goa Beach & Resort Escape ⭐ Premium Package"" — 6-day Goa holiday package, India. Scene: coastal beaches tropical beaches, palm trees, Portuguese heritage. Style: Bright daylight vibrant colors, inviting family-friendly mood. YatraNexus brand colors: navy #001b2a, orange #ff7a00, purple #4b2cff. Photorealistic, no text, no watermark. Technical: 3:2 landscape 1200×800."
goa-luxury-goa-beach-resort-escape-premium-package-6d5n-v3,package,Luxury Goa Beach & Resort Escape ⭐ Premium Package,3,public/images/packages/goa-luxury-goa-beach-resort-escape-premium-package-6d5n-v3.png,"Create a photorealistic travel image for ""Luxury Goa Beach & Resort Escape ⭐ Premium Package"" — 6-day Goa holiday package, India. Scene: coastal beaches tropical beaches, palm trees, Portuguese heritage. Style: Soft morning mist, peaceful serene atmosphere. YatraNexus brand colors: navy #001b2a, orange #ff7a00, purple #4b2cff. Photorealistic, no text, no watermark. Technical: 3:2 landscape 1200×800."
goa-luxury-goa-beach-resort-escape-premium-package-6d5n-v4,package,Luxury Goa Beach & Resort Escape ⭐ Premium Package,4,public/images/packages/goa-luxury-goa-beach-resort-escape-premium-package-6d5n-v4.png,"Create a photorealistic travel image for ""Luxury Goa Beach & Resort Escape ⭐ Premium Package"" — 6-day Goa holiday package, India. Scene: coastal beaches tropical beaches, palm trees, Portuguese heritage. Style: Dramatic sunset warm orange-pink sky, romantic mood. YatraNexus brand colors: navy #001b2a, orange #ff7a00, purple #4b2cff. Photorealistic, no text, no watermark. Technical: 3:2 landscape 1200×800."
goa-luxury-goa-beach-resort-escape-premium-package-6d5n-v5,package,Luxury Goa Beach & Resort Escape ⭐ Premium Package,5,public/images/packages/goa-luxury-goa-beach-resort-escape-premium-package-6d5n-v5.png,"Create a photorealistic travel image for ""Luxury Goa Beach & Resort Escape ⭐ Premium Package"" — 6-day Goa holiday package, India. Scene: coastal beaches tropical beaches, palm trees, Portuguese heritage. Style: Aerial drone bird's-eye view, epic panoramic scale. YatraNexus brand colors: navy #001b2a, orange #ff7a00, purple #4b2cff. Photorealistic, no text, no watermark. Technical: 3:2 landscape 1200×800."
goa-luxury-goa-beach-resort-escape-premium-package-6d5n-v6,package,Luxury Goa Beach & Resort Escape ⭐ Premium Package,6,public/images/packages/goa-luxury-goa-beach-resort-escape-premium-package-6d5n-v6.png,"Create a photorealistic travel image for ""Luxury Goa Beach & Resort Escape ⭐ Premium Package"" — 6-day Goa holiday package, India. Scene: coastal beaches tropical beaches, palm trees, Portuguese heritage. Style: Close-up iconic landmark detail, shallow depth of field. YatraNexus brand colors: navy #001b2a, orange #ff7a00, purple #4b2cff. Photorealistic, no text, no watermark. Technical: 3:2 landscape 1200×800."
goa-luxury-goa-beach-resort-escape-premium-package-6d5n-v7,package,Luxury Goa Beach & Resort Escape ⭐ Premium Package,7,public/images/packages/goa-luxury-goa-beach-resort-escape-premium-package-6d5n-v7.png,"Create a photorealistic travel image for ""Luxury Goa Beach & Resort Escape ⭐ Premium Package"" — 6-day Goa holiday package, India. Scene: coastal beaches tropical beaches, palm trees, Portuguese heritage. Style: Cultural heritage focus — temples, forts, or local architecture. YatraNexus brand colors: navy #001b2a, orange #ff7a00, purple #4b2cff. Photorealistic, no text, no watermark. Technical: 3:2 landscape 1200×800."
goa-luxury-goa-beach-resort-escape-premium-package-6d5n-v8,package,Luxury Goa Beach & Resort Escape ⭐ Premium Package,8,public/images/packages/goa-luxury-goa-beach-resort-escape-premium-package-6d5n-v8.png,"Create a photorealistic travel image for ""Luxury Goa Beach & Resort Escape ⭐ Premium Package"" — 6-day Goa holiday package, India. Scene: coastal beaches tropical beaches, palm trees, Portuguese heritage. Style: Nature adventure — mountains, forests, rivers, wildlife hints. YatraNexus brand colors: navy #001b2a, orange #ff7a00, purple #4b2cff. Photorealistic, no text, no watermark. Technical: 3:2 landscape 1200×800."
goa-luxury-goa-beach-resort-escape-premium-package-6d5n-v9,package,Luxury Goa Beach & Resort Escape ⭐ Premium Package,9,public/images/packages/goa-luxury-goa-beach-resort-escape-premium-package-6d5n-v9.png,"Create a photorealistic travel image for ""Luxury Goa Beach & Resort Escape ⭐ Premium Package"" — 6-day Goa holiday package, India. Scene: coastal beaches tropical beaches, palm trees, Portuguese heritage. Style: Coastal or lakeside calm water reflection composition. YatraNexus brand colors: navy #001b2a, orange #ff7a00, purple #4b2cff. Photorealistic, no text, no watermark. Technical: 3:2 landscape 1200×800."
goa-luxury-goa-beach-resort-escape-premium-package-6d5n-v10,package,Luxury Goa Beach & Resort Escape ⭐ Premium Package,10,public/images/packages/goa-luxury-goa-beach-resort-escape-premium-package-6d5n-v10.png,"Create a photorealistic travel image for ""Luxury Goa Beach & Resort Escape ⭐ Premium Package"" — 6-day Goa holiday package, India. Scene: coastal beaches tropical beaches, palm trees, Portuguese heritage. Style: Clean package-card thumbnail — subject centered, minimal clutter. YatraNexus brand colors: navy #001b2a, orange #ff7a00, purple #4b2cff. Photorealistic, no text, no watermark. Technical: 3:2 landscape 1200×800."
andaman-andaman-island-escape-4d3n-v1,package,Andaman Island Escape,1,public/images/packages/andaman-andaman-island-escape-4d3n-v1.png,"Create a photorealistic travel image for ""Andaman Island Escape"" — 4-day Andaman Islands holiday package, India. Scene: scenic highlights of turquoise lagoon, Radhanagar beach, coral islands. Style: Wide cinematic golden-hour landscape, premium travel brochure. YatraNexus brand colors: navy #001b2a, orange #ff7a00, purple #4b2cff. Photorealistic, no text, no watermark. Technical: 3:2 landscape 1200×800."
andaman-andaman-island-escape-4d3n-v2,package,Andaman Island Escape,2,public/images/packages/andaman-andaman-island-escape-4d3n-v2.png,"Create a photorealistic travel image for ""Andaman Island Escape"" — 4-day Andaman Islands holiday package, India. Scene: scenic highlights of turquoise lagoon, Radhanagar beach, coral islands. Style: Bright daylight vibrant colors, inviting family-friendly mood. YatraNexus brand colors: navy #001b2a, orange #ff7a00, purple #4b2cff. Photorealistic, no text, no watermark. Technical: 3:2 landscape 1200×800."
andaman-andaman-island-escape-4d3n-v3,package,Andaman Island Escape,3,public/images/packages/andaman-andaman-island-escape-4d3n-v3.png,"Create a photorealistic travel image for ""Andaman Island Escape"" — 4-day Andaman Islands holiday package, India. Scene: scenic highlights of turquoise lagoon, Radhanagar beach, coral islands. Style: Soft morning mist, peaceful serene atmosphere. YatraNexus brand colors: navy #001b2a, orange #ff7a00, purple #4b2cff. Photorealistic, no text, no watermark. Technical: 3:2 landscape 1200×800."
andaman-andaman-island-escape-4d3n-v4,package,Andaman Island Escape,4,public/images/packages/andaman-andaman-island-escape-4d3n-v4.png,"Create a photorealistic travel image for ""Andaman Island Escape"" — 4-day Andaman Islands holiday package, India. Scene: scenic highlights of turquoise lagoon, Radhanagar beach, coral islands. Style: Dramatic sunset warm orange-pink sky, romantic mood. YatraNexus brand colors: navy #001b2a, orange #ff7a00, purple #4b2cff. Photorealistic, no text, no watermark. Technical: 3:2 landscape 1200×800."
andaman-andaman-island-escape-4d3n-v5,package,Andaman Island Escape,5,public/images/packages/andaman-andaman-island-escape-4d3n-v5.png,"Create a photorealistic travel image for ""Andaman Island Escape"" — 4-day Andaman Islands holiday package, India. Scene: scenic highlights of turquoise lagoon, Radhanagar beach, coral islands. Style: Aerial drone bird's-eye view, epic panoramic scale. YatraNexus brand colors: navy #001b2a, orange #ff7a00, purple #4b2cff. Photorealistic, no text, no watermark. Technical: 3:2 landscape 1200×800."
andaman-andaman-island-escape-4d3n-v6,package,Andaman Island Escape,6,public/images/packages/andaman-andaman-island-escape-4d3n-v6.png,"Create a photorealistic travel image for ""Andaman Island Escape"" — 4-day Andaman Islands holiday package, India. Scene: scenic highlights of turquoise lagoon, Radhanagar beach, coral islands. Style: Close-up iconic landmark detail, shallow depth of field. YatraNexus brand colors: navy #001b2a, orange #ff7a00, purple #4b2cff. Photorealistic, no text, no watermark. Technical: 3:2 landscape 1200×800."
andaman-andaman-island-escape-4d3n-v7,package,Andaman Island Escape,7,public/images/packages/andaman-andaman-island-escape-4d3n-v7.png,"Create a photorealistic travel image for ""Andaman Island Escape"" — 4-day Andaman Islands holiday package, India. Scene: scenic highlights of turquoise lagoon, Radhanagar beach, coral islands. Style: Cultural heritage focus — temples, forts, or local architecture. YatraNexus brand colors: navy #001b2a, orange #ff7a00, purple #4b2cff. Photorealistic, no text, no watermark. Technical: 3:2 landscape 1200×800."
andaman-andaman-island-escape-4d3n-v8,package,Andaman Island Escape,8,public/images/packages/andaman-andaman-island-escape-4d3n-v8.png,"Create a photorealistic travel image for ""Andaman Island Escape"" — 4-day Andaman Islands holiday package, India. Scene: scenic highlights of turquoise lagoon, Radhanagar beach, coral islands. Style: Nature adventure — mountains, forests, rivers, wildlife hints. YatraNexus brand colors: navy #001b2a, orange #ff7a00, purple #4b2cff. Photorealistic, no text, no watermark. Technical: 3:2 landscape 1200×800."
andaman-andaman-island-escape-4d3n-v9,package,Andaman Island Escape,9,public/images/packages/andaman-andaman-island-escape-4d3n-v9.png,"Create a photorealistic travel image for ""Andaman Island Escape"" — 4-day Andaman Islands holiday package, India. Scene: scenic highlights of turquoise lagoon, Radhanagar beach, coral islands. Style: Coastal or lakeside calm water reflection composition. YatraNexus brand colors: navy #001b2a, orange #ff7a00, purple #4b2cff. Photorealistic, no text, no watermark. Technical: 3:2 landscape 1200×800."
andaman-andaman-island-escape-4d3n-v10,package,Andaman Island Escape,10,public/images/packages/andaman-andaman-island-escape-4d3n-v10.png,"Create a photorealistic travel image for ""Andaman Island Escape"" — 4-day Andaman Islands holiday package, India. Scene: scenic highlights of turquoise lagoon, Radhanagar beach, coral islands. Style: Clean package-card thumbnail — subject centered, minimal clutter. YatraNexus brand colors: navy #001b2a, orange #ff7a00, purple #4b2cff. Photorealistic, no text, no watermark. Technical: 3:2 landscape 1200×800."
andaman-andaman-honeymoon-special-5d4n-v1,package,Andaman Honeymoon Special,1,public/images/packages/andaman-andaman-honeymoon-special-5d4n-v1.png,"Create a photorealistic travel image for ""Andaman Honeymoon Special"" — 5-day Andaman Islands holiday package, India. Scene: romantic turquoise lagoon, Radhanagar beach, coral islands, intimate luxury mood. Style: Wide cinematic golden-hour landscape, premium travel brochure. YatraNexus brand colors: navy #001b2a, orange #ff7a00, purple #4b2cff. Photorealistic, no text, no watermark. Technical: 3:2 landscape 1200×800."
andaman-andaman-honeymoon-special-5d4n-v2,package,Andaman Honeymoon Special,2,public/images/packages/andaman-andaman-honeymoon-special-5d4n-v2.png,"Create a photorealistic travel image for ""Andaman Honeymoon Special"" — 5-day Andaman Islands holiday package, India. Scene: romantic turquoise lagoon, Radhanagar beach, coral islands, intimate luxury mood. Style: Bright daylight vibrant colors, inviting family-friendly mood. YatraNexus brand colors: navy #001b2a, orange #ff7a00, purple #4b2cff. Photorealistic, no text, no watermark. Technical: 3:2 landscape 1200×800."
andaman-andaman-honeymoon-special-5d4n-v3,package,Andaman Honeymoon Special,3,public/images/packages/andaman-andaman-honeymoon-special-5d4n-v3.png,"Create a photorealistic travel image for ""Andaman Honeymoon Special"" — 5-day Andaman Islands holiday package, India. Scene: romantic turquoise lagoon, Radhanagar beach, coral islands, intimate luxury mood. Style: Soft morning mist, peaceful serene atmosphere. YatraNexus brand colors: navy #001b2a, orange #ff7a00, purple #4b2cff. Photorealistic, no text, no watermark. Technical: 3:2 landscape 1200×800."
andaman-andaman-honeymoon-special-5d4n-v4,package,Andaman Honeymoon Special,4,public/images/packages/andaman-andaman-honeymoon-special-5d4n-v4.png,"Create a photorealistic travel image for ""Andaman Honeymoon Special"" — 5-day Andaman Islands holiday package, India. Scene: romantic turquoise lagoon, Radhanagar beach, coral islands, intimate luxury mood. Style: Dramatic sunset warm orange-pink sky, romantic mood. YatraNexus brand colors: navy #001b2a, orange #ff7a00, purple #4b2cff. Photorealistic, no text, no watermark. Technical: 3:2 landscape 1200×800."
andaman-andaman-honeymoon-special-5d4n-v5,package,Andaman Honeymoon Special,5,public/images/packages/andaman-andaman-honeymoon-special-5d4n-v5.png,"Create a photorealistic travel image for ""Andaman Honeymoon Special"" — 5-day Andaman Islands holiday package, India. Scene: romantic turquoise lagoon, Radhanagar beach, coral islands, intimate luxury mood. Style: Aerial drone bird's-eye view, epic panoramic scale. YatraNexus brand colors: navy #001b2a, orange #ff7a00, purple #4b2cff. Photorealistic, no text, no watermark. Technical: 3:2 landscape 1200×800."
andaman-andaman-honeymoon-special-5d4n-v6,package,Andaman Honeymoon Special,6,public/images/packages/andaman-andaman-honeymoon-special-5d4n-v6.png,"Create a photorealistic travel image for ""Andaman Honeymoon Special"" — 5-day Andaman Islands holiday package, India. Scene: romantic turquoise lagoon, Radhanagar beach, coral islands, intimate luxury mood. Style: Close-up iconic landmark detail, shallow depth of field. YatraNexus brand colors: navy #001b2a, orange #ff7a00, purple #4b2cff. Photorealistic, no text, no watermark. Technical: 3:2 landscape 1200×800."
andaman-andaman-honeymoon-special-5d4n-v7,package,Andaman Honeymoon Special,7,public/images/packages/andaman-andaman-honeymoon-special-5d4n-v7.png,"Create a photorealistic travel image for ""Andaman Honeymoon Special"" — 5-day Andaman Islands holiday package, India. Scene: romantic turquoise lagoon, Radhanagar beach, coral islands, intimate luxury mood. Style: Cultural heritage focus — temples, forts, or local architecture. YatraNexus brand colors: navy #001b2a, orange #ff7a00, purple #4b2cff. Photorealistic, no text, no watermark. Technical: 3:2 landscape 1200×800."
andaman-andaman-honeymoon-special-5d4n-v8,package,Andaman Honeymoon Special,8,public/images/packages/andaman-andaman-honeymoon-special-5d4n-v8.png,"Create a photorealistic travel image for ""Andaman Honeymoon Special"" — 5-day Andaman Islands holiday package, India. Scene: romantic turquoise lagoon, Radhanagar beach, coral islands, intimate luxury mood. Style: Nature adventure — mountains, forests, rivers, wildlife hints. YatraNexus brand colors: navy #001b2a, orange #ff7a00, purple #4b2cff. Photorealistic, no text, no watermark. Technical: 3:2 landscape 1200×800."
andaman-andaman-honeymoon-special-5d4n-v9,package,Andaman Honeymoon Special,9,public/images/packages/andaman-andaman-honeymoon-special-5d4n-v9.png,"Create a photorealistic travel image for ""Andaman Honeymoon Special"" — 5-day Andaman Islands holiday package, India. Scene: romantic turquoise lagoon, Radhanagar beach, coral islands, intimate luxury mood. Style: Coastal or lakeside calm water reflection composition. YatraNexus brand colors: navy #001b2a, orange #ff7a00, purple #4b2cff. Photorealistic, no text, no watermark. Technical: 3:2 landscape 1200×800."
andaman-andaman-honeymoon-special-5d4n-v10,package,Andaman Honeymoon Special,10,public/images/packages/andaman-andaman-honeymoon-special-5d4n-v10.png,"Create a photorealistic travel image for ""Andaman Honeymoon Special"" — 5-day Andaman Islands holiday package, India. Scene: romantic turquoise lagoon, Radhanagar beach, coral islands, intimate luxury mood. Style: Clean package-card thumbnail — subject centered, minimal clutter. YatraNexus brand colors: navy #001b2a, orange #ff7a00, purple #4b2cff. Photorealistic, no text, no watermark. Technical: 3:2 landscape 1200×800."
andaman-andaman-family-vacation-6d5n-v1,package,‍‍‍ Andaman Family Vacation,1,public/images/packages/andaman-andaman-family-vacation-6d5n-v1.png,"Create a photorealistic travel image for ""‍‍‍ Andaman Family Vacation"" — 6-day Andaman Islands holiday package, India. Scene: family-friendly turquoise lagoon, Radhanagar beach, coral islands, cheerful safe travel. Style: Wide cinematic golden-hour landscape, premium travel brochure. YatraNexus brand colors: navy #001b2a, orange #ff7a00, purple #4b2cff. Photorealistic, no text, no watermark. Technical: 3:2 landscape 1200×800."
andaman-andaman-family-vacation-6d5n-v2,package,‍‍‍ Andaman Family Vacation,2,public/images/packages/andaman-andaman-family-vacation-6d5n-v2.png,"Create a photorealistic travel image for ""‍‍‍ Andaman Family Vacation"" — 6-day Andaman Islands holiday package, India. Scene: family-friendly turquoise lagoon, Radhanagar beach, coral islands, cheerful safe travel. Style: Bright daylight vibrant colors, inviting family-friendly mood. YatraNexus brand colors: navy #001b2a, orange #ff7a00, purple #4b2cff. Photorealistic, no text, no watermark. Technical: 3:2 landscape 1200×800."
andaman-andaman-family-vacation-6d5n-v3,package,‍‍‍ Andaman Family Vacation,3,public/images/packages/andaman-andaman-family-vacation-6d5n-v3.png,"Create a photorealistic travel image for ""‍‍‍ Andaman Family Vacation"" — 6-day Andaman Islands holiday package, India. Scene: family-friendly turquoise lagoon, Radhanagar beach, coral islands, cheerful safe travel. Style: Soft morning mist, peaceful serene atmosphere. YatraNexus brand colors: navy #001b2a, orange #ff7a00, purple #4b2cff. Photorealistic, no text, no watermark. Technical: 3:2 landscape 1200×800."
andaman-andaman-family-vacation-6d5n-v4,package,‍‍‍ Andaman Family Vacation,4,public/images/packages/andaman-andaman-family-vacation-6d5n-v4.png,"Create a photorealistic travel image for ""‍‍‍ Andaman Family Vacation"" — 6-day Andaman Islands holiday package, India. Scene: family-friendly turquoise lagoon, Radhanagar beach, coral islands, cheerful safe travel. Style: Dramatic sunset warm orange-pink sky, romantic mood. YatraNexus brand colors: navy #001b2a, orange #ff7a00, purple #4b2cff. Photorealistic, no text, no watermark. Technical: 3:2 landscape 1200×800."
andaman-andaman-family-vacation-6d5n-v5,package,‍‍‍ Andaman Family Vacation,5,public/images/packages/andaman-andaman-family-vacation-6d5n-v5.png,"Create a photorealistic travel image for ""‍‍‍ Andaman Family Vacation"" — 6-day Andaman Islands holiday package, India. Scene: family-friendly turquoise lagoon, Radhanagar beach, coral islands, cheerful safe travel. Style: Aerial drone bird's-eye view, epic panoramic scale. YatraNexus brand colors: navy #001b2a, orange #ff7a00, purple #4b2cff. Photorealistic, no text, no watermark. Technical: 3:2 landscape 1200×800."
andaman-andaman-family-vacation-6d5n-v6,package,‍‍‍ Andaman Family Vacation,6,public/images/packages/andaman-andaman-family-vacation-6d5n-v6.png,"Create a photorealistic travel image for ""‍‍‍ Andaman Family Vacation"" — 6-day Andaman Islands holiday package, India. Scene: family-friendly turquoise lagoon, Radhanagar beach, coral islands, cheerful safe travel. Style: Close-up iconic landmark detail, shallow depth of field. YatraNexus brand colors: navy #001b2a, orange #ff7a00, purple #4b2cff. Photorealistic, no text, no watermark. Technical: 3:2 landscape 1200×800."
andaman-andaman-family-vacation-6d5n-v7,package,‍‍‍ Andaman Family Vacation,7,public/images/packages/andaman-andaman-family-vacation-6d5n-v7.png,"Create a photorealistic travel image for ""‍‍‍ Andaman Family Vacation"" — 6-day Andaman Islands holiday package, India. Scene: family-friendly turquoise lagoon, Radhanagar beach, coral islands, cheerful safe travel. Style: Cultural heritage focus — temples, forts, or local architecture. YatraNexus brand colors: navy #001b2a, orange #ff7a00, purple #4b2cff. Photorealistic, no text, no watermark. Technical: 3:2 landscape 1200×800."
andaman-andaman-family-vacation-6d5n-v8,package,‍‍‍ Andaman Family Vacation,8,public/images/packages/andaman-andaman-family-vacation-6d5n-v8.png,"Create a photorealistic travel image for ""‍‍‍ Andaman Family Vacation"" — 6-day Andaman Islands holiday package, India. Scene: family-friendly turquoise lagoon, Radhanagar beach, coral islands, cheerful safe travel. Style: Nature adventure — mountains, forests, rivers, wildlife hints. YatraNexus brand colors: navy #001b2a, orange #ff7a00, purple #4b2cff. Photorealistic, no text, no watermark. Technical: 3:2 landscape 1200×800."
andaman-andaman-family-vacation-6d5n-v9,package,‍‍‍ Andaman Family Vacation,9,public/images/packages/andaman-andaman-family-vacation-6d5n-v9.png,"Create a photorealistic travel image for ""‍‍‍ Andaman Family Vacation"" — 6-day Andaman Islands holiday package, India. Scene: family-friendly turquoise lagoon, Radhanagar beach, coral islands, cheerful safe travel. Style: Coastal or lakeside calm water reflection composition. YatraNexus brand colors: navy #001b2a, orange #ff7a00, purple #4b2cff. Photorealistic, no text, no watermark. Technical: 3:2 landscape 1200×800."
andaman-andaman-family-vacation-6d5n-v10,package,‍‍‍ Andaman Family Vacation,10,public/images/packages/andaman-andaman-family-vacation-6d5n-v10.png,"Create a photorealistic travel image for ""‍‍‍ Andaman Family Vacation"" — 6-day Andaman Islands holiday package, India. Scene: family-friendly turquoise lagoon, Radhanagar beach, coral islands, cheerful safe travel. Style: Clean package-card thumbnail — subject centered, minimal clutter. YatraNexus brand colors: navy #001b2a, orange #ff7a00, purple #4b2cff. Photorealistic, no text, no watermark. Technical: 3:2 landscape 1200×800."
andaman-andaman-adventure-scuba-tour-6d5n-v1,package,Andaman Adventure & Scuba Tour,1,public/images/packages/andaman-andaman-adventure-scuba-tour-6d5n-v1.png,"Create a photorealistic travel image for ""Andaman Adventure & Scuba Tour"" — 6-day Andaman Islands holiday package, India. Scene: adventure turquoise lagoon, Radhanagar beach, coral islands, thrilling outdoor. Style: Wide cinematic golden-hour landscape, premium travel brochure. YatraNexus brand colors: navy #001b2a, orange #ff7a00, purple #4b2cff. Photorealistic, no text, no watermark. Technical: 3:2 landscape 1200×800."
andaman-andaman-adventure-scuba-tour-6d5n-v2,package,Andaman Adventure & Scuba Tour,2,public/images/packages/andaman-andaman-adventure-scuba-tour-6d5n-v2.png,"Create a photorealistic travel image for ""Andaman Adventure & Scuba Tour"" — 6-day Andaman Islands holiday package, India. Scene: adventure turquoise lagoon, Radhanagar beach, coral islands, thrilling outdoor. Style: Bright daylight vibrant colors, inviting family-friendly mood. YatraNexus brand colors: navy #001b2a, orange #ff7a00, purple #4b2cff. Photorealistic, no text, no watermark. Technical: 3:2 landscape 1200×800."
andaman-andaman-adventure-scuba-tour-6d5n-v3,package,Andaman Adventure & Scuba Tour,3,public/images/packages/andaman-andaman-adventure-scuba-tour-6d5n-v3.png,"Create a photorealistic travel image for ""Andaman Adventure & Scuba Tour"" — 6-day Andaman Islands holiday package, India. Scene: adventure turquoise lagoon, Radhanagar beach, coral islands, thrilling outdoor. Style: Soft morning mist, peaceful serene atmosphere. YatraNexus brand colors: navy #001b2a, orange #ff7a00, purple #4b2cff. Photorealistic, no text, no watermark. Technical: 3:2 landscape 1200×800."
andaman-andaman-adventure-scuba-tour-6d5n-v4,package,Andaman Adventure & Scuba Tour,4,public/images/packages/andaman-andaman-adventure-scuba-tour-6d5n-v4.png,"Create a photorealistic travel image for ""Andaman Adventure & Scuba Tour"" — 6-day Andaman Islands holiday package, India. Scene: adventure turquoise lagoon, Radhanagar beach, coral islands, thrilling outdoor. Style: Dramatic sunset warm orange-pink sky, romantic mood. YatraNexus brand colors: navy #001b2a, orange #ff7a00, purple #4b2cff. Photorealistic, no text, no watermark. Technical: 3:2 landscape 1200×800."
andaman-andaman-adventure-scuba-tour-6d5n-v5,package,Andaman Adventure & Scuba Tour,5,public/images/packages/andaman-andaman-adventure-scuba-tour-6d5n-v5.png,"Create a photorealistic travel image for ""Andaman Adventure & Scuba Tour"" — 6-day Andaman Islands holiday package, India. Scene: adventure turquoise lagoon, Radhanagar beach, coral islands, thrilling outdoor. Style: Aerial drone bird's-eye view, epic panoramic scale. YatraNexus brand colors: navy #001b2a, orange #ff7a00, purple #4b2cff. Photorealistic, no text, no watermark. Technical: 3:2 landscape 1200×800."
andaman-andaman-adventure-scuba-tour-6d5n-v6,package,Andaman Adventure & Scuba Tour,6,public/images/packages/andaman-andaman-adventure-scuba-tour-6d5n-v6.png,"Create a photorealistic travel image for ""Andaman Adventure & Scuba Tour"" — 6-day Andaman Islands holiday package, India. Scene: adventure turquoise lagoon, Radhanagar beach, coral islands, thrilling outdoor. Style: Close-up iconic landmark detail, shallow depth of field. YatraNexus brand colors: navy #001b2a, orange #ff7a00, purple #4b2cff. Photorealistic, no text, no watermark. Technical: 3:2 landscape 1200×800."
andaman-andaman-adventure-scuba-tour-6d5n-v7,package,Andaman Adventure & Scuba Tour,7,public/images/packages/andaman-andaman-adventure-scuba-tour-6d5n-v7.png,"Create a photorealistic travel image for ""Andaman Adventure & Scuba Tour"" — 6-day Andaman Islands holiday package, India. Scene: adventure turquoise lagoon, Radhanagar beach, coral islands, thrilling outdoor. Style: Cultural heritage focus — temples, forts, or local architecture. YatraNexus brand colors: navy #001b2a, orange #ff7a00, purple #4b2cff. Photorealistic, no text, no watermark. Technical: 3:2 landscape 1200×800."
andaman-andaman-adventure-scuba-tour-6d5n-v8,package,Andaman Adventure & Scuba Tour,8,public/images/packages/andaman-andaman-adventure-scuba-tour-6d5n-v8.png,"Create a photorealistic travel image for ""Andaman Adventure & Scuba Tour"" — 6-day Andaman Islands holiday package, India. Scene: adventure turquoise lagoon, Radhanagar beach, coral islands, thrilling outdoor. Style: Nature adventure — mountains, forests, rivers, wildlife hints. YatraNexus brand colors: navy #001b2a, orange #ff7a00, purple #4b2cff. Photorealistic, no text, no watermark. Technical: 3:2 landscape 1200×800."
andaman-andaman-adventure-scuba-tour-6d5n-v9,package,Andaman Adventure & Scuba Tour,9,public/images/packages/andaman-andaman-adventure-scuba-tour-6d5n-v9.png,"Create a photorealistic travel image for ""Andaman Adventure & Scuba Tour"" — 6-day Andaman Islands holiday package, India. Scene: adventure turquoise lagoon, Radhanagar beach, coral islands, thrilling outdoor. Style: Coastal or lakeside calm water reflection composition. YatraNexus brand colors: navy #001b2a, orange #ff7a00, purple #4b2cff. Photorealistic, no text, no watermark. Technical: 3:2 landscape 1200×800."
andaman-andaman-adventure-scuba-tour-6d5n-v10,package,Andaman Adventure & Scuba Tour,10,public/images/packages/andaman-andaman-adventure-scuba-tour-6d5n-v10.png,"Create a photorealistic travel image for ""Andaman Adventure & Scuba Tour"" — 6-day Andaman Islands holiday package, India. Scene: adventure turquoise lagoon, Radhanagar beach, coral islands, thrilling outdoor. Style: Clean package-card thumbnail — subject centered, minimal clutter. YatraNexus brand colors: navy #001b2a, orange #ff7a00, purple #4b2cff. Photorealistic, no text, no watermark. Technical: 3:2 landscape 1200×800."
andaman-havelock-neil-island-explorer-5d4n-v1,package,Havelock & Neil Island Explorer,1,public/images/packages/andaman-havelock-neil-island-explorer-5d4n-v1.png,"Create a photorealistic travel image for ""Havelock & Neil Island Explorer"" — 5-day Andaman Islands holiday package, India. Scene: scenic highlights of turquoise lagoon, Radhanagar beach, coral islands. Style: Wide cinematic golden-hour landscape, premium travel brochure. YatraNexus brand colors: navy #001b2a, orange #ff7a00, purple #4b2cff. Photorealistic, no text, no watermark. Technical: 3:2 landscape 1200×800."
andaman-havelock-neil-island-explorer-5d4n-v2,package,Havelock & Neil Island Explorer,2,public/images/packages/andaman-havelock-neil-island-explorer-5d4n-v2.png,"Create a photorealistic travel image for ""Havelock & Neil Island Explorer"" — 5-day Andaman Islands holiday package, India. Scene: scenic highlights of turquoise lagoon, Radhanagar beach, coral islands. Style: Bright daylight vibrant colors, inviting family-friendly mood. YatraNexus brand colors: navy #001b2a, orange #ff7a00, purple #4b2cff. Photorealistic, no text, no watermark. Technical: 3:2 landscape 1200×800."
andaman-havelock-neil-island-explorer-5d4n-v3,package,Havelock & Neil Island Explorer,3,public/images/packages/andaman-havelock-neil-island-explorer-5d4n-v3.png,"Create a photorealistic travel image for ""Havelock & Neil Island Explorer"" — 5-day Andaman Islands holiday package, India. Scene: scenic highlights of turquoise lagoon, Radhanagar beach, coral islands. Style: Soft morning mist, peaceful serene atmosphere. YatraNexus brand colors: navy #001b2a, orange #ff7a00, purple #4b2cff. Photorealistic, no text, no watermark. Technical: 3:2 landscape 1200×800."
andaman-havelock-neil-island-explorer-5d4n-v4,package,Havelock & Neil Island Explorer,4,public/images/packages/andaman-havelock-neil-island-explorer-5d4n-v4.png,"Create a photorealistic travel image for ""Havelock & Neil Island Explorer"" — 5-day Andaman Islands holiday package, India. Scene: scenic highlights of turquoise lagoon, Radhanagar beach, coral islands. Style: Dramatic sunset warm orange-pink sky, romantic mood. YatraNexus brand colors: navy #001b2a, orange #ff7a00, purple #4b2cff. Photorealistic, no text, no watermark. Technical: 3:2 landscape 1200×800."
andaman-havelock-neil-island-explorer-5d4n-v5,package,Havelock & Neil Island Explorer,5,public/images/packages/andaman-havelock-neil-island-explorer-5d4n-v5.png,"Create a photorealistic travel image for ""Havelock & Neil Island Explorer"" — 5-day Andaman Islands holiday package, India. Scene: scenic highlights of turquoise lagoon, Radhanagar beach, coral islands. Style: Aerial drone bird's-eye view, epic panoramic scale. YatraNexus brand colors: navy #001b2a, orange #ff7a00, purple #4b2cff. Photorealistic, no text, no watermark. Technical: 3:2 landscape 1200×800."
andaman-havelock-neil-island-explorer-5d4n-v6,package,Havelock & Neil Island Explorer,6,public/images/packages/andaman-havelock-neil-island-explorer-5d4n-v6.png,"Create a photorealistic travel image for ""Havelock & Neil Island Explorer"" — 5-day Andaman Islands holiday package, India. Scene: scenic highlights of turquoise lagoon, Radhanagar beach, coral islands. Style: Close-up iconic landmark detail, shallow depth of field. YatraNexus brand colors: navy #001b2a, orange #ff7a00, purple #4b2cff. Photorealistic, no text, no watermark. Technical: 3:2 landscape 1200×800."
andaman-havelock-neil-island-explorer-5d4n-v7,package,Havelock & Neil Island Explorer,7,public/images/packages/andaman-havelock-neil-island-explorer-5d4n-v7.png,"Create a photorealistic travel image for ""Havelock & Neil Island Explorer"" — 5-day Andaman Islands holiday package, India. Scene: scenic highlights of turquoise lagoon, Radhanagar beach, coral islands. Style: Cultural heritage focus — temples, forts, or local architecture. YatraNexus brand colors: navy #001b2a, orange #ff7a00, purple #4b2cff. Photorealistic, no text, no watermark. Technical: 3:2 landscape 1200×800."
andaman-havelock-neil-island-explorer-5d4n-v8,package,Havelock & Neil Island Explorer,8,public/images/packages/andaman-havelock-neil-island-explorer-5d4n-v8.png,"Create a photorealistic travel image for ""Havelock & Neil Island Explorer"" — 5-day Andaman Islands holiday package, India. Scene: scenic highlights of turquoise lagoon, Radhanagar beach, coral islands. Style: Nature adventure — mountains, forests, rivers, wildlife hints. YatraNexus brand colors: navy #001b2a, orange #ff7a00, purple #4b2cff. Photorealistic, no text, no watermark. Technical: 3:2 landscape 1200×800."
andaman-havelock-neil-island-explorer-5d4n-v9,package,Havelock & Neil Island Explorer,9,public/images/packages/andaman-havelock-neil-island-explorer-5d4n-v9.png,"Create a photorealistic travel image for ""Havelock & Neil Island Explorer"" — 5-day Andaman Islands holiday package, India. Scene: scenic highlights of turquoise lagoon, Radhanagar beach, coral islands. Style: Coastal or lakeside calm water reflection composition. YatraNexus brand colors: navy #001b2a, orange #ff7a00, purple #4b2cff. Photorealistic, no text, no watermark. Technical: 3:2 landscape 1200×800."
andaman-havelock-neil-island-explorer-5d4n-v10,package,Havelock & Neil Island Explorer,10,public/images/packages/andaman-havelock-neil-island-explorer-5d4n-v10.png,"Create a photorealistic travel image for ""Havelock & Neil Island Explorer"" — 5-day Andaman Islands holiday package, India. Scene: scenic highlights of turquoise lagoon, Radhanagar beach, coral islands. Style: Clean package-card thumbnail — subject centered, minimal clutter. YatraNexus brand colors: navy #001b2a, orange #ff7a00, purple #4b2cff. Photorealistic, no text, no watermark. Technical: 3:2 landscape 1200×800."
andaman-complete-andaman-grand-tour-7d6n-v1,package,Complete Andaman Grand Tour,1,public/images/packages/andaman-complete-andaman-grand-tour-7d6n-v1.png,"Create a photorealistic travel image for ""Complete Andaman Grand Tour"" — 7-day Andaman Islands holiday package, India. Scene: heritage circuit turquoise lagoon, Radhanagar beach, coral islands. Style: Wide cinematic golden-hour landscape, premium travel brochure. YatraNexus brand colors: navy #001b2a, orange #ff7a00, purple #4b2cff. Photorealistic, no text, no watermark. Technical: 3:2 landscape 1200×800."
andaman-complete-andaman-grand-tour-7d6n-v2,package,Complete Andaman Grand Tour,2,public/images/packages/andaman-complete-andaman-grand-tour-7d6n-v2.png,"Create a photorealistic travel image for ""Complete Andaman Grand Tour"" — 7-day Andaman Islands holiday package, India. Scene: heritage circuit turquoise lagoon, Radhanagar beach, coral islands. Style: Bright daylight vibrant colors, inviting family-friendly mood. YatraNexus brand colors: navy #001b2a, orange #ff7a00, purple #4b2cff. Photorealistic, no text, no watermark. Technical: 3:2 landscape 1200×800."
andaman-complete-andaman-grand-tour-7d6n-v3,package,Complete Andaman Grand Tour,3,public/images/packages/andaman-complete-andaman-grand-tour-7d6n-v3.png,"Create a photorealistic travel image for ""Complete Andaman Grand Tour"" — 7-day Andaman Islands holiday package, India. Scene: heritage circuit turquoise lagoon, Radhanagar beach, coral islands. Style: Soft morning mist, peaceful serene atmosphere. YatraNexus brand colors: navy #001b2a, orange #ff7a00, purple #4b2cff. Photorealistic, no text, no watermark. Technical: 3:2 landscape 1200×800."
andaman-complete-andaman-grand-tour-7d6n-v4,package,Complete Andaman Grand Tour,4,public/images/packages/andaman-complete-andaman-grand-tour-7d6n-v4.png,"Create a photorealistic travel image for ""Complete Andaman Grand Tour"" — 7-day Andaman Islands holiday package, India. Scene: heritage circuit turquoise lagoon, Radhanagar beach, coral islands. Style: Dramatic sunset warm orange-pink sky, romantic mood. YatraNexus brand colors: navy #001b2a, orange #ff7a00, purple #4b2cff. Photorealistic, no text, no watermark. Technical: 3:2 landscape 1200×800."
andaman-complete-andaman-grand-tour-7d6n-v5,package,Complete Andaman Grand Tour,5,public/images/packages/andaman-complete-andaman-grand-tour-7d6n-v5.png,"Create a photorealistic travel image for ""Complete Andaman Grand Tour"" — 7-day Andaman Islands holiday package, India. Scene: heritage circuit turquoise lagoon, Radhanagar beach, coral islands. Style: Aerial drone bird's-eye view, epic panoramic scale. YatraNexus brand colors: navy #001b2a, orange #ff7a00, purple #4b2cff. Photorealistic, no text, no watermark. Technical: 3:2 landscape 1200×800."
andaman-complete-andaman-grand-tour-7d6n-v6,package,Complete Andaman Grand Tour,6,public/images/packages/andaman-complete-andaman-grand-tour-7d6n-v6.png,"Create a photorealistic travel image for ""Complete Andaman Grand Tour"" — 7-day Andaman Islands holiday package, India. Scene: heritage circuit turquoise lagoon, Radhanagar beach, coral islands. Style: Close-up iconic landmark detail, shallow depth of field. YatraNexus brand colors: navy #001b2a, orange #ff7a00, purple #4b2cff. Photorealistic, no text, no watermark. Technical: 3:2 landscape 1200×800."
andaman-complete-andaman-grand-tour-7d6n-v7,package,Complete Andaman Grand Tour,7,public/images/packages/andaman-complete-andaman-grand-tour-7d6n-v7.png,"Create a photorealistic travel image for ""Complete Andaman Grand Tour"" — 7-day Andaman Islands holiday package, India. Scene: heritage circuit turquoise lagoon, Radhanagar beach, coral islands. Style: Cultural heritage focus — temples, forts, or local architecture. YatraNexus brand colors: navy #001b2a, orange #ff7a00, purple #4b2cff. Photorealistic, no text, no watermark. Technical: 3:2 landscape 1200×800."
andaman-complete-andaman-grand-tour-7d6n-v8,package,Complete Andaman Grand Tour,8,public/images/packages/andaman-complete-andaman-grand-tour-7d6n-v8.png,"Create a photorealistic travel image for ""Complete Andaman Grand Tour"" — 7-day Andaman Islands holiday package, India. Scene: heritage circuit turquoise lagoon, Radhanagar beach, coral islands. Style: Nature adventure — mountains, forests, rivers, wildlife hints. YatraNexus brand colors: navy #001b2a, orange #ff7a00, purple #4b2cff. Photorealistic, no text, no watermark. Technical: 3:2 landscape 1200×800."
andaman-complete-andaman-grand-tour-7d6n-v9,package,Complete Andaman Grand Tour,9,public/images/packages/andaman-complete-andaman-grand-tour-7d6n-v9.png,"Create a photorealistic travel image for ""Complete Andaman Grand Tour"" — 7-day Andaman Islands holiday package, India. Scene: heritage circuit turquoise lagoon, Radhanagar beach, coral islands. Style: Coastal or lakeside calm water reflection composition. YatraNexus brand colors: navy #001b2a, orange #ff7a00, purple #4b2cff. Photorealistic, no text, no watermark. Technical: 3:2 landscape 1200×800."
andaman-complete-andaman-grand-tour-7d6n-v10,package,Complete Andaman Grand Tour,10,public/images/packages/andaman-complete-andaman-grand-tour-7d6n-v10.png,"Create a photorealistic travel image for ""Complete Andaman Grand Tour"" — 7-day Andaman Islands holiday package, India. Scene: heritage circuit turquoise lagoon, Radhanagar beach, coral islands. Style: Clean package-card thumbnail — subject centered, minimal clutter. YatraNexus brand colors: navy #001b2a, orange #ff7a00, purple #4b2cff. Photorealistic, no text, no watermark. Technical: 3:2 landscape 1200×800."
lakshadweep-lakshadweep-island-escape-4d3n-v1,package,Lakshadweep Island Escape,1,public/images/packages/lakshadweep-lakshadweep-island-escape-4d3n-v1.png,"Create a photorealistic travel image for ""Lakshadweep Island Escape"" — 4-day Lakshadweep holiday package, India. Scene: scenic highlights of crystal clear lagoon, coral atoll, tropical island. Style: Wide cinematic golden-hour landscape, premium travel brochure. YatraNexus brand colors: navy #001b2a, orange #ff7a00, purple #4b2cff. Photorealistic, no text, no watermark. Technical: 3:2 landscape 1200×800."
lakshadweep-lakshadweep-island-escape-4d3n-v2,package,Lakshadweep Island Escape,2,public/images/packages/lakshadweep-lakshadweep-island-escape-4d3n-v2.png,"Create a photorealistic travel image for ""Lakshadweep Island Escape"" — 4-day Lakshadweep holiday package, India. Scene: scenic highlights of crystal clear lagoon, coral atoll, tropical island. Style: Bright daylight vibrant colors, inviting family-friendly mood. YatraNexus brand colors: navy #001b2a, orange #ff7a00, purple #4b2cff. Photorealistic, no text, no watermark. Technical: 3:2 landscape 1200×800."
lakshadweep-lakshadweep-island-escape-4d3n-v3,package,Lakshadweep Island Escape,3,public/images/packages/lakshadweep-lakshadweep-island-escape-4d3n-v3.png,"Create a photorealistic travel image for ""Lakshadweep Island Escape"" — 4-day Lakshadweep holiday package, India. Scene: scenic highlights of crystal clear lagoon, coral atoll, tropical island. Style: Soft morning mist, peaceful serene atmosphere. YatraNexus brand colors: navy #001b2a, orange #ff7a00, purple #4b2cff. Photorealistic, no text, no watermark. Technical: 3:2 landscape 1200×800."
lakshadweep-lakshadweep-island-escape-4d3n-v4,package,Lakshadweep Island Escape,4,public/images/packages/lakshadweep-lakshadweep-island-escape-4d3n-v4.png,"Create a photorealistic travel image for ""Lakshadweep Island Escape"" — 4-day Lakshadweep holiday package, India. Scene: scenic highlights of crystal clear lagoon, coral atoll, tropical island. Style: Dramatic sunset warm orange-pink sky, romantic mood. YatraNexus brand colors: navy #001b2a, orange #ff7a00, purple #4b2cff. Photorealistic, no text, no watermark. Technical: 3:2 landscape 1200×800."
lakshadweep-lakshadweep-island-escape-4d3n-v5,package,Lakshadweep Island Escape,5,public/images/packages/lakshadweep-lakshadweep-island-escape-4d3n-v5.png,"Create a photorealistic travel image for ""Lakshadweep Island Escape"" — 4-day Lakshadweep holiday package, India. Scene: scenic highlights of crystal clear lagoon, coral atoll, tropical island. Style: Aerial drone bird's-eye view, epic panoramic scale. YatraNexus brand colors: navy #001b2a, orange #ff7a00, purple #4b2cff. Photorealistic, no text, no watermark. Technical: 3:2 landscape 1200×800."
lakshadweep-lakshadweep-island-escape-4d3n-v6,package,Lakshadweep Island Escape,6,public/images/packages/lakshadweep-lakshadweep-island-escape-4d3n-v6.png,"Create a photorealistic travel image for ""Lakshadweep Island Escape"" — 4-day Lakshadweep holiday package, India. Scene: scenic highlights of crystal clear lagoon, coral atoll, tropical island. Style: Close-up iconic landmark detail, shallow depth of field. YatraNexus brand colors: navy #001b2a, orange #ff7a00, purple #4b2cff. Photorealistic, no text, no watermark. Technical: 3:2 landscape 1200×800."
lakshadweep-lakshadweep-island-escape-4d3n-v7,package,Lakshadweep Island Escape,7,public/images/packages/lakshadweep-lakshadweep-island-escape-4d3n-v7.png,"Create a photorealistic travel image for ""Lakshadweep Island Escape"" — 4-day Lakshadweep holiday package, India. Scene: scenic highlights of crystal clear lagoon, coral atoll, tropical island. Style: Cultural heritage focus — temples, forts, or local architecture. YatraNexus brand colors: navy #001b2a, orange #ff7a00, purple #4b2cff. Photorealistic, no text, no watermark. Technical: 3:2 landscape 1200×800."
lakshadweep-lakshadweep-island-escape-4d3n-v8,package,Lakshadweep Island Escape,8,public/images/packages/lakshadweep-lakshadweep-island-escape-4d3n-v8.png,"Create a photorealistic travel image for ""Lakshadweep Island Escape"" — 4-day Lakshadweep holiday package, India. Scene: scenic highlights of crystal clear lagoon, coral atoll, tropical island. Style: Nature adventure — mountains, forests, rivers, wildlife hints. YatraNexus brand colors: navy #001b2a, orange #ff7a00, purple #4b2cff. Photorealistic, no text, no watermark. Technical: 3:2 landscape 1200×800."
lakshadweep-lakshadweep-island-escape-4d3n-v9,package,Lakshadweep Island Escape,9,public/images/packages/lakshadweep-lakshadweep-island-escape-4d3n-v9.png,"Create a photorealistic travel image for ""Lakshadweep Island Escape"" — 4-day Lakshadweep holiday package, India. Scene: scenic highlights of crystal clear lagoon, coral atoll, tropical island. Style: Coastal or lakeside calm water reflection composition. YatraNexus brand colors: navy #001b2a, orange #ff7a00, purple #4b2cff. Photorealistic, no text, no watermark. Technical: 3:2 landscape 1200×800."
lakshadweep-lakshadweep-island-escape-4d3n-v10,package,Lakshadweep Island Escape,10,public/images/packages/lakshadweep-lakshadweep-island-escape-4d3n-v10.png,"Create a photorealistic travel image for ""Lakshadweep Island Escape"" — 4-day Lakshadweep holiday package, India. Scene: scenic highlights of crystal clear lagoon, coral atoll, tropical island. Style: Clean package-card thumbnail — subject centered, minimal clutter. YatraNexus brand colors: navy #001b2a, orange #ff7a00, purple #4b2cff. Photorealistic, no text, no watermark. Technical: 3:2 landscape 1200×800."
lakshadweep-lakshadweep-honeymoon-retreat-5d4n-v1,package,Lakshadweep Honeymoon Retreat,1,public/images/packages/lakshadweep-lakshadweep-honeymoon-retreat-5d4n-v1.png,"Create a photorealistic travel image for ""Lakshadweep Honeymoon Retreat"" — 5-day Lakshadweep holiday package, India. Scene: romantic crystal clear lagoon, coral atoll, tropical island, intimate luxury mood. Style: Wide cinematic golden-hour landscape, premium travel brochure. YatraNexus brand colors: navy #001b2a, orange #ff7a00, purple #4b2cff. Photorealistic, no text, no watermark. Technical: 3:2 landscape 1200×800."
lakshadweep-lakshadweep-honeymoon-retreat-5d4n-v2,package,Lakshadweep Honeymoon Retreat,2,public/images/packages/lakshadweep-lakshadweep-honeymoon-retreat-5d4n-v2.png,"Create a photorealistic travel image for ""Lakshadweep Honeymoon Retreat"" — 5-day Lakshadweep holiday package, India. Scene: romantic crystal clear lagoon, coral atoll, tropical island, intimate luxury mood. Style: Bright daylight vibrant colors, inviting family-friendly mood. YatraNexus brand colors: navy #001b2a, orange #ff7a00, purple #4b2cff. Photorealistic, no text, no watermark. Technical: 3:2 landscape 1200×800."
lakshadweep-lakshadweep-honeymoon-retreat-5d4n-v3,package,Lakshadweep Honeymoon Retreat,3,public/images/packages/lakshadweep-lakshadweep-honeymoon-retreat-5d4n-v3.png,"Create a photorealistic travel image for ""Lakshadweep Honeymoon Retreat"" — 5-day Lakshadweep holiday package, India. Scene: romantic crystal clear lagoon, coral atoll, tropical island, intimate luxury mood. Style: Soft morning mist, peaceful serene atmosphere. YatraNexus brand colors: navy #001b2a, orange #ff7a00, purple #4b2cff. Photorealistic, no text, no watermark. Technical: 3:2 landscape 1200×800."
lakshadweep-lakshadweep-honeymoon-retreat-5d4n-v4,package,Lakshadweep Honeymoon Retreat,4,public/images/packages/lakshadweep-lakshadweep-honeymoon-retreat-5d4n-v4.png,"Create a photorealistic travel image for ""Lakshadweep Honeymoon Retreat"" — 5-day Lakshadweep holiday package, India. Scene: romantic crystal clear lagoon, coral atoll, tropical island, intimate luxury mood. Style: Dramatic sunset warm orange-pink sky, romantic mood. YatraNexus brand colors: navy #001b2a, orange #ff7a00, purple #4b2cff. Photorealistic, no text, no watermark. Technical: 3:2 landscape 1200×800."
lakshadweep-lakshadweep-honeymoon-retreat-5d4n-v5,package,Lakshadweep Honeymoon Retreat,5,public/images/packages/lakshadweep-lakshadweep-honeymoon-retreat-5d4n-v5.png,"Create a photorealistic travel image for ""Lakshadweep Honeymoon Retreat"" — 5-day Lakshadweep holiday package, India. Scene: romantic crystal clear lagoon, coral atoll, tropical island, intimate luxury mood. Style: Aerial drone bird's-eye view, epic panoramic scale. YatraNexus brand colors: navy #001b2a, orange #ff7a00, purple #4b2cff. Photorealistic, no text, no watermark. Technical: 3:2 landscape 1200×800."
lakshadweep-lakshadweep-honeymoon-retreat-5d4n-v6,package,Lakshadweep Honeymoon Retreat,6,public/images/packages/lakshadweep-lakshadweep-honeymoon-retreat-5d4n-v6.png,"Create a photorealistic travel image for ""Lakshadweep Honeymoon Retreat"" — 5-day Lakshadweep holiday package, India. Scene: romantic crystal clear lagoon, coral atoll, tropical island, intimate luxury mood. Style: Close-up iconic landmark detail, shallow depth of field. YatraNexus brand colors: navy #001b2a, orange #ff7a00, purple #4b2cff. Photorealistic, no text, no watermark. Technical: 3:2 landscape 1200×800."
lakshadweep-lakshadweep-honeymoon-retreat-5d4n-v7,package,Lakshadweep Honeymoon Retreat,7,public/images/packages/lakshadweep-lakshadweep-honeymoon-retreat-5d4n-v7.png,"Create a photorealistic travel image for ""Lakshadweep Honeymoon Retreat"" — 5-day Lakshadweep holiday package, India. Scene: romantic crystal clear lagoon, coral atoll, tropical island, intimate luxury mood. Style: Cultural heritage focus — temples, forts, or local architecture. YatraNexus brand colors: navy #001b2a, orange #ff7a00, purple #4b2cff. Photorealistic, no text, no watermark. Technical: 3:2 landscape 1200×800."
lakshadweep-lakshadweep-honeymoon-retreat-5d4n-v8,package,Lakshadweep Honeymoon Retreat,8,public/images/packages/lakshadweep-lakshadweep-honeymoon-retreat-5d4n-v8.png,"Create a photorealistic travel image for ""Lakshadweep Honeymoon Retreat"" — 5-day Lakshadweep holiday package, India. Scene: romantic crystal clear lagoon, coral atoll, tropical island, intimate luxury mood. Style: Nature adventure — mountains, forests, rivers, wildlife hints. YatraNexus brand colors: navy #001b2a, orange #ff7a00, purple #4b2cff. Photorealistic, no text, no watermark. Technical: 3:2 landscape 1200×800."
lakshadweep-lakshadweep-honeymoon-retreat-5d4n-v9,package,Lakshadweep Honeymoon Retreat,9,public/images/packages/lakshadweep-lakshadweep-honeymoon-retreat-5d4n-v9.png,"Create a photorealistic travel image for ""Lakshadweep Honeymoon Retreat"" — 5-day Lakshadweep holiday package, India. Scene: romantic crystal clear lagoon, coral atoll, tropical island, intimate luxury mood. Style: Coastal or lakeside calm water reflection composition. YatraNexus brand colors: navy #001b2a, orange #ff7a00, purple #4b2cff. Photorealistic, no text, no watermark. Technical: 3:2 landscape 1200×800."
lakshadweep-lakshadweep-honeymoon-retreat-5d4n-v10,package,Lakshadweep Honeymoon Retreat,10,public/images/packages/lakshadweep-lakshadweep-honeymoon-retreat-5d4n-v10.png,"Create a photorealistic travel image for ""Lakshadweep Honeymoon Retreat"" — 5-day Lakshadweep holiday package, India. Scene: romantic crystal clear lagoon, coral atoll, tropical island, intimate luxury mood. Style: Clean package-card thumbnail — subject centered, minimal clutter. YatraNexus brand colors: navy #001b2a, orange #ff7a00, purple #4b2cff. Photorealistic, no text, no watermark. Technical: 3:2 landscape 1200×800."
lakshadweep-lakshadweep-family-vacation-5d4n-v1,package,‍‍‍ Lakshadweep Family Vacation,1,public/images/packages/lakshadweep-lakshadweep-family-vacation-5d4n-v1.png,"Create a photorealistic travel image for ""‍‍‍ Lakshadweep Family Vacation"" — 5-day Lakshadweep holiday package, India. Scene: family-friendly crystal clear lagoon, coral atoll, tropical island, cheerful safe travel. Style: Wide cinematic golden-hour landscape, premium travel brochure. YatraNexus brand colors: navy #001b2a, orange #ff7a00, purple #4b2cff. Photorealistic, no text, no watermark. Technical: 3:2 landscape 1200×800."
lakshadweep-lakshadweep-family-vacation-5d4n-v2,package,‍‍‍ Lakshadweep Family Vacation,2,public/images/packages/lakshadweep-lakshadweep-family-vacation-5d4n-v2.png,"Create a photorealistic travel image for ""‍‍‍ Lakshadweep Family Vacation"" — 5-day Lakshadweep holiday package, India. Scene: family-friendly crystal clear lagoon, coral atoll, tropical island, cheerful safe travel. Style: Bright daylight vibrant colors, inviting family-friendly mood. YatraNexus brand colors: navy #001b2a, orange #ff7a00, purple #4b2cff. Photorealistic, no text, no watermark. Technical: 3:2 landscape 1200×800."
lakshadweep-lakshadweep-family-vacation-5d4n-v3,package,‍‍‍ Lakshadweep Family Vacation,3,public/images/packages/lakshadweep-lakshadweep-family-vacation-5d4n-v3.png,"Create a photorealistic travel image for ""‍‍‍ Lakshadweep Family Vacation"" — 5-day Lakshadweep holiday package, India. Scene: family-friendly crystal clear lagoon, coral atoll, tropical island, cheerful safe travel. Style: Soft morning mist, peaceful serene atmosphere. YatraNexus brand colors: navy #001b2a, orange #ff7a00, purple #4b2cff. Photorealistic, no text, no watermark. Technical: 3:2 landscape 1200×800."
lakshadweep-lakshadweep-family-vacation-5d4n-v4,package,‍‍‍ Lakshadweep Family Vacation,4,public/images/packages/lakshadweep-lakshadweep-family-vacation-5d4n-v4.png,"Create a photorealistic travel image for ""‍‍‍ Lakshadweep Family Vacation"" — 5-day Lakshadweep holiday package, India. Scene: family-friendly crystal clear lagoon, coral atoll, tropical island, cheerful safe travel. Style: Dramatic sunset warm orange-pink sky, romantic mood. YatraNexus brand colors: navy #001b2a, orange #ff7a00, purple #4b2cff. Photorealistic, no text, no watermark. Technical: 3:2 landscape 1200×800."
lakshadweep-lakshadweep-family-vacation-5d4n-v5,package,‍‍‍ Lakshadweep Family Vacation,5,public/images/packages/lakshadweep-lakshadweep-family-vacation-5d4n-v5.png,"Create a photorealistic travel image for ""‍‍‍ Lakshadweep Family Vacation"" — 5-day Lakshadweep holiday package, India. Scene: family-friendly crystal clear lagoon, coral atoll, tropical island, cheerful safe travel. Style: Aerial drone bird's-eye view, epic panoramic scale. YatraNexus brand colors: navy #001b2a, orange #ff7a00, purple #4b2cff. Photorealistic, no text, no watermark. Technical: 3:2 landscape 1200×800."
lakshadweep-lakshadweep-family-vacation-5d4n-v6,package,‍‍‍ Lakshadweep Family Vacation,6,public/images/packages/lakshadweep-lakshadweep-family-vacation-5d4n-v6.png,"Create a photorealistic travel image for ""‍‍‍ Lakshadweep Family Vacation"" — 5-day Lakshadweep holiday package, India. Scene: family-friendly crystal clear lagoon, coral atoll, tropical island, cheerful safe travel. Style: Close-up iconic landmark detail, shallow depth of field. YatraNexus brand colors: navy #001b2a, orange #ff7a00, purple #4b2cff. Photorealistic, no text, no watermark. Technical: 3:2 landscape 1200×800."
lakshadweep-lakshadweep-family-vacation-5d4n-v7,package,‍‍‍ Lakshadweep Family Vacation,7,public/images/packages/lakshadweep-lakshadweep-family-vacation-5d4n-v7.png,"Create a photorealistic travel image for ""‍‍‍ Lakshadweep Family Vacation"" — 5-day Lakshadweep holiday package, India. Scene: family-friendly crystal clear lagoon, coral atoll, tropical island, cheerful safe travel. Style: Cultural heritage focus — temples, forts, or local architecture. YatraNexus brand colors: navy #001b2a, orange #ff7a00, purple #4b2cff. Photorealistic, no text, no watermark. Technical: 3:2 landscape 1200×800."
lakshadweep-lakshadweep-family-vacation-5d4n-v8,package,‍‍‍ Lakshadweep Family Vacation,8,public/images/packages/lakshadweep-lakshadweep-family-vacation-5d4n-v8.png,"Create a photorealistic travel image for ""‍‍‍ Lakshadweep Family Vacation"" — 5-day Lakshadweep holiday package, India. Scene: family-friendly crystal clear lagoon, coral atoll, tropical island, cheerful safe travel. Style: Nature adventure — mountains, forests, rivers, wildlife hints. YatraNexus brand colors: navy #001b2a, orange #ff7a00, purple #4b2cff. Photorealistic, no text, no watermark. Technical: 3:2 landscape 1200×800."
lakshadweep-lakshadweep-family-vacation-5d4n-v9,package,‍‍‍ Lakshadweep Family Vacation,9,public/images/packages/lakshadweep-lakshadweep-family-vacation-5d4n-v9.png,"Create a photorealistic travel image for ""‍‍‍ Lakshadweep Family Vacation"" — 5-day Lakshadweep holiday package, India. Scene: family-friendly crystal clear lagoon, coral atoll, tropical island, cheerful safe travel. Style: Coastal or lakeside calm water reflection composition. YatraNexus brand colors: navy #001b2a, orange #ff7a00, purple #4b2cff. Photorealistic, no text, no watermark. Technical: 3:2 landscape 1200×800."
lakshadweep-lakshadweep-family-vacation-5d4n-v10,package,‍‍‍ Lakshadweep Family Vacation,10,public/images/packages/lakshadweep-lakshadweep-family-vacation-5d4n-v10.png,"Create a photorealistic travel image for ""‍‍‍ Lakshadweep Family Vacation"" — 5-day Lakshadweep holiday package, India. Scene: family-friendly crystal clear lagoon, coral atoll, tropical island, cheerful safe travel. Style: Clean package-card thumbnail — subject centered, minimal clutter. YatraNexus brand colors: navy #001b2a, orange #ff7a00, purple #4b2cff. Photorealistic, no text, no watermark. Technical: 3:2 landscape 1200×800."
lakshadweep-lakshadweep-adventure-scuba-tour-6d5n-v1,package,Lakshadweep Adventure & Scuba Tour,1,public/images/packages/lakshadweep-lakshadweep-adventure-scuba-tour-6d5n-v1.png,"Create a photorealistic travel image for ""Lakshadweep Adventure & Scuba Tour"" — 6-day Lakshadweep holiday package, India. Scene: adventure crystal clear lagoon, coral atoll, tropical island, thrilling outdoor. Style: Wide cinematic golden-hour landscape, premium travel brochure. YatraNexus brand colors: navy #001b2a, orange #ff7a00, purple #4b2cff. Photorealistic, no text, no watermark. Technical: 3:2 landscape 1200×800."
lakshadweep-lakshadweep-adventure-scuba-tour-6d5n-v2,package,Lakshadweep Adventure & Scuba Tour,2,public/images/packages/lakshadweep-lakshadweep-adventure-scuba-tour-6d5n-v2.png,"Create a photorealistic travel image for ""Lakshadweep Adventure & Scuba Tour"" — 6-day Lakshadweep holiday package, India. Scene: adventure crystal clear lagoon, coral atoll, tropical island, thrilling outdoor. Style: Bright daylight vibrant colors, inviting family-friendly mood. YatraNexus brand colors: navy #001b2a, orange #ff7a00, purple #4b2cff. Photorealistic, no text, no watermark. Technical: 3:2 landscape 1200×800."
lakshadweep-lakshadweep-adventure-scuba-tour-6d5n-v3,package,Lakshadweep Adventure & Scuba Tour,3,public/images/packages/lakshadweep-lakshadweep-adventure-scuba-tour-6d5n-v3.png,"Create a photorealistic travel image for ""Lakshadweep Adventure & Scuba Tour"" — 6-day Lakshadweep holiday package, India. Scene: adventure crystal clear lagoon, coral atoll, tropical island, thrilling outdoor. Style: Soft morning mist, peaceful serene atmosphere. YatraNexus brand colors: navy #001b2a, orange #ff7a00, purple #4b2cff. Photorealistic, no text, no watermark. Technical: 3:2 landscape 1200×800."
lakshadweep-lakshadweep-adventure-scuba-tour-6d5n-v4,package,Lakshadweep Adventure & Scuba Tour,4,public/images/packages/lakshadweep-lakshadweep-adventure-scuba-tour-6d5n-v4.png,"Create a photorealistic travel image for ""Lakshadweep Adventure & Scuba Tour"" — 6-day Lakshadweep holiday package, India. Scene: adventure crystal clear lagoon, coral atoll, tropical island, thrilling outdoor. Style: Dramatic sunset warm orange-pink sky, romantic mood. YatraNexus brand colors: navy #001b2a, orange #ff7a00, purple #4b2cff. Photorealistic, no text, no watermark. Technical: 3:2 landscape 1200×800."
lakshadweep-lakshadweep-adventure-scuba-tour-6d5n-v5,package,Lakshadweep Adventure & Scuba Tour,5,public/images/packages/lakshadweep-lakshadweep-adventure-scuba-tour-6d5n-v5.png,"Create a photorealistic travel image for ""Lakshadweep Adventure & Scuba Tour"" — 6-day Lakshadweep holiday package, India. Scene: adventure crystal clear lagoon, coral atoll, tropical island, thrilling outdoor. Style: Aerial drone bird's-eye view, epic panoramic scale. YatraNexus brand colors: navy #001b2a, orange #ff7a00, purple #4b2cff. Photorealistic, no text, no watermark. Technical: 3:2 landscape 1200×800."
lakshadweep-lakshadweep-adventure-scuba-tour-6d5n-v6,package,Lakshadweep Adventure & Scuba Tour,6,public/images/packages/lakshadweep-lakshadweep-adventure-scuba-tour-6d5n-v6.png,"Create a photorealistic travel image for ""Lakshadweep Adventure & Scuba Tour"" — 6-day Lakshadweep holiday package, India. Scene: adventure crystal clear lagoon, coral atoll, tropical island, thrilling outdoor. Style: Close-up iconic landmark detail, shallow depth of field. YatraNexus brand colors: navy #001b2a, orange #ff7a00, purple #4b2cff. Photorealistic, no text, no watermark. Technical: 3:2 landscape 1200×800."
lakshadweep-lakshadweep-adventure-scuba-tour-6d5n-v7,package,Lakshadweep Adventure & Scuba Tour,7,public/images/packages/lakshadweep-lakshadweep-adventure-scuba-tour-6d5n-v7.png,"Create a photorealistic travel image for ""Lakshadweep Adventure & Scuba Tour"" — 6-day Lakshadweep holiday package, India. Scene: adventure crystal clear lagoon, coral atoll, tropical island, thrilling outdoor. Style: Cultural heritage focus — temples, forts, or local architecture. YatraNexus brand colors: navy #001b2a, orange #ff7a00, purple #4b2cff. Photorealistic, no text, no watermark. Technical: 3:2 landscape 1200×800."
lakshadweep-lakshadweep-adventure-scuba-tour-6d5n-v8,package,Lakshadweep Adventure & Scuba Tour,8,public/images/packages/lakshadweep-lakshadweep-adventure-scuba-tour-6d5n-v8.png,"Create a photorealistic travel image for ""Lakshadweep Adventure & Scuba Tour"" — 6-day Lakshadweep holiday package, India. Scene: adventure crystal clear lagoon, coral atoll, tropical island, thrilling outdoor. Style: Nature adventure — mountains, forests, rivers, wildlife hints. YatraNexus brand colors: navy #001b2a, orange #ff7a00, purple #4b2cff. Photorealistic, no text, no watermark. Technical: 3:2 landscape 1200×800."
lakshadweep-lakshadweep-adventure-scuba-tour-6d5n-v9,package,Lakshadweep Adventure & Scuba Tour,9,public/images/packages/lakshadweep-lakshadweep-adventure-scuba-tour-6d5n-v9.png,"Create a photorealistic travel image for ""Lakshadweep Adventure & Scuba Tour"" — 6-day Lakshadweep holiday package, India. Scene: adventure crystal clear lagoon, coral atoll, tropical island, thrilling outdoor. Style: Coastal or lakeside calm water reflection composition. YatraNexus brand colors: navy #001b2a, orange #ff7a00, purple #4b2cff. Photorealistic, no text, no watermark. Technical: 3:2 landscape 1200×800."
lakshadweep-lakshadweep-adventure-scuba-tour-6d5n-v10,package,Lakshadweep Adventure & Scuba Tour,10,public/images/packages/lakshadweep-lakshadweep-adventure-scuba-tour-6d5n-v10.png,"Create a photorealistic travel image for ""Lakshadweep Adventure & Scuba Tour"" — 6-day Lakshadweep holiday package, India. Scene: adventure crystal clear lagoon, coral atoll, tropical island, thrilling outdoor. Style: Clean package-card thumbnail — subject centered, minimal clutter. YatraNexus brand colors: navy #001b2a, orange #ff7a00, purple #4b2cff. Photorealistic, no text, no watermark. Technical: 3:2 landscape 1200×800."
lakshadweep-agatti-bangaram-island-explorer-6d5n-v1,package,Agatti & Bangaram Island Explorer,1,public/images/packages/lakshadweep-agatti-bangaram-island-explorer-6d5n-v1.png,"Create a photorealistic travel image for ""Agatti & Bangaram Island Explorer"" — 6-day Lakshadweep holiday package, India. Scene: scenic highlights of crystal clear lagoon, coral atoll, tropical island. Style: Wide cinematic golden-hour landscape, premium travel brochure. YatraNexus brand colors: navy #001b2a, orange #ff7a00, purple #4b2cff. Photorealistic, no text, no watermark. Technical: 3:2 landscape 1200×800."
lakshadweep-agatti-bangaram-island-explorer-6d5n-v2,package,Agatti & Bangaram Island Explorer,2,public/images/packages/lakshadweep-agatti-bangaram-island-explorer-6d5n-v2.png,"Create a photorealistic travel image for ""Agatti & Bangaram Island Explorer"" — 6-day Lakshadweep holiday package, India. Scene: scenic highlights of crystal clear lagoon, coral atoll, tropical island. Style: Bright daylight vibrant colors, inviting family-friendly mood. YatraNexus brand colors: navy #001b2a, orange #ff7a00, purple #4b2cff. Photorealistic, no text, no watermark. Technical: 3:2 landscape 1200×800."
lakshadweep-agatti-bangaram-island-explorer-6d5n-v3,package,Agatti & Bangaram Island Explorer,3,public/images/packages/lakshadweep-agatti-bangaram-island-explorer-6d5n-v3.png,"Create a photorealistic travel image for ""Agatti & Bangaram Island Explorer"" — 6-day Lakshadweep holiday package, India. Scene: scenic highlights of crystal clear lagoon, coral atoll, tropical island. Style: Soft morning mist, peaceful serene atmosphere. YatraNexus brand colors: navy #001b2a, orange #ff7a00, purple #4b2cff. Photorealistic, no text, no watermark. Technical: 3:2 landscape 1200×800."
lakshadweep-agatti-bangaram-island-explorer-6d5n-v4,package,Agatti & Bangaram Island Explorer,4,public/images/packages/lakshadweep-agatti-bangaram-island-explorer-6d5n-v4.png,"Create a photorealistic travel image for ""Agatti & Bangaram Island Explorer"" — 6-day Lakshadweep holiday package, India. Scene: scenic highlights of crystal clear lagoon, coral atoll, tropical island. Style: Dramatic sunset warm orange-pink sky, romantic mood. YatraNexus brand colors: navy #001b2a, orange #ff7a00, purple #4b2cff. Photorealistic, no text, no watermark. Technical: 3:2 landscape 1200×800."
lakshadweep-agatti-bangaram-island-explorer-6d5n-v5,package,Agatti & Bangaram Island Explorer,5,public/images/packages/lakshadweep-agatti-bangaram-island-explorer-6d5n-v5.png,"Create a photorealistic travel image for ""Agatti & Bangaram Island Explorer"" — 6-day Lakshadweep holiday package, India. Scene: scenic highlights of crystal clear lagoon, coral atoll, tropical island. Style: Aerial drone bird's-eye view, epic panoramic scale. YatraNexus brand colors: navy #001b2a, orange #ff7a00, purple #4b2cff. Photorealistic, no text, no watermark. Technical: 3:2 landscape 1200×800."
lakshadweep-agatti-bangaram-island-explorer-6d5n-v6,package,Agatti & Bangaram Island Explorer,6,public/images/packages/lakshadweep-agatti-bangaram-island-explorer-6d5n-v6.png,"Create a photorealistic travel image for ""Agatti & Bangaram Island Explorer"" — 6-day Lakshadweep holiday package, India. Scene: scenic highlights of crystal clear lagoon, coral atoll, tropical island. Style: Close-up iconic landmark detail, shallow depth of field. YatraNexus brand colors: navy #001b2a, orange #ff7a00, purple #4b2cff. Photorealistic, no text, no watermark. Technical: 3:2 landscape 1200×800."
lakshadweep-agatti-bangaram-island-explorer-6d5n-v7,package,Agatti & Bangaram Island Explorer,7,public/images/packages/lakshadweep-agatti-bangaram-island-explorer-6d5n-v7.png,"Create a photorealistic travel image for ""Agatti & Bangaram Island Explorer"" — 6-day Lakshadweep holiday package, India. Scene: scenic highlights of crystal clear lagoon, coral atoll, tropical island. Style: Cultural heritage focus — temples, forts, or local architecture. YatraNexus brand colors: navy #001b2a, orange #ff7a00, purple #4b2cff. Photorealistic, no text, no watermark. Technical: 3:2 landscape 1200×800."
lakshadweep-agatti-bangaram-island-explorer-6d5n-v8,package,Agatti & Bangaram Island Explorer,8,public/images/packages/lakshadweep-agatti-bangaram-island-explorer-6d5n-v8.png,"Create a photorealistic travel image for ""Agatti & Bangaram Island Explorer"" — 6-day Lakshadweep holiday package, India. Scene: scenic highlights of crystal clear lagoon, coral atoll, tropical island. Style: Nature adventure — mountains, forests, rivers, wildlife hints. YatraNexus brand colors: navy #001b2a, orange #ff7a00, purple #4b2cff. Photorealistic, no text, no watermark. Technical: 3:2 landscape 1200×800."
lakshadweep-agatti-bangaram-island-explorer-6d5n-v9,package,Agatti & Bangaram Island Explorer,9,public/images/packages/lakshadweep-agatti-bangaram-island-explorer-6d5n-v9.png,"Create a photorealistic travel image for ""Agatti & Bangaram Island Explorer"" — 6-day Lakshadweep holiday package, India. Scene: scenic highlights of crystal clear lagoon, coral atoll, tropical island. Style: Coastal or lakeside calm water reflection composition. YatraNexus brand colors: navy #001b2a, orange #ff7a00, purple #4b2cff. Photorealistic, no text, no watermark. Technical: 3:2 landscape 1200×800."
lakshadweep-agatti-bangaram-island-explorer-6d5n-v10,package,Agatti & Bangaram Island Explorer,10,public/images/packages/lakshadweep-agatti-bangaram-island-explorer-6d5n-v10.png,"Create a photorealistic travel image for ""Agatti & Bangaram Island Explorer"" — 6-day Lakshadweep holiday package, India. Scene: scenic highlights of crystal clear lagoon, coral atoll, tropical island. Style: Clean package-card thumbnail — subject centered, minimal clutter. YatraNexus brand colors: navy #001b2a, orange #ff7a00, purple #4b2cff. Photorealistic, no text, no watermark. Technical: 3:2 landscape 1200×800."
lakshadweep-complete-lakshadweep-grand-tour-7d6n-v1,package,Complete Lakshadweep Grand Tour,1,public/images/packages/lakshadweep-complete-lakshadweep-grand-tour-7d6n-v1.png,"Create a photorealistic travel image for ""Complete Lakshadweep Grand Tour"" — 7-day Lakshadweep holiday package, India. Scene: heritage circuit crystal clear lagoon, coral atoll, tropical island. Style: Wide cinematic golden-hour landscape, premium travel brochure. YatraNexus brand colors: navy #001b2a, orange #ff7a00, purple #4b2cff. Photorealistic, no text, no watermark. Technical: 3:2 landscape 1200×800."
lakshadweep-complete-lakshadweep-grand-tour-7d6n-v2,package,Complete Lakshadweep Grand Tour,2,public/images/packages/lakshadweep-complete-lakshadweep-grand-tour-7d6n-v2.png,"Create a photorealistic travel image for ""Complete Lakshadweep Grand Tour"" — 7-day Lakshadweep holiday package, India. Scene: heritage circuit crystal clear lagoon, coral atoll, tropical island. Style: Bright daylight vibrant colors, inviting family-friendly mood. YatraNexus brand colors: navy #001b2a, orange #ff7a00, purple #4b2cff. Photorealistic, no text, no watermark. Technical: 3:2 landscape 1200×800."
lakshadweep-complete-lakshadweep-grand-tour-7d6n-v3,package,Complete Lakshadweep Grand Tour,3,public/images/packages/lakshadweep-complete-lakshadweep-grand-tour-7d6n-v3.png,"Create a photorealistic travel image for ""Complete Lakshadweep Grand Tour"" — 7-day Lakshadweep holiday package, India. Scene: heritage circuit crystal clear lagoon, coral atoll, tropical island. Style: Soft morning mist, peaceful serene atmosphere. YatraNexus brand colors: navy #001b2a, orange #ff7a00, purple #4b2cff. Photorealistic, no text, no watermark. Technical: 3:2 landscape 1200×800."
lakshadweep-complete-lakshadweep-grand-tour-7d6n-v4,package,Complete Lakshadweep Grand Tour,4,public/images/packages/lakshadweep-complete-lakshadweep-grand-tour-7d6n-v4.png,"Create a photorealistic travel image for ""Complete Lakshadweep Grand Tour"" — 7-day Lakshadweep holiday package, India. Scene: heritage circuit crystal clear lagoon, coral atoll, tropical island. Style: Dramatic sunset warm orange-pink sky, romantic mood. YatraNexus brand colors: navy #001b2a, orange #ff7a00, purple #4b2cff. Photorealistic, no text, no watermark. Technical: 3:2 landscape 1200×800."
lakshadweep-complete-lakshadweep-grand-tour-7d6n-v5,package,Complete Lakshadweep Grand Tour,5,public/images/packages/lakshadweep-complete-lakshadweep-grand-tour-7d6n-v5.png,"Create a photorealistic travel image for ""Complete Lakshadweep Grand Tour"" — 7-day Lakshadweep holiday package, India. Scene: heritage circuit crystal clear lagoon, coral atoll, tropical island. Style: Aerial drone bird's-eye view, epic panoramic scale. YatraNexus brand colors: navy #001b2a, orange #ff7a00, purple #4b2cff. Photorealistic, no text, no watermark. Technical: 3:2 landscape 1200×800."
lakshadweep-complete-lakshadweep-grand-tour-7d6n-v6,package,Complete Lakshadweep Grand Tour,6,public/images/packages/lakshadweep-complete-lakshadweep-grand-tour-7d6n-v6.png,"Create a photorealistic travel image for ""Complete Lakshadweep Grand Tour"" — 7-day Lakshadweep holiday package, India. Scene: heritage circuit crystal clear lagoon, coral atoll, tropical island. Style: Close-up iconic landmark detail, shallow depth of field. YatraNexus brand colors: navy #001b2a, orange #ff7a00, purple #4b2cff. Photorealistic, no text, no watermark. Technical: 3:2 landscape 1200×800."
lakshadweep-complete-lakshadweep-grand-tour-7d6n-v7,package,Complete Lakshadweep Grand Tour,7,public/images/packages/lakshadweep-complete-lakshadweep-grand-tour-7d6n-v7.png,"Create a photorealistic travel image for ""Complete Lakshadweep Grand Tour"" — 7-day Lakshadweep holiday package, India. Scene: heritage circuit crystal clear lagoon, coral atoll, tropical island. Style: Cultural heritage focus — temples, forts, or local architecture. YatraNexus brand colors: navy #001b2a, orange #ff7a00, purple #4b2cff. Photorealistic, no text, no watermark. Technical: 3:2 landscape 1200×800."
lakshadweep-complete-lakshadweep-grand-tour-7d6n-v8,package,Complete Lakshadweep Grand Tour,8,public/images/packages/lakshadweep-complete-lakshadweep-grand-tour-7d6n-v8.png,"Create a photorealistic travel image for ""Complete Lakshadweep Grand Tour"" — 7-day Lakshadweep holiday package, India. Scene: heritage circuit crystal clear lagoon, coral atoll, tropical island. Style: Nature adventure — mountains, forests, rivers, wildlife hints. YatraNexus brand colors: navy #001b2a, orange #ff7a00, purple #4b2cff. Photorealistic, no text, no watermark. Technical: 3:2 landscape 1200×800."
lakshadweep-complete-lakshadweep-grand-tour-7d6n-v9,package,Complete Lakshadweep Grand Tour,9,public/images/packages/lakshadweep-complete-lakshadweep-grand-tour-7d6n-v9.png,"Create a photorealistic travel image for ""Complete Lakshadweep Grand Tour"" — 7-day Lakshadweep holiday package, India. Scene: heritage circuit crystal clear lagoon, coral atoll, tropical island. Style: Coastal or lakeside calm water reflection composition. YatraNexus brand colors: navy #001b2a, orange #ff7a00, purple #4b2cff. Photorealistic, no text, no watermark. Technical: 3:2 landscape 1200×800."
lakshadweep-complete-lakshadweep-grand-tour-7d6n-v10,package,Complete Lakshadweep Grand Tour,10,public/images/packages/lakshadweep-complete-lakshadweep-grand-tour-7d6n-v10.png,"Create a photorealistic travel image for ""Complete Lakshadweep Grand Tour"" — 7-day Lakshadweep holiday package, India. Scene: heritage circuit crystal clear lagoon, coral atoll, tropical island. Style: Clean package-card thumbnail — subject centered, minimal clutter. YatraNexus brand colors: navy #001b2a, orange #ff7a00, purple #4b2cff. Photorealistic, no text, no watermark. Technical: 3:2 landscape 1200×800."
karnataka-bangalore-mysore-coorg-heritage-tour-5d4n-v1,package,Bangalore – Mysore – Coorg Heritage Tour,1,public/images/packages/karnataka-bangalore-mysore-coorg-heritage-tour-5d4n-v1.png,"Create a photorealistic travel image for ""Bangalore – Mysore – Coorg Heritage Tour"" — 5-day Karnataka holiday package, India. Scene: heritage circuit Hampi ruins, Coorg coffee hills, Mysore palace. Style: Wide cinematic golden-hour landscape, premium travel brochure. YatraNexus brand colors: navy #001b2a, orange #ff7a00, purple #4b2cff. Photorealistic, no text, no watermark. Technical: 3:2 landscape 1200×800."
karnataka-bangalore-mysore-coorg-heritage-tour-5d4n-v2,package,Bangalore – Mysore – Coorg Heritage Tour,2,public/images/packages/karnataka-bangalore-mysore-coorg-heritage-tour-5d4n-v2.png,"Create a photorealistic travel image for ""Bangalore – Mysore – Coorg Heritage Tour"" — 5-day Karnataka holiday package, India. Scene: heritage circuit Hampi ruins, Coorg coffee hills, Mysore palace. Style: Bright daylight vibrant colors, inviting family-friendly mood. YatraNexus brand colors: navy #001b2a, orange #ff7a00, purple #4b2cff. Photorealistic, no text, no watermark. Technical: 3:2 landscape 1200×800."
karnataka-bangalore-mysore-coorg-heritage-tour-5d4n-v3,package,Bangalore – Mysore – Coorg Heritage Tour,3,public/images/packages/karnataka-bangalore-mysore-coorg-heritage-tour-5d4n-v3.png,"Create a photorealistic travel image for ""Bangalore – Mysore – Coorg Heritage Tour"" — 5-day Karnataka holiday package, India. Scene: heritage circuit Hampi ruins, Coorg coffee hills, Mysore palace. Style: Soft morning mist, peaceful serene atmosphere. YatraNexus brand colors: navy #001b2a, orange #ff7a00, purple #4b2cff. Photorealistic, no text, no watermark. Technical: 3:2 landscape 1200×800."
karnataka-bangalore-mysore-coorg-heritage-tour-5d4n-v4,package,Bangalore – Mysore – Coorg Heritage Tour,4,public/images/packages/karnataka-bangalore-mysore-coorg-heritage-tour-5d4n-v4.png,"Create a photorealistic travel image for ""Bangalore – Mysore – Coorg Heritage Tour"" — 5-day Karnataka holiday package, India. Scene: heritage circuit Hampi ruins, Coorg coffee hills, Mysore palace. Style: Dramatic sunset warm orange-pink sky, romantic mood. YatraNexus brand colors: navy #001b2a, orange #ff7a00, purple #4b2cff. Photorealistic, no text, no watermark. Technical: 3:2 landscape 1200×800."
karnataka-bangalore-mysore-coorg-heritage-tour-5d4n-v5,package,Bangalore – Mysore – Coorg Heritage Tour,5,public/images/packages/karnataka-bangalore-mysore-coorg-heritage-tour-5d4n-v5.png,"Create a photorealistic travel image for ""Bangalore – Mysore – Coorg Heritage Tour"" — 5-day Karnataka holiday package, India. Scene: heritage circuit Hampi ruins, Coorg coffee hills, Mysore palace. Style: Aerial drone bird's-eye view, epic panoramic scale. YatraNexus brand colors: navy #001b2a, orange #ff7a00, purple #4b2cff. Photorealistic, no text, no watermark. Technical: 3:2 landscape 1200×800."
karnataka-bangalore-mysore-coorg-heritage-tour-5d4n-v6,package,Bangalore – Mysore – Coorg Heritage Tour,6,public/images/packages/karnataka-bangalore-mysore-coorg-heritage-tour-5d4n-v6.png,"Create a photorealistic travel image for ""Bangalore – Mysore – Coorg Heritage Tour"" — 5-day Karnataka holiday package, India. Scene: heritage circuit Hampi ruins, Coorg coffee hills, Mysore palace. Style: Close-up iconic landmark detail, shallow depth of field. YatraNexus brand colors: navy #001b2a, orange #ff7a00, purple #4b2cff. Photorealistic, no text, no watermark. Technical: 3:2 landscape 1200×800."
karnataka-bangalore-mysore-coorg-heritage-tour-5d4n-v7,package,Bangalore – Mysore – Coorg Heritage Tour,7,public/images/packages/karnataka-bangalore-mysore-coorg-heritage-tour-5d4n-v7.png,"Create a photorealistic travel image for ""Bangalore – Mysore – Coorg Heritage Tour"" — 5-day Karnataka holiday package, India. Scene: heritage circuit Hampi ruins, Coorg coffee hills, Mysore palace. Style: Cultural heritage focus — temples, forts, or local architecture. YatraNexus brand colors: navy #001b2a, orange #ff7a00, purple #4b2cff. Photorealistic, no text, no watermark. Technical: 3:2 landscape 1200×800."
karnataka-bangalore-mysore-coorg-heritage-tour-5d4n-v8,package,Bangalore – Mysore – Coorg Heritage Tour,8,public/images/packages/karnataka-bangalore-mysore-coorg-heritage-tour-5d4n-v8.png,"Create a photorealistic travel image for ""Bangalore – Mysore – Coorg Heritage Tour"" — 5-day Karnataka holiday package, India. Scene: heritage circuit Hampi ruins, Coorg coffee hills, Mysore palace. Style: Nature adventure — mountains, forests, rivers, wildlife hints. YatraNexus brand colors: navy #001b2a, orange #ff7a00, purple #4b2cff. Photorealistic, no text, no watermark. Technical: 3:2 landscape 1200×800."
karnataka-bangalore-mysore-coorg-heritage-tour-5d4n-v9,package,Bangalore – Mysore – Coorg Heritage Tour,9,public/images/packages/karnataka-bangalore-mysore-coorg-heritage-tour-5d4n-v9.png,"Create a photorealistic travel image for ""Bangalore – Mysore – Coorg Heritage Tour"" — 5-day Karnataka holiday package, India. Scene: heritage circuit Hampi ruins, Coorg coffee hills, Mysore palace. Style: Coastal or lakeside calm water reflection composition. YatraNexus brand colors: navy #001b2a, orange #ff7a00, purple #4b2cff. Photorealistic, no text, no watermark. Technical: 3:2 landscape 1200×800."
karnataka-bangalore-mysore-coorg-heritage-tour-5d4n-v10,package,Bangalore – Mysore – Coorg Heritage Tour,10,public/images/packages/karnataka-bangalore-mysore-coorg-heritage-tour-5d4n-v10.png,"Create a photorealistic travel image for ""Bangalore – Mysore – Coorg Heritage Tour"" — 5-day Karnataka holiday package, India. Scene: heritage circuit Hampi ruins, Coorg coffee hills, Mysore palace. Style: Clean package-card thumbnail — subject centered, minimal clutter. YatraNexus brand colors: navy #001b2a, orange #ff7a00, purple #4b2cff. Photorealistic, no text, no watermark. Technical: 3:2 landscape 1200×800."
karnataka-coorg-chikmagalur-coffee-trail-5d4n-v1,package,Coorg – Chikmagalur Coffee Trail,1,public/images/packages/karnataka-coorg-chikmagalur-coffee-trail-5d4n-v1.png,"Create a photorealistic travel image for ""Coorg – Chikmagalur Coffee Trail"" — 5-day Karnataka holiday package, India. Scene: scenic highlights of Hampi ruins, Coorg coffee hills, Mysore palace. Style: Wide cinematic golden-hour landscape, premium travel brochure. YatraNexus brand colors: navy #001b2a, orange #ff7a00, purple #4b2cff. Photorealistic, no text, no watermark. Technical: 3:2 landscape 1200×800."
karnataka-coorg-chikmagalur-coffee-trail-5d4n-v2,package,Coorg – Chikmagalur Coffee Trail,2,public/images/packages/karnataka-coorg-chikmagalur-coffee-trail-5d4n-v2.png,"Create a photorealistic travel image for ""Coorg – Chikmagalur Coffee Trail"" — 5-day Karnataka holiday package, India. Scene: scenic highlights of Hampi ruins, Coorg coffee hills, Mysore palace. Style: Bright daylight vibrant colors, inviting family-friendly mood. YatraNexus brand colors: navy #001b2a, orange #ff7a00, purple #4b2cff. Photorealistic, no text, no watermark. Technical: 3:2 landscape 1200×800."
karnataka-coorg-chikmagalur-coffee-trail-5d4n-v3,package,Coorg – Chikmagalur Coffee Trail,3,public/images/packages/karnataka-coorg-chikmagalur-coffee-trail-5d4n-v3.png,"Create a photorealistic travel image for ""Coorg – Chikmagalur Coffee Trail"" — 5-day Karnataka holiday package, India. Scene: scenic highlights of Hampi ruins, Coorg coffee hills, Mysore palace. Style: Soft morning mist, peaceful serene atmosphere. YatraNexus brand colors: navy #001b2a, orange #ff7a00, purple #4b2cff. Photorealistic, no text, no watermark. Technical: 3:2 landscape 1200×800."
karnataka-coorg-chikmagalur-coffee-trail-5d4n-v4,package,Coorg – Chikmagalur Coffee Trail,4,public/images/packages/karnataka-coorg-chikmagalur-coffee-trail-5d4n-v4.png,"Create a photorealistic travel image for ""Coorg – Chikmagalur Coffee Trail"" — 5-day Karnataka holiday package, India. Scene: scenic highlights of Hampi ruins, Coorg coffee hills, Mysore palace. Style: Dramatic sunset warm orange-pink sky, romantic mood. YatraNexus brand colors: navy #001b2a, orange #ff7a00, purple #4b2cff. Photorealistic, no text, no watermark. Technical: 3:2 landscape 1200×800."
karnataka-coorg-chikmagalur-coffee-trail-5d4n-v5,package,Coorg – Chikmagalur Coffee Trail,5,public/images/packages/karnataka-coorg-chikmagalur-coffee-trail-5d4n-v5.png,"Create a photorealistic travel image for ""Coorg – Chikmagalur Coffee Trail"" — 5-day Karnataka holiday package, India. Scene: scenic highlights of Hampi ruins, Coorg coffee hills, Mysore palace. Style: Aerial drone bird's-eye view, epic panoramic scale. YatraNexus brand colors: navy #001b2a, orange #ff7a00, purple #4b2cff. Photorealistic, no text, no watermark. Technical: 3:2 landscape 1200×800."
karnataka-coorg-chikmagalur-coffee-trail-5d4n-v6,package,Coorg – Chikmagalur Coffee Trail,6,public/images/packages/karnataka-coorg-chikmagalur-coffee-trail-5d4n-v6.png,"Create a photorealistic travel image for ""Coorg – Chikmagalur Coffee Trail"" — 5-day Karnataka holiday package, India. Scene: scenic highlights of Hampi ruins, Coorg coffee hills, Mysore palace. Style: Close-up iconic landmark detail, shallow depth of field. YatraNexus brand colors: navy #001b2a, orange #ff7a00, purple #4b2cff. Photorealistic, no text, no watermark. Technical: 3:2 landscape 1200×800."
karnataka-coorg-chikmagalur-coffee-trail-5d4n-v7,package,Coorg – Chikmagalur Coffee Trail,7,public/images/packages/karnataka-coorg-chikmagalur-coffee-trail-5d4n-v7.png,"Create a photorealistic travel image for ""Coorg – Chikmagalur Coffee Trail"" — 5-day Karnataka holiday package, India. Scene: scenic highlights of Hampi ruins, Coorg coffee hills, Mysore palace. Style: Cultural heritage focus — temples, forts, or local architecture. YatraNexus brand colors: navy #001b2a, orange #ff7a00, purple #4b2cff. Photorealistic, no text, no watermark. Technical: 3:2 landscape 1200×800."
karnataka-coorg-chikmagalur-coffee-trail-5d4n-v8,package,Coorg – Chikmagalur Coffee Trail,8,public/images/packages/karnataka-coorg-chikmagalur-coffee-trail-5d4n-v8.png,"Create a photorealistic travel image for ""Coorg – Chikmagalur Coffee Trail"" — 5-day Karnataka holiday package, India. Scene: scenic highlights of Hampi ruins, Coorg coffee hills, Mysore palace. Style: Nature adventure — mountains, forests, rivers, wildlife hints. YatraNexus brand colors: navy #001b2a, orange #ff7a00, purple #4b2cff. Photorealistic, no text, no watermark. Technical: 3:2 landscape 1200×800."
karnataka-coorg-chikmagalur-coffee-trail-5d4n-v9,package,Coorg – Chikmagalur Coffee Trail,9,public/images/packages/karnataka-coorg-chikmagalur-coffee-trail-5d4n-v9.png,"Create a photorealistic travel image for ""Coorg – Chikmagalur Coffee Trail"" — 5-day Karnataka holiday package, India. Scene: scenic highlights of Hampi ruins, Coorg coffee hills, Mysore palace. Style: Coastal or lakeside calm water reflection composition. YatraNexus brand colors: navy #001b2a, orange #ff7a00, purple #4b2cff. Photorealistic, no text, no watermark. Technical: 3:2 landscape 1200×800."
karnataka-coorg-chikmagalur-coffee-trail-5d4n-v10,package,Coorg – Chikmagalur Coffee Trail,10,public/images/packages/karnataka-coorg-chikmagalur-coffee-trail-5d4n-v10.png,"Create a photorealistic travel image for ""Coorg – Chikmagalur Coffee Trail"" — 5-day Karnataka holiday package, India. Scene: scenic highlights of Hampi ruins, Coorg coffee hills, Mysore palace. Style: Clean package-card thumbnail — subject centered, minimal clutter. YatraNexus brand colors: navy #001b2a, orange #ff7a00, purple #4b2cff. Photorealistic, no text, no watermark. Technical: 3:2 landscape 1200×800."
karnataka-bangalore-hampi-heritage-expedition-5d4n-v1,package,Bangalore – Hampi Heritage Expedition,1,public/images/packages/karnataka-bangalore-hampi-heritage-expedition-5d4n-v1.png,"Create a photorealistic travel image for ""Bangalore – Hampi Heritage Expedition"" — 5-day Karnataka holiday package, India. Scene: heritage circuit Hampi ruins, Coorg coffee hills, Mysore palace. Style: Wide cinematic golden-hour landscape, premium travel brochure. YatraNexus brand colors: navy #001b2a, orange #ff7a00, purple #4b2cff. Photorealistic, no text, no watermark. Technical: 3:2 landscape 1200×800."
karnataka-bangalore-hampi-heritage-expedition-5d4n-v2,package,Bangalore – Hampi Heritage Expedition,2,public/images/packages/karnataka-bangalore-hampi-heritage-expedition-5d4n-v2.png,"Create a photorealistic travel image for ""Bangalore – Hampi Heritage Expedition"" — 5-day Karnataka holiday package, India. Scene: heritage circuit Hampi ruins, Coorg coffee hills, Mysore palace. Style: Bright daylight vibrant colors, inviting family-friendly mood. YatraNexus brand colors: navy #001b2a, orange #ff7a00, purple #4b2cff. Photorealistic, no text, no watermark. Technical: 3:2 landscape 1200×800."
karnataka-bangalore-hampi-heritage-expedition-5d4n-v3,package,Bangalore – Hampi Heritage Expedition,3,public/images/packages/karnataka-bangalore-hampi-heritage-expedition-5d4n-v3.png,"Create a photorealistic travel image for ""Bangalore – Hampi Heritage Expedition"" — 5-day Karnataka holiday package, India. Scene: heritage circuit Hampi ruins, Coorg coffee hills, Mysore palace. Style: Soft morning mist, peaceful serene atmosphere. YatraNexus brand colors: navy #001b2a, orange #ff7a00, purple #4b2cff. Photorealistic, no text, no watermark. Technical: 3:2 landscape 1200×800."
karnataka-bangalore-hampi-heritage-expedition-5d4n-v4,package,Bangalore – Hampi Heritage Expedition,4,public/images/packages/karnataka-bangalore-hampi-heritage-expedition-5d4n-v4.png,"Create a photorealistic travel image for ""Bangalore – Hampi Heritage Expedition"" — 5-day Karnataka holiday package, India. Scene: heritage circuit Hampi ruins, Coorg coffee hills, Mysore palace. Style: Dramatic sunset warm orange-pink sky, romantic mood. YatraNexus brand colors: navy #001b2a, orange #ff7a00, purple #4b2cff. Photorealistic, no text, no watermark. Technical: 3:2 landscape 1200×800."
karnataka-bangalore-hampi-heritage-expedition-5d4n-v5,package,Bangalore – Hampi Heritage Expedition,5,public/images/packages/karnataka-bangalore-hampi-heritage-expedition-5d4n-v5.png,"Create a photorealistic travel image for ""Bangalore – Hampi Heritage Expedition"" — 5-day Karnataka holiday package, India. Scene: heritage circuit Hampi ruins, Coorg coffee hills, Mysore palace. Style: Aerial drone bird's-eye view, epic panoramic scale. YatraNexus brand colors: navy #001b2a, orange #ff7a00, purple #4b2cff. Photorealistic, no text, no watermark. Technical: 3:2 landscape 1200×800."
karnataka-bangalore-hampi-heritage-expedition-5d4n-v6,package,Bangalore – Hampi Heritage Expedition,6,public/images/packages/karnataka-bangalore-hampi-heritage-expedition-5d4n-v6.png,"Create a photorealistic travel image for ""Bangalore – Hampi Heritage Expedition"" — 5-day Karnataka holiday package, India. Scene: heritage circuit Hampi ruins, Coorg coffee hills, Mysore palace. Style: Close-up iconic landmark detail, shallow depth of field. YatraNexus brand colors: navy #001b2a, orange #ff7a00, purple #4b2cff. Photorealistic, no text, no watermark. Technical: 3:2 landscape 1200×800."
karnataka-bangalore-hampi-heritage-expedition-5d4n-v7,package,Bangalore – Hampi Heritage Expedition,7,public/images/packages/karnataka-bangalore-hampi-heritage-expedition-5d4n-v7.png,"Create a photorealistic travel image for ""Bangalore – Hampi Heritage Expedition"" — 5-day Karnataka holiday package, India. Scene: heritage circuit Hampi ruins, Coorg coffee hills, Mysore palace. Style: Cultural heritage focus — temples, forts, or local architecture. YatraNexus brand colors: navy #001b2a, orange #ff7a00, purple #4b2cff. Photorealistic, no text, no watermark. Technical: 3:2 landscape 1200×800."
karnataka-bangalore-hampi-heritage-expedition-5d4n-v8,package,Bangalore – Hampi Heritage Expedition,8,public/images/packages/karnataka-bangalore-hampi-heritage-expedition-5d4n-v8.png,"Create a photorealistic travel image for ""Bangalore – Hampi Heritage Expedition"" — 5-day Karnataka holiday package, India. Scene: heritage circuit Hampi ruins, Coorg coffee hills, Mysore palace. Style: Nature adventure — mountains, forests, rivers, wildlife hints. YatraNexus brand colors: navy #001b2a, orange #ff7a00, purple #4b2cff. Photorealistic, no text, no watermark. Technical: 3:2 landscape 1200×800."
karnataka-bangalore-hampi-heritage-expedition-5d4n-v9,package,Bangalore – Hampi Heritage Expedition,9,public/images/packages/karnataka-bangalore-hampi-heritage-expedition-5d4n-v9.png,"Create a photorealistic travel image for ""Bangalore – Hampi Heritage Expedition"" — 5-day Karnataka holiday package, India. Scene: heritage circuit Hampi ruins, Coorg coffee hills, Mysore palace. Style: Coastal or lakeside calm water reflection composition. YatraNexus brand colors: navy #001b2a, orange #ff7a00, purple #4b2cff. Photorealistic, no text, no watermark. Technical: 3:2 landscape 1200×800."
karnataka-bangalore-hampi-heritage-expedition-5d4n-v10,package,Bangalore – Hampi Heritage Expedition,10,public/images/packages/karnataka-bangalore-hampi-heritage-expedition-5d4n-v10.png,"Create a photorealistic travel image for ""Bangalore – Hampi Heritage Expedition"" — 5-day Karnataka holiday package, India. Scene: heritage circuit Hampi ruins, Coorg coffee hills, Mysore palace. Style: Clean package-card thumbnail — subject centered, minimal clutter. YatraNexus brand colors: navy #001b2a, orange #ff7a00, purple #4b2cff. Photorealistic, no text, no watermark. Technical: 3:2 landscape 1200×800."
karnataka-mysore-coorg-kabini-wildlife-tour-trending-6d5n-v1,package,Mysore – Coorg – Kabini Wildlife Tour ⭐ Trending,1,public/images/packages/karnataka-mysore-coorg-kabini-wildlife-tour-trending-6d5n-v1.png,"Create a photorealistic travel image for ""Mysore – Coorg – Kabini Wildlife Tour ⭐ Trending"" — 6-day Karnataka holiday package, India. Scene: wildlife safari Hampi ruins, Coorg coffee hills, Mysore palace. Style: Wide cinematic golden-hour landscape, premium travel brochure. YatraNexus brand colors: navy #001b2a, orange #ff7a00, purple #4b2cff. Photorealistic, no text, no watermark. Technical: 3:2 landscape 1200×800."
karnataka-mysore-coorg-kabini-wildlife-tour-trending-6d5n-v2,package,Mysore – Coorg – Kabini Wildlife Tour ⭐ Trending,2,public/images/packages/karnataka-mysore-coorg-kabini-wildlife-tour-trending-6d5n-v2.png,"Create a photorealistic travel image for ""Mysore – Coorg – Kabini Wildlife Tour ⭐ Trending"" — 6-day Karnataka holiday package, India. Scene: wildlife safari Hampi ruins, Coorg coffee hills, Mysore palace. Style: Bright daylight vibrant colors, inviting family-friendly mood. YatraNexus brand colors: navy #001b2a, orange #ff7a00, purple #4b2cff. Photorealistic, no text, no watermark. Technical: 3:2 landscape 1200×800."
karnataka-mysore-coorg-kabini-wildlife-tour-trending-6d5n-v3,package,Mysore – Coorg – Kabini Wildlife Tour ⭐ Trending,3,public/images/packages/karnataka-mysore-coorg-kabini-wildlife-tour-trending-6d5n-v3.png,"Create a photorealistic travel image for ""Mysore – Coorg – Kabini Wildlife Tour ⭐ Trending"" — 6-day Karnataka holiday package, India. Scene: wildlife safari Hampi ruins, Coorg coffee hills, Mysore palace. Style: Soft morning mist, peaceful serene atmosphere. YatraNexus brand colors: navy #001b2a, orange #ff7a00, purple #4b2cff. Photorealistic, no text, no watermark. Technical: 3:2 landscape 1200×800."
karnataka-mysore-coorg-kabini-wildlife-tour-trending-6d5n-v4,package,Mysore – Coorg – Kabini Wildlife Tour ⭐ Trending,4,public/images/packages/karnataka-mysore-coorg-kabini-wildlife-tour-trending-6d5n-v4.png,"Create a photorealistic travel image for ""Mysore – Coorg – Kabini Wildlife Tour ⭐ Trending"" — 6-day Karnataka holiday package, India. Scene: wildlife safari Hampi ruins, Coorg coffee hills, Mysore palace. Style: Dramatic sunset warm orange-pink sky, romantic mood. YatraNexus brand colors: navy #001b2a, orange #ff7a00, purple #4b2cff. Photorealistic, no text, no watermark. Technical: 3:2 landscape 1200×800."
karnataka-mysore-coorg-kabini-wildlife-tour-trending-6d5n-v5,package,Mysore – Coorg – Kabini Wildlife Tour ⭐ Trending,5,public/images/packages/karnataka-mysore-coorg-kabini-wildlife-tour-trending-6d5n-v5.png,"Create a photorealistic travel image for ""Mysore – Coorg – Kabini Wildlife Tour ⭐ Trending"" — 6-day Karnataka holiday package, India. Scene: wildlife safari Hampi ruins, Coorg coffee hills, Mysore palace. Style: Aerial drone bird's-eye view, epic panoramic scale. YatraNexus brand colors: navy #001b2a, orange #ff7a00, purple #4b2cff. Photorealistic, no text, no watermark. Technical: 3:2 landscape 1200×800."
karnataka-mysore-coorg-kabini-wildlife-tour-trending-6d5n-v6,package,Mysore – Coorg – Kabini Wildlife Tour ⭐ Trending,6,public/images/packages/karnataka-mysore-coorg-kabini-wildlife-tour-trending-6d5n-v6.png,"Create a photorealistic travel image for ""Mysore – Coorg – Kabini Wildlife Tour ⭐ Trending"" — 6-day Karnataka holiday package, India. Scene: wildlife safari Hampi ruins, Coorg coffee hills, Mysore palace. Style: Close-up iconic landmark detail, shallow depth of field. YatraNexus brand colors: navy #001b2a, orange #ff7a00, purple #4b2cff. Photorealistic, no text, no watermark. Technical: 3:2 landscape 1200×800."
karnataka-mysore-coorg-kabini-wildlife-tour-trending-6d5n-v7,package,Mysore – Coorg – Kabini Wildlife Tour ⭐ Trending,7,public/images/packages/karnataka-mysore-coorg-kabini-wildlife-tour-trending-6d5n-v7.png,"Create a photorealistic travel image for ""Mysore – Coorg – Kabini Wildlife Tour ⭐ Trending"" — 6-day Karnataka holiday package, India. Scene: wildlife safari Hampi ruins, Coorg coffee hills, Mysore palace. Style: Cultural heritage focus — temples, forts, or local architecture. YatraNexus brand colors: navy #001b2a, orange #ff7a00, purple #4b2cff. Photorealistic, no text, no watermark. Technical: 3:2 landscape 1200×800."
karnataka-mysore-coorg-kabini-wildlife-tour-trending-6d5n-v8,package,Mysore – Coorg – Kabini Wildlife Tour ⭐ Trending,8,public/images/packages/karnataka-mysore-coorg-kabini-wildlife-tour-trending-6d5n-v8.png,"Create a photorealistic travel image for ""Mysore – Coorg – Kabini Wildlife Tour ⭐ Trending"" — 6-day Karnataka holiday package, India. Scene: wildlife safari Hampi ruins, Coorg coffee hills, Mysore palace. Style: Nature adventure — mountains, forests, rivers, wildlife hints. YatraNexus brand colors: navy #001b2a, orange #ff7a00, purple #4b2cff. Photorealistic, no text, no watermark. Technical: 3:2 landscape 1200×800."
karnataka-mysore-coorg-kabini-wildlife-tour-trending-6d5n-v9,package,Mysore – Coorg – Kabini Wildlife Tour ⭐ Trending,9,public/images/packages/karnataka-mysore-coorg-kabini-wildlife-tour-trending-6d5n-v9.png,"Create a photorealistic travel image for ""Mysore – Coorg – Kabini Wildlife Tour ⭐ Trending"" — 6-day Karnataka holiday package, India. Scene: wildlife safari Hampi ruins, Coorg coffee hills, Mysore palace. Style: Coastal or lakeside calm water reflection composition. YatraNexus brand colors: navy #001b2a, orange #ff7a00, purple #4b2cff. Photorealistic, no text, no watermark. Technical: 3:2 landscape 1200×800."
karnataka-mysore-coorg-kabini-wildlife-tour-trending-6d5n-v10,package,Mysore – Coorg – Kabini Wildlife Tour ⭐ Trending,10,public/images/packages/karnataka-mysore-coorg-kabini-wildlife-tour-trending-6d5n-v10.png,"Create a photorealistic travel image for ""Mysore – Coorg – Kabini Wildlife Tour ⭐ Trending"" — 6-day Karnataka holiday package, India. Scene: wildlife safari Hampi ruins, Coorg coffee hills, Mysore palace. Style: Clean package-card thumbnail — subject centered, minimal clutter. YatraNexus brand colors: navy #001b2a, orange #ff7a00, purple #4b2cff. Photorealistic, no text, no watermark. Technical: 3:2 landscape 1200×800."
karnataka-coastal-karnataka-escape-6d5n-v1,package,Coastal Karnataka Escape,1,public/images/packages/karnataka-coastal-karnataka-escape-6d5n-v1.png,"Create a photorealistic travel image for ""Coastal Karnataka Escape"" — 6-day Karnataka holiday package, India. Scene: coastal beaches Hampi ruins, Coorg coffee hills, Mysore palace. Style: Wide cinematic golden-hour landscape, premium travel brochure. YatraNexus brand colors: navy #001b2a, orange #ff7a00, purple #4b2cff. Photorealistic, no text, no watermark. Technical: 3:2 landscape 1200×800."
karnataka-coastal-karnataka-escape-6d5n-v2,package,Coastal Karnataka Escape,2,public/images/packages/karnataka-coastal-karnataka-escape-6d5n-v2.png,"Create a photorealistic travel image for ""Coastal Karnataka Escape"" — 6-day Karnataka holiday package, India. Scene: coastal beaches Hampi ruins, Coorg coffee hills, Mysore palace. Style: Bright daylight vibrant colors, inviting family-friendly mood. YatraNexus brand colors: navy #001b2a, orange #ff7a00, purple #4b2cff. Photorealistic, no text, no watermark. Technical: 3:2 landscape 1200×800."
karnataka-coastal-karnataka-escape-6d5n-v3,package,Coastal Karnataka Escape,3,public/images/packages/karnataka-coastal-karnataka-escape-6d5n-v3.png,"Create a photorealistic travel image for ""Coastal Karnataka Escape"" — 6-day Karnataka holiday package, India. Scene: coastal beaches Hampi ruins, Coorg coffee hills, Mysore palace. Style: Soft morning mist, peaceful serene atmosphere. YatraNexus brand colors: navy #001b2a, orange #ff7a00, purple #4b2cff. Photorealistic, no text, no watermark. Technical: 3:2 landscape 1200×800."
karnataka-coastal-karnataka-escape-6d5n-v4,package,Coastal Karnataka Escape,4,public/images/packages/karnataka-coastal-karnataka-escape-6d5n-v4.png,"Create a photorealistic travel image for ""Coastal Karnataka Escape"" — 6-day Karnataka holiday package, India. Scene: coastal beaches Hampi ruins, Coorg coffee hills, Mysore palace. Style: Dramatic sunset warm orange-pink sky, romantic mood. YatraNexus brand colors: navy #001b2a, orange #ff7a00, purple #4b2cff. Photorealistic, no text, no watermark. Technical: 3:2 landscape 1200×800."
karnataka-coastal-karnataka-escape-6d5n-v5,package,Coastal Karnataka Escape,5,public/images/packages/karnataka-coastal-karnataka-escape-6d5n-v5.png,"Create a photorealistic travel image for ""Coastal Karnataka Escape"" — 6-day Karnataka holiday package, India. Scene: coastal beaches Hampi ruins, Coorg coffee hills, Mysore palace. Style: Aerial drone bird's-eye view, epic panoramic scale. YatraNexus brand colors: navy #001b2a, orange #ff7a00, purple #4b2cff. Photorealistic, no text, no watermark. Technical: 3:2 landscape 1200×800."
karnataka-coastal-karnataka-escape-6d5n-v6,package,Coastal Karnataka Escape,6,public/images/packages/karnataka-coastal-karnataka-escape-6d5n-v6.png,"Create a photorealistic travel image for ""Coastal Karnataka Escape"" — 6-day Karnataka holiday package, India. Scene: coastal beaches Hampi ruins, Coorg coffee hills, Mysore palace. Style: Close-up iconic landmark detail, shallow depth of field. YatraNexus brand colors: navy #001b2a, orange #ff7a00, purple #4b2cff. Photorealistic, no text, no watermark. Technical: 3:2 landscape 1200×800."
karnataka-coastal-karnataka-escape-6d5n-v7,package,Coastal Karnataka Escape,7,public/images/packages/karnataka-coastal-karnataka-escape-6d5n-v7.png,"Create a photorealistic travel image for ""Coastal Karnataka Escape"" — 6-day Karnataka holiday package, India. Scene: coastal beaches Hampi ruins, Coorg coffee hills, Mysore palace. Style: Cultural heritage focus — temples, forts, or local architecture. YatraNexus brand colors: navy #001b2a, orange #ff7a00, purple #4b2cff. Photorealistic, no text, no watermark. Technical: 3:2 landscape 1200×800."
karnataka-coastal-karnataka-escape-6d5n-v8,package,Coastal Karnataka Escape,8,public/images/packages/karnataka-coastal-karnataka-escape-6d5n-v8.png,"Create a photorealistic travel image for ""Coastal Karnataka Escape"" — 6-day Karnataka holiday package, India. Scene: coastal beaches Hampi ruins, Coorg coffee hills, Mysore palace. Style: Nature adventure — mountains, forests, rivers, wildlife hints. YatraNexus brand colors: navy #001b2a, orange #ff7a00, purple #4b2cff. Photorealistic, no text, no watermark. Technical: 3:2 landscape 1200×800."
karnataka-coastal-karnataka-escape-6d5n-v9,package,Coastal Karnataka Escape,9,public/images/packages/karnataka-coastal-karnataka-escape-6d5n-v9.png,"Create a photorealistic travel image for ""Coastal Karnataka Escape"" — 6-day Karnataka holiday package, India. Scene: coastal beaches Hampi ruins, Coorg coffee hills, Mysore palace. Style: Coastal or lakeside calm water reflection composition. YatraNexus brand colors: navy #001b2a, orange #ff7a00, purple #4b2cff. Photorealistic, no text, no watermark. Technical: 3:2 landscape 1200×800."
karnataka-coastal-karnataka-escape-6d5n-v10,package,Coastal Karnataka Escape,10,public/images/packages/karnataka-coastal-karnataka-escape-6d5n-v10.png,"Create a photorealistic travel image for ""Coastal Karnataka Escape"" — 6-day Karnataka holiday package, India. Scene: coastal beaches Hampi ruins, Coorg coffee hills, Mysore palace. Style: Clean package-card thumbnail — subject centered, minimal clutter. YatraNexus brand colors: navy #001b2a, orange #ff7a00, purple #4b2cff. Photorealistic, no text, no watermark. Technical: 3:2 landscape 1200×800."
karnataka-grand-karnataka-tour-8d7n-v1,package,Grand Karnataka Tour,1,public/images/packages/karnataka-grand-karnataka-tour-8d7n-v1.png,"Create a photorealistic travel image for ""Grand Karnataka Tour"" — 8-day Karnataka holiday package, India. Scene: scenic highlights of Hampi ruins, Coorg coffee hills, Mysore palace. Style: Wide cinematic golden-hour landscape, premium travel brochure. YatraNexus brand colors: navy #001b2a, orange #ff7a00, purple #4b2cff. Photorealistic, no text, no watermark. Technical: 3:2 landscape 1200×800."
karnataka-grand-karnataka-tour-8d7n-v2,package,Grand Karnataka Tour,2,public/images/packages/karnataka-grand-karnataka-tour-8d7n-v2.png,"Create a photorealistic travel image for ""Grand Karnataka Tour"" — 8-day Karnataka holiday package, India. Scene: scenic highlights of Hampi ruins, Coorg coffee hills, Mysore palace. Style: Bright daylight vibrant colors, inviting family-friendly mood. YatraNexus brand colors: navy #001b2a, orange #ff7a00, purple #4b2cff. Photorealistic, no text, no watermark. Technical: 3:2 landscape 1200×800."
karnataka-grand-karnataka-tour-8d7n-v3,package,Grand Karnataka Tour,3,public/images/packages/karnataka-grand-karnataka-tour-8d7n-v3.png,"Create a photorealistic travel image for ""Grand Karnataka Tour"" — 8-day Karnataka holiday package, India. Scene: scenic highlights of Hampi ruins, Coorg coffee hills, Mysore palace. Style: Soft morning mist, peaceful serene atmosphere. YatraNexus brand colors: navy #001b2a, orange #ff7a00, purple #4b2cff. Photorealistic, no text, no watermark. Technical: 3:2 landscape 1200×800."
karnataka-grand-karnataka-tour-8d7n-v4,package,Grand Karnataka Tour,4,public/images/packages/karnataka-grand-karnataka-tour-8d7n-v4.png,"Create a photorealistic travel image for ""Grand Karnataka Tour"" — 8-day Karnataka holiday package, India. Scene: scenic highlights of Hampi ruins, Coorg coffee hills, Mysore palace. Style: Dramatic sunset warm orange-pink sky, romantic mood. YatraNexus brand colors: navy #001b2a, orange #ff7a00, purple #4b2cff. Photorealistic, no text, no watermark. Technical: 3:2 landscape 1200×800."
karnataka-grand-karnataka-tour-8d7n-v5,package,Grand Karnataka Tour,5,public/images/packages/karnataka-grand-karnataka-tour-8d7n-v5.png,"Create a photorealistic travel image for ""Grand Karnataka Tour"" — 8-day Karnataka holiday package, India. Scene: scenic highlights of Hampi ruins, Coorg coffee hills, Mysore palace. Style: Aerial drone bird's-eye view, epic panoramic scale. YatraNexus brand colors: navy #001b2a, orange #ff7a00, purple #4b2cff. Photorealistic, no text, no watermark. Technical: 3:2 landscape 1200×800."
karnataka-grand-karnataka-tour-8d7n-v6,package,Grand Karnataka Tour,6,public/images/packages/karnataka-grand-karnataka-tour-8d7n-v6.png,"Create a photorealistic travel image for ""Grand Karnataka Tour"" — 8-day Karnataka holiday package, India. Scene: scenic highlights of Hampi ruins, Coorg coffee hills, Mysore palace. Style: Close-up iconic landmark detail, shallow depth of field. YatraNexus brand colors: navy #001b2a, orange #ff7a00, purple #4b2cff. Photorealistic, no text, no watermark. Technical: 3:2 landscape 1200×800."
karnataka-grand-karnataka-tour-8d7n-v7,package,Grand Karnataka Tour,7,public/images/packages/karnataka-grand-karnataka-tour-8d7n-v7.png,"Create a photorealistic travel image for ""Grand Karnataka Tour"" — 8-day Karnataka holiday package, India. Scene: scenic highlights of Hampi ruins, Coorg coffee hills, Mysore palace. Style: Cultural heritage focus — temples, forts, or local architecture. YatraNexus brand colors: navy #001b2a, orange #ff7a00, purple #4b2cff. Photorealistic, no text, no watermark. Technical: 3:2 landscape 1200×800."
karnataka-grand-karnataka-tour-8d7n-v8,package,Grand Karnataka Tour,8,public/images/packages/karnataka-grand-karnataka-tour-8d7n-v8.png,"Create a photorealistic travel image for ""Grand Karnataka Tour"" — 8-day Karnataka holiday package, India. Scene: scenic highlights of Hampi ruins, Coorg coffee hills, Mysore palace. Style: Nature adventure — mountains, forests, rivers, wildlife hints. YatraNexus brand colors: navy #001b2a, orange #ff7a00, purple #4b2cff. Photorealistic, no text, no watermark. Technical: 3:2 landscape 1200×800."
karnataka-grand-karnataka-tour-8d7n-v9,package,Grand Karnataka Tour,9,public/images/packages/karnataka-grand-karnataka-tour-8d7n-v9.png,"Create a photorealistic travel image for ""Grand Karnataka Tour"" — 8-day Karnataka holiday package, India. Scene: scenic highlights of Hampi ruins, Coorg coffee hills, Mysore palace. Style: Coastal or lakeside calm water reflection composition. YatraNexus brand colors: navy #001b2a, orange #ff7a00, purple #4b2cff. Photorealistic, no text, no watermark. Technical: 3:2 landscape 1200×800."
karnataka-grand-karnataka-tour-8d7n-v10,package,Grand Karnataka Tour,10,public/images/packages/karnataka-grand-karnataka-tour-8d7n-v10.png,"Create a photorealistic travel image for ""Grand Karnataka Tour"" — 8-day Karnataka holiday package, India. Scene: scenic highlights of Hampi ruins, Coorg coffee hills, Mysore palace. Style: Clean package-card thumbnail — subject centered, minimal clutter. YatraNexus brand colors: navy #001b2a, orange #ff7a00, purple #4b2cff. Photorealistic, no text, no watermark. Technical: 3:2 landscape 1200×800."
maharashtra-mumbai-city-tour-package-3d2n-v1,package,Mumbai City Tour Package,1,public/images/packages/maharashtra-mumbai-city-tour-package-3d2n-v1.png,"Create a photorealistic travel image for ""Mumbai City Tour Package"" — 3-day Maharashtra holiday package, India. Scene: scenic highlights of Mumbai gateway, Ajanta Ellora caves, hill stations. Style: Wide cinematic golden-hour landscape, premium travel brochure. YatraNexus brand colors: navy #001b2a, orange #ff7a00, purple #4b2cff. Photorealistic, no text, no watermark. Technical: 3:2 landscape 1200×800."
maharashtra-mumbai-city-tour-package-3d2n-v2,package,Mumbai City Tour Package,2,public/images/packages/maharashtra-mumbai-city-tour-package-3d2n-v2.png,"Create a photorealistic travel image for ""Mumbai City Tour Package"" — 3-day Maharashtra holiday package, India. Scene: scenic highlights of Mumbai gateway, Ajanta Ellora caves, hill stations. Style: Bright daylight vibrant colors, inviting family-friendly mood. YatraNexus brand colors: navy #001b2a, orange #ff7a00, purple #4b2cff. Photorealistic, no text, no watermark. Technical: 3:2 landscape 1200×800."
maharashtra-mumbai-city-tour-package-3d2n-v3,package,Mumbai City Tour Package,3,public/images/packages/maharashtra-mumbai-city-tour-package-3d2n-v3.png,"Create a photorealistic travel image for ""Mumbai City Tour Package"" — 3-day Maharashtra holiday package, India. Scene: scenic highlights of Mumbai gateway, Ajanta Ellora caves, hill stations. Style: Soft morning mist, peaceful serene atmosphere. YatraNexus brand colors: navy #001b2a, orange #ff7a00, purple #4b2cff. Photorealistic, no text, no watermark. Technical: 3:2 landscape 1200×800."
maharashtra-mumbai-city-tour-package-3d2n-v4,package,Mumbai City Tour Package,4,public/images/packages/maharashtra-mumbai-city-tour-package-3d2n-v4.png,"Create a photorealistic travel image for ""Mumbai City Tour Package"" — 3-day Maharashtra holiday package, India. Scene: scenic highlights of Mumbai gateway, Ajanta Ellora caves, hill stations. Style: Dramatic sunset warm orange-pink sky, romantic mood. YatraNexus brand colors: navy #001b2a, orange #ff7a00, purple #4b2cff. Photorealistic, no text, no watermark. Technical: 3:2 landscape 1200×800."
maharashtra-mumbai-city-tour-package-3d2n-v5,package,Mumbai City Tour Package,5,public/images/packages/maharashtra-mumbai-city-tour-package-3d2n-v5.png,"Create a photorealistic travel image for ""Mumbai City Tour Package"" — 3-day Maharashtra holiday package, India. Scene: scenic highlights of Mumbai gateway, Ajanta Ellora caves, hill stations. Style: Aerial drone bird's-eye view, epic panoramic scale. YatraNexus brand colors: navy #001b2a, orange #ff7a00, purple #4b2cff. Photorealistic, no text, no watermark. Technical: 3:2 landscape 1200×800."
maharashtra-mumbai-city-tour-package-3d2n-v6,package,Mumbai City Tour Package,6,public/images/packages/maharashtra-mumbai-city-tour-package-3d2n-v6.png,"Create a photorealistic travel image for ""Mumbai City Tour Package"" — 3-day Maharashtra holiday package, India. Scene: scenic highlights of Mumbai gateway, Ajanta Ellora caves, hill stations. Style: Close-up iconic landmark detail, shallow depth of field. YatraNexus brand colors: navy #001b2a, orange #ff7a00, purple #4b2cff. Photorealistic, no text, no watermark. Technical: 3:2 landscape 1200×800."
maharashtra-mumbai-city-tour-package-3d2n-v7,package,Mumbai City Tour Package,7,public/images/packages/maharashtra-mumbai-city-tour-package-3d2n-v7.png,"Create a photorealistic travel image for ""Mumbai City Tour Package"" — 3-day Maharashtra holiday package, India. Scene: scenic highlights of Mumbai gateway, Ajanta Ellora caves, hill stations. Style: Cultural heritage focus — temples, forts, or local architecture. YatraNexus brand colors: navy #001b2a, orange #ff7a00, purple #4b2cff. Photorealistic, no text, no watermark. Technical: 3:2 landscape 1200×800."
maharashtra-mumbai-city-tour-package-3d2n-v8,package,Mumbai City Tour Package,8,public/images/packages/maharashtra-mumbai-city-tour-package-3d2n-v8.png,"Create a photorealistic travel image for ""Mumbai City Tour Package"" — 3-day Maharashtra holiday package, India. Scene: scenic highlights of Mumbai gateway, Ajanta Ellora caves, hill stations. Style: Nature adventure — mountains, forests, rivers, wildlife hints. YatraNexus brand colors: navy #001b2a, orange #ff7a00, purple #4b2cff. Photorealistic, no text, no watermark. Technical: 3:2 landscape 1200×800."
maharashtra-mumbai-city-tour-package-3d2n-v9,package,Mumbai City Tour Package,9,public/images/packages/maharashtra-mumbai-city-tour-package-3d2n-v9.png,"Create a photorealistic travel image for ""Mumbai City Tour Package"" — 3-day Maharashtra holiday package, India. Scene: scenic highlights of Mumbai gateway, Ajanta Ellora caves, hill stations. Style: Coastal or lakeside calm water reflection composition. YatraNexus brand colors: navy #001b2a, orange #ff7a00, purple #4b2cff. Photorealistic, no text, no watermark. Technical: 3:2 landscape 1200×800."
maharashtra-mumbai-city-tour-package-3d2n-v10,package,Mumbai City Tour Package,10,public/images/packages/maharashtra-mumbai-city-tour-package-3d2n-v10.png,"Create a photorealistic travel image for ""Mumbai City Tour Package"" — 3-day Maharashtra holiday package, India. Scene: scenic highlights of Mumbai gateway, Ajanta Ellora caves, hill stations. Style: Clean package-card thumbnail — subject centered, minimal clutter. YatraNexus brand colors: navy #001b2a, orange #ff7a00, purple #4b2cff. Photorealistic, no text, no watermark. Technical: 3:2 landscape 1200×800."
maharashtra-lonavala-khandala-weekend-tour-3d2n-v1,package,Lonavala – Khandala Weekend Tour,1,public/images/packages/maharashtra-lonavala-khandala-weekend-tour-3d2n-v1.png,"Create a photorealistic travel image for ""Lonavala – Khandala Weekend Tour"" — 3-day Maharashtra holiday package, India. Scene: scenic highlights of Mumbai gateway, Ajanta Ellora caves, hill stations. Style: Wide cinematic golden-hour landscape, premium travel brochure. YatraNexus brand colors: navy #001b2a, orange #ff7a00, purple #4b2cff. Photorealistic, no text, no watermark. Technical: 3:2 landscape 1200×800."
maharashtra-lonavala-khandala-weekend-tour-3d2n-v2,package,Lonavala – Khandala Weekend Tour,2,public/images/packages/maharashtra-lonavala-khandala-weekend-tour-3d2n-v2.png,"Create a photorealistic travel image for ""Lonavala – Khandala Weekend Tour"" — 3-day Maharashtra holiday package, India. Scene: scenic highlights of Mumbai gateway, Ajanta Ellora caves, hill stations. Style: Bright daylight vibrant colors, inviting family-friendly mood. YatraNexus brand colors: navy #001b2a, orange #ff7a00, purple #4b2cff. Photorealistic, no text, no watermark. Technical: 3:2 landscape 1200×800."
maharashtra-lonavala-khandala-weekend-tour-3d2n-v3,package,Lonavala – Khandala Weekend Tour,3,public/images/packages/maharashtra-lonavala-khandala-weekend-tour-3d2n-v3.png,"Create a photorealistic travel image for ""Lonavala – Khandala Weekend Tour"" — 3-day Maharashtra holiday package, India. Scene: scenic highlights of Mumbai gateway, Ajanta Ellora caves, hill stations. Style: Soft morning mist, peaceful serene atmosphere. YatraNexus brand colors: navy #001b2a, orange #ff7a00, purple #4b2cff. Photorealistic, no text, no watermark. Technical: 3:2 landscape 1200×800."
maharashtra-lonavala-khandala-weekend-tour-3d2n-v4,package,Lonavala – Khandala Weekend Tour,4,public/images/packages/maharashtra-lonavala-khandala-weekend-tour-3d2n-v4.png,"Create a photorealistic travel image for ""Lonavala – Khandala Weekend Tour"" — 3-day Maharashtra holiday package, India. Scene: scenic highlights of Mumbai gateway, Ajanta Ellora caves, hill stations. Style: Dramatic sunset warm orange-pink sky, romantic mood. YatraNexus brand colors: navy #001b2a, orange #ff7a00, purple #4b2cff. Photorealistic, no text, no watermark. Technical: 3:2 landscape 1200×800."
maharashtra-lonavala-khandala-weekend-tour-3d2n-v5,package,Lonavala – Khandala Weekend Tour,5,public/images/packages/maharashtra-lonavala-khandala-weekend-tour-3d2n-v5.png,"Create a photorealistic travel image for ""Lonavala – Khandala Weekend Tour"" — 3-day Maharashtra holiday package, India. Scene: scenic highlights of Mumbai gateway, Ajanta Ellora caves, hill stations. Style: Aerial drone bird's-eye view, epic panoramic scale. YatraNexus brand colors: navy #001b2a, orange #ff7a00, purple #4b2cff. Photorealistic, no text, no watermark. Technical: 3:2 landscape 1200×800."
maharashtra-lonavala-khandala-weekend-tour-3d2n-v6,package,Lonavala – Khandala Weekend Tour,6,public/images/packages/maharashtra-lonavala-khandala-weekend-tour-3d2n-v6.png,"Create a photorealistic travel image for ""Lonavala – Khandala Weekend Tour"" — 3-day Maharashtra holiday package, India. Scene: scenic highlights of Mumbai gateway, Ajanta Ellora caves, hill stations. Style: Close-up iconic landmark detail, shallow depth of field. YatraNexus brand colors: navy #001b2a, orange #ff7a00, purple #4b2cff. Photorealistic, no text, no watermark. Technical: 3:2 landscape 1200×800."
maharashtra-lonavala-khandala-weekend-tour-3d2n-v7,package,Lonavala – Khandala Weekend Tour,7,public/images/packages/maharashtra-lonavala-khandala-weekend-tour-3d2n-v7.png,"Create a photorealistic travel image for ""Lonavala – Khandala Weekend Tour"" — 3-day Maharashtra holiday package, India. Scene: scenic highlights of Mumbai gateway, Ajanta Ellora caves, hill stations. Style: Cultural heritage focus — temples, forts, or local architecture. YatraNexus brand colors: navy #001b2a, orange #ff7a00, purple #4b2cff. Photorealistic, no text, no watermark. Technical: 3:2 landscape 1200×800."
maharashtra-lonavala-khandala-weekend-tour-3d2n-v8,package,Lonavala – Khandala Weekend Tour,8,public/images/packages/maharashtra-lonavala-khandala-weekend-tour-3d2n-v8.png,"Create a photorealistic travel image for ""Lonavala – Khandala Weekend Tour"" — 3-day Maharashtra holiday package, India. Scene: scenic highlights of Mumbai gateway, Ajanta Ellora caves, hill stations. Style: Nature adventure — mountains, forests, rivers, wildlife hints. YatraNexus brand colors: navy #001b2a, orange #ff7a00, purple #4b2cff. Photorealistic, no text, no watermark. Technical: 3:2 landscape 1200×800."
maharashtra-lonavala-khandala-weekend-tour-3d2n-v9,package,Lonavala – Khandala Weekend Tour,9,public/images/packages/maharashtra-lonavala-khandala-weekend-tour-3d2n-v9.png,"Create a photorealistic travel image for ""Lonavala – Khandala Weekend Tour"" — 3-day Maharashtra holiday package, India. Scene: scenic highlights of Mumbai gateway, Ajanta Ellora caves, hill stations. Style: Coastal or lakeside calm water reflection composition. YatraNexus brand colors: navy #001b2a, orange #ff7a00, purple #4b2cff. Photorealistic, no text, no watermark. Technical: 3:2 landscape 1200×800."
maharashtra-lonavala-khandala-weekend-tour-3d2n-v10,package,Lonavala – Khandala Weekend Tour,10,public/images/packages/maharashtra-lonavala-khandala-weekend-tour-3d2n-v10.png,"Create a photorealistic travel image for ""Lonavala – Khandala Weekend Tour"" — 3-day Maharashtra holiday package, India. Scene: scenic highlights of Mumbai gateway, Ajanta Ellora caves, hill stations. Style: Clean package-card thumbnail — subject centered, minimal clutter. YatraNexus brand colors: navy #001b2a, orange #ff7a00, purple #4b2cff. Photorealistic, no text, no watermark. Technical: 3:2 landscape 1200×800."
maharashtra-mahabaleshwar-panchgani-hill-station-tour-4d3n-v1,package,Mahabaleshwar – Panchgani Hill Station Tour,1,public/images/packages/maharashtra-mahabaleshwar-panchgani-hill-station-tour-4d3n-v1.png,"Create a photorealistic travel image for ""Mahabaleshwar – Panchgani Hill Station Tour"" — 4-day Maharashtra holiday package, India. Scene: scenic highlights of Mumbai gateway, Ajanta Ellora caves, hill stations. Style: Wide cinematic golden-hour landscape, premium travel brochure. YatraNexus brand colors: navy #001b2a, orange #ff7a00, purple #4b2cff. Photorealistic, no text, no watermark. Technical: 3:2 landscape 1200×800."
maharashtra-mahabaleshwar-panchgani-hill-station-tour-4d3n-v2,package,Mahabaleshwar – Panchgani Hill Station Tour,2,public/images/packages/maharashtra-mahabaleshwar-panchgani-hill-station-tour-4d3n-v2.png,"Create a photorealistic travel image for ""Mahabaleshwar – Panchgani Hill Station Tour"" — 4-day Maharashtra holiday package, India. Scene: scenic highlights of Mumbai gateway, Ajanta Ellora caves, hill stations. Style: Bright daylight vibrant colors, inviting family-friendly mood. YatraNexus brand colors: navy #001b2a, orange #ff7a00, purple #4b2cff. Photorealistic, no text, no watermark. Technical: 3:2 landscape 1200×800."
maharashtra-mahabaleshwar-panchgani-hill-station-tour-4d3n-v3,package,Mahabaleshwar – Panchgani Hill Station Tour,3,public/images/packages/maharashtra-mahabaleshwar-panchgani-hill-station-tour-4d3n-v3.png,"Create a photorealistic travel image for ""Mahabaleshwar – Panchgani Hill Station Tour"" — 4-day Maharashtra holiday package, India. Scene: scenic highlights of Mumbai gateway, Ajanta Ellora caves, hill stations. Style: Soft morning mist, peaceful serene atmosphere. YatraNexus brand colors: navy #001b2a, orange #ff7a00, purple #4b2cff. Photorealistic, no text, no watermark. Technical: 3:2 landscape 1200×800."
maharashtra-mahabaleshwar-panchgani-hill-station-tour-4d3n-v4,package,Mahabaleshwar – Panchgani Hill Station Tour,4,public/images/packages/maharashtra-mahabaleshwar-panchgani-hill-station-tour-4d3n-v4.png,"Create a photorealistic travel image for ""Mahabaleshwar – Panchgani Hill Station Tour"" — 4-day Maharashtra holiday package, India. Scene: scenic highlights of Mumbai gateway, Ajanta Ellora caves, hill stations. Style: Dramatic sunset warm orange-pink sky, romantic mood. YatraNexus brand colors: navy #001b2a, orange #ff7a00, purple #4b2cff. Photorealistic, no text, no watermark. Technical: 3:2 landscape 1200×800."
maharashtra-mahabaleshwar-panchgani-hill-station-tour-4d3n-v5,package,Mahabaleshwar – Panchgani Hill Station Tour,5,public/images/packages/maharashtra-mahabaleshwar-panchgani-hill-station-tour-4d3n-v5.png,"Create a photorealistic travel image for ""Mahabaleshwar – Panchgani Hill Station Tour"" — 4-day Maharashtra holiday package, India. Scene: scenic highlights of Mumbai gateway, Ajanta Ellora caves, hill stations. Style: Aerial drone bird's-eye view, epic panoramic scale. YatraNexus brand colors: navy #001b2a, orange #ff7a00, purple #4b2cff. Photorealistic, no text, no watermark. Technical: 3:2 landscape 1200×800."
maharashtra-mahabaleshwar-panchgani-hill-station-tour-4d3n-v6,package,Mahabaleshwar – Panchgani Hill Station Tour,6,public/images/packages/maharashtra-mahabaleshwar-panchgani-hill-station-tour-4d3n-v6.png,"Create a photorealistic travel image for ""Mahabaleshwar – Panchgani Hill Station Tour"" — 4-day Maharashtra holiday package, India. Scene: scenic highlights of Mumbai gateway, Ajanta Ellora caves, hill stations. Style: Close-up iconic landmark detail, shallow depth of field. YatraNexus brand colors: navy #001b2a, orange #ff7a00, purple #4b2cff. Photorealistic, no text, no watermark. Technical: 3:2 landscape 1200×800."
maharashtra-mahabaleshwar-panchgani-hill-station-tour-4d3n-v7,package,Mahabaleshwar – Panchgani Hill Station Tour,7,public/images/packages/maharashtra-mahabaleshwar-panchgani-hill-station-tour-4d3n-v7.png,"Create a photorealistic travel image for ""Mahabaleshwar – Panchgani Hill Station Tour"" — 4-day Maharashtra holiday package, India. Scene: scenic highlights of Mumbai gateway, Ajanta Ellora caves, hill stations. Style: Cultural heritage focus — temples, forts, or local architecture. YatraNexus brand colors: navy #001b2a, orange #ff7a00, purple #4b2cff. Photorealistic, no text, no watermark. Technical: 3:2 landscape 1200×800."
maharashtra-mahabaleshwar-panchgani-hill-station-tour-4d3n-v8,package,Mahabaleshwar – Panchgani Hill Station Tour,8,public/images/packages/maharashtra-mahabaleshwar-panchgani-hill-station-tour-4d3n-v8.png,"Create a photorealistic travel image for ""Mahabaleshwar – Panchgani Hill Station Tour"" — 4-day Maharashtra holiday package, India. Scene: scenic highlights of Mumbai gateway, Ajanta Ellora caves, hill stations. Style: Nature adventure — mountains, forests, rivers, wildlife hints. YatraNexus brand colors: navy #001b2a, orange #ff7a00, purple #4b2cff. Photorealistic, no text, no watermark. Technical: 3:2 landscape 1200×800."
maharashtra-mahabaleshwar-panchgani-hill-station-tour-4d3n-v9,package,Mahabaleshwar – Panchgani Hill Station Tour,9,public/images/packages/maharashtra-mahabaleshwar-panchgani-hill-station-tour-4d3n-v9.png,"Create a photorealistic travel image for ""Mahabaleshwar – Panchgani Hill Station Tour"" — 4-day Maharashtra holiday package, India. Scene: scenic highlights of Mumbai gateway, Ajanta Ellora caves, hill stations. Style: Coastal or lakeside calm water reflection composition. YatraNexus brand colors: navy #001b2a, orange #ff7a00, purple #4b2cff. Photorealistic, no text, no watermark. Technical: 3:2 landscape 1200×800."
maharashtra-mahabaleshwar-panchgani-hill-station-tour-4d3n-v10,package,Mahabaleshwar – Panchgani Hill Station Tour,10,public/images/packages/maharashtra-mahabaleshwar-panchgani-hill-station-tour-4d3n-v10.png,"Create a photorealistic travel image for ""Mahabaleshwar – Panchgani Hill Station Tour"" — 4-day Maharashtra holiday package, India. Scene: scenic highlights of Mumbai gateway, Ajanta Ellora caves, hill stations. Style: Clean package-card thumbnail — subject centered, minimal clutter. YatraNexus brand colors: navy #001b2a, orange #ff7a00, purple #4b2cff. Photorealistic, no text, no watermark. Technical: 3:2 landscape 1200×800."
maharashtra-shirdi-shani-shingnapur-spiritual-tour-3d2n-v1,package,Shirdi – Shani Shingnapur Spiritual Tour,1,public/images/packages/maharashtra-shirdi-shani-shingnapur-spiritual-tour-3d2n-v1.png,"Create a photorealistic travel image for ""Shirdi – Shani Shingnapur Spiritual Tour"" — 3-day Maharashtra holiday package, India. Scene: scenic highlights of Mumbai gateway, Ajanta Ellora caves, hill stations. Style: Wide cinematic golden-hour landscape, premium travel brochure. YatraNexus brand colors: navy #001b2a, orange #ff7a00, purple #4b2cff. Photorealistic, no text, no watermark. Technical: 3:2 landscape 1200×800."
maharashtra-shirdi-shani-shingnapur-spiritual-tour-3d2n-v2,package,Shirdi – Shani Shingnapur Spiritual Tour,2,public/images/packages/maharashtra-shirdi-shani-shingnapur-spiritual-tour-3d2n-v2.png,"Create a photorealistic travel image for ""Shirdi – Shani Shingnapur Spiritual Tour"" — 3-day Maharashtra holiday package, India. Scene: scenic highlights of Mumbai gateway, Ajanta Ellora caves, hill stations. Style: Bright daylight vibrant colors, inviting family-friendly mood. YatraNexus brand colors: navy #001b2a, orange #ff7a00, purple #4b2cff. Photorealistic, no text, no watermark. Technical: 3:2 landscape 1200×800."
maharashtra-shirdi-shani-shingnapur-spiritual-tour-3d2n-v3,package,Shirdi – Shani Shingnapur Spiritual Tour,3,public/images/packages/maharashtra-shirdi-shani-shingnapur-spiritual-tour-3d2n-v3.png,"Create a photorealistic travel image for ""Shirdi – Shani Shingnapur Spiritual Tour"" — 3-day Maharashtra holiday package, India. Scene: scenic highlights of Mumbai gateway, Ajanta Ellora caves, hill stations. Style: Soft morning mist, peaceful serene atmosphere. YatraNexus brand colors: navy #001b2a, orange #ff7a00, purple #4b2cff. Photorealistic, no text, no watermark. Technical: 3:2 landscape 1200×800."
maharashtra-shirdi-shani-shingnapur-spiritual-tour-3d2n-v4,package,Shirdi – Shani Shingnapur Spiritual Tour,4,public/images/packages/maharashtra-shirdi-shani-shingnapur-spiritual-tour-3d2n-v4.png,"Create a photorealistic travel image for ""Shirdi – Shani Shingnapur Spiritual Tour"" — 3-day Maharashtra holiday package, India. Scene: scenic highlights of Mumbai gateway, Ajanta Ellora caves, hill stations. Style: Dramatic sunset warm orange-pink sky, romantic mood. YatraNexus brand colors: navy #001b2a, orange #ff7a00, purple #4b2cff. Photorealistic, no text, no watermark. Technical: 3:2 landscape 1200×800."
maharashtra-shirdi-shani-shingnapur-spiritual-tour-3d2n-v5,package,Shirdi – Shani Shingnapur Spiritual Tour,5,public/images/packages/maharashtra-shirdi-shani-shingnapur-spiritual-tour-3d2n-v5.png,"Create a photorealistic travel image for ""Shirdi – Shani Shingnapur Spiritual Tour"" — 3-day Maharashtra holiday package, India. Scene: scenic highlights of Mumbai gateway, Ajanta Ellora caves, hill stations. Style: Aerial drone bird's-eye view, epic panoramic scale. YatraNexus brand colors: navy #001b2a, orange #ff7a00, purple #4b2cff. Photorealistic, no text, no watermark. Technical: 3:2 landscape 1200×800."
maharashtra-shirdi-shani-shingnapur-spiritual-tour-3d2n-v6,package,Shirdi – Shani Shingnapur Spiritual Tour,6,public/images/packages/maharashtra-shirdi-shani-shingnapur-spiritual-tour-3d2n-v6.png,"Create a photorealistic travel image for ""Shirdi – Shani Shingnapur Spiritual Tour"" — 3-day Maharashtra holiday package, India. Scene: scenic highlights of Mumbai gateway, Ajanta Ellora caves, hill stations. Style: Close-up iconic landmark detail, shallow depth of field. YatraNexus brand colors: navy #001b2a, orange #ff7a00, purple #4b2cff. Photorealistic, no text, no watermark. Technical: 3:2 landscape 1200×800."
maharashtra-shirdi-shani-shingnapur-spiritual-tour-3d2n-v7,package,Shirdi – Shani Shingnapur Spiritual Tour,7,public/images/packages/maharashtra-shirdi-shani-shingnapur-spiritual-tour-3d2n-v7.png,"Create a photorealistic travel image for ""Shirdi – Shani Shingnapur Spiritual Tour"" — 3-day Maharashtra holiday package, India. Scene: scenic highlights of Mumbai gateway, Ajanta Ellora caves, hill stations. Style: Cultural heritage focus — temples, forts, or local architecture. YatraNexus brand colors: navy #001b2a, orange #ff7a00, purple #4b2cff. Photorealistic, no text, no watermark. Technical: 3:2 landscape 1200×800."
maharashtra-shirdi-shani-shingnapur-spiritual-tour-3d2n-v8,package,Shirdi – Shani Shingnapur Spiritual Tour,8,public/images/packages/maharashtra-shirdi-shani-shingnapur-spiritual-tour-3d2n-v8.png,"Create a photorealistic travel image for ""Shirdi – Shani Shingnapur Spiritual Tour"" — 3-day Maharashtra holiday package, India. Scene: scenic highlights of Mumbai gateway, Ajanta Ellora caves, hill stations. Style: Nature adventure — mountains, forests, rivers, wildlife hints. YatraNexus brand colors: navy #001b2a, orange #ff7a00, purple #4b2cff. Photorealistic, no text, no watermark. Technical: 3:2 landscape 1200×800."
maharashtra-shirdi-shani-shingnapur-spiritual-tour-3d2n-v9,package,Shirdi – Shani Shingnapur Spiritual Tour,9,public/images/packages/maharashtra-shirdi-shani-shingnapur-spiritual-tour-3d2n-v9.png,"Create a photorealistic travel image for ""Shirdi – Shani Shingnapur Spiritual Tour"" — 3-day Maharashtra holiday package, India. Scene: scenic highlights of Mumbai gateway, Ajanta Ellora caves, hill stations. Style: Coastal or lakeside calm water reflection composition. YatraNexus brand colors: navy #001b2a, orange #ff7a00, purple #4b2cff. Photorealistic, no text, no watermark. Technical: 3:2 landscape 1200×800."
maharashtra-shirdi-shani-shingnapur-spiritual-tour-3d2n-v10,package,Shirdi – Shani Shingnapur Spiritual Tour,10,public/images/packages/maharashtra-shirdi-shani-shingnapur-spiritual-tour-3d2n-v10.png,"Create a photorealistic travel image for ""Shirdi – Shani Shingnapur Spiritual Tour"" — 3-day Maharashtra holiday package, India. Scene: scenic highlights of Mumbai gateway, Ajanta Ellora caves, hill stations. Style: Clean package-card thumbnail — subject centered, minimal clutter. YatraNexus brand colors: navy #001b2a, orange #ff7a00, purple #4b2cff. Photorealistic, no text, no watermark. Technical: 3:2 landscape 1200×800."
maharashtra-tadoba-wildlife-safari-tour-4d3n-v1,package,Tadoba Wildlife Safari Tour,1,public/images/packages/maharashtra-tadoba-wildlife-safari-tour-4d3n-v1.png,"Create a photorealistic travel image for ""Tadoba Wildlife Safari Tour"" — 4-day Maharashtra holiday package, India. Scene: wildlife safari Mumbai gateway, Ajanta Ellora caves, hill stations. Style: Wide cinematic golden-hour landscape, premium travel brochure. YatraNexus brand colors: navy #001b2a, orange #ff7a00, purple #4b2cff. Photorealistic, no text, no watermark. Technical: 3:2 landscape 1200×800."
maharashtra-tadoba-wildlife-safari-tour-4d3n-v2,package,Tadoba Wildlife Safari Tour,2,public/images/packages/maharashtra-tadoba-wildlife-safari-tour-4d3n-v2.png,"Create a photorealistic travel image for ""Tadoba Wildlife Safari Tour"" — 4-day Maharashtra holiday package, India. Scene: wildlife safari Mumbai gateway, Ajanta Ellora caves, hill stations. Style: Bright daylight vibrant colors, inviting family-friendly mood. YatraNexus brand colors: navy #001b2a, orange #ff7a00, purple #4b2cff. Photorealistic, no text, no watermark. Technical: 3:2 landscape 1200×800."
maharashtra-tadoba-wildlife-safari-tour-4d3n-v3,package,Tadoba Wildlife Safari Tour,3,public/images/packages/maharashtra-tadoba-wildlife-safari-tour-4d3n-v3.png,"Create a photorealistic travel image for ""Tadoba Wildlife Safari Tour"" — 4-day Maharashtra holiday package, India. Scene: wildlife safari Mumbai gateway, Ajanta Ellora caves, hill stations. Style: Soft morning mist, peaceful serene atmosphere. YatraNexus brand colors: navy #001b2a, orange #ff7a00, purple #4b2cff. Photorealistic, no text, no watermark. Technical: 3:2 landscape 1200×800."
maharashtra-tadoba-wildlife-safari-tour-4d3n-v4,package,Tadoba Wildlife Safari Tour,4,public/images/packages/maharashtra-tadoba-wildlife-safari-tour-4d3n-v4.png,"Create a photorealistic travel image for ""Tadoba Wildlife Safari Tour"" — 4-day Maharashtra holiday package, India. Scene: wildlife safari Mumbai gateway, Ajanta Ellora caves, hill stations. Style: Dramatic sunset warm orange-pink sky, romantic mood. YatraNexus brand colors: navy #001b2a, orange #ff7a00, purple #4b2cff. Photorealistic, no text, no watermark. Technical: 3:2 landscape 1200×800."
maharashtra-tadoba-wildlife-safari-tour-4d3n-v5,package,Tadoba Wildlife Safari Tour,5,public/images/packages/maharashtra-tadoba-wildlife-safari-tour-4d3n-v5.png,"Create a photorealistic travel image for ""Tadoba Wildlife Safari Tour"" — 4-day Maharashtra holiday package, India. Scene: wildlife safari Mumbai gateway, Ajanta Ellora caves, hill stations. Style: Aerial drone bird's-eye view, epic panoramic scale. YatraNexus brand colors: navy #001b2a, orange #ff7a00, purple #4b2cff. Photorealistic, no text, no watermark. Technical: 3:2 landscape 1200×800."
maharashtra-tadoba-wildlife-safari-tour-4d3n-v6,package,Tadoba Wildlife Safari Tour,6,public/images/packages/maharashtra-tadoba-wildlife-safari-tour-4d3n-v6.png,"Create a photorealistic travel image for ""Tadoba Wildlife Safari Tour"" — 4-day Maharashtra holiday package, India. Scene: wildlife safari Mumbai gateway, Ajanta Ellora caves, hill stations. Style: Close-up iconic landmark detail, shallow depth of field. YatraNexus brand colors: navy #001b2a, orange #ff7a00, purple #4b2cff. Photorealistic, no text, no watermark. Technical: 3:2 landscape 1200×800."
maharashtra-tadoba-wildlife-safari-tour-4d3n-v7,package,Tadoba Wildlife Safari Tour,7,public/images/packages/maharashtra-tadoba-wildlife-safari-tour-4d3n-v7.png,"Create a photorealistic travel image for ""Tadoba Wildlife Safari Tour"" — 4-day Maharashtra holiday package, India. Scene: wildlife safari Mumbai gateway, Ajanta Ellora caves, hill stations. Style: Cultural heritage focus — temples, forts, or local architecture. YatraNexus brand colors: navy #001b2a, orange #ff7a00, purple #4b2cff. Photorealistic, no text, no watermark. Technical: 3:2 landscape 1200×800."
maharashtra-tadoba-wildlife-safari-tour-4d3n-v8,package,Tadoba Wildlife Safari Tour,8,public/images/packages/maharashtra-tadoba-wildlife-safari-tour-4d3n-v8.png,"Create a photorealistic travel image for ""Tadoba Wildlife Safari Tour"" — 4-day Maharashtra holiday package, India. Scene: wildlife safari Mumbai gateway, Ajanta Ellora caves, hill stations. Style: Nature adventure — mountains, forests, rivers, wildlife hints. YatraNexus brand colors: navy #001b2a, orange #ff7a00, purple #4b2cff. Photorealistic, no text, no watermark. Technical: 3:2 landscape 1200×800."
maharashtra-tadoba-wildlife-safari-tour-4d3n-v9,package,Tadoba Wildlife Safari Tour,9,public/images/packages/maharashtra-tadoba-wildlife-safari-tour-4d3n-v9.png,"Create a photorealistic travel image for ""Tadoba Wildlife Safari Tour"" — 4-day Maharashtra holiday package, India. Scene: wildlife safari Mumbai gateway, Ajanta Ellora caves, hill stations. Style: Coastal or lakeside calm water reflection composition. YatraNexus brand colors: navy #001b2a, orange #ff7a00, purple #4b2cff. Photorealistic, no text, no watermark. Technical: 3:2 landscape 1200×800."
maharashtra-tadoba-wildlife-safari-tour-4d3n-v10,package,Tadoba Wildlife Safari Tour,10,public/images/packages/maharashtra-tadoba-wildlife-safari-tour-4d3n-v10.png,"Create a photorealistic travel image for ""Tadoba Wildlife Safari Tour"" — 4-day Maharashtra holiday package, India. Scene: wildlife safari Mumbai gateway, Ajanta Ellora caves, hill stations. Style: Clean package-card thumbnail — subject centered, minimal clutter. YatraNexus brand colors: navy #001b2a, orange #ff7a00, purple #4b2cff. Photorealistic, no text, no watermark. Technical: 3:2 landscape 1200×800."
maharashtra-best-of-maharashtra-tour-9d8n-v1,package,Best of Maharashtra Tour,1,public/images/packages/maharashtra-best-of-maharashtra-tour-9d8n-v1.png,"Create a photorealistic travel image for ""Best of Maharashtra Tour"" — 9-day Maharashtra holiday package, India. Scene: scenic highlights of Mumbai gateway, Ajanta Ellora caves, hill stations. Style: Wide cinematic golden-hour landscape, premium travel brochure. YatraNexus brand colors: navy #001b2a, orange #ff7a00, purple #4b2cff. Photorealistic, no text, no watermark. Technical: 3:2 landscape 1200×800."
maharashtra-best-of-maharashtra-tour-9d8n-v2,package,Best of Maharashtra Tour,2,public/images/packages/maharashtra-best-of-maharashtra-tour-9d8n-v2.png,"Create a photorealistic travel image for ""Best of Maharashtra Tour"" — 9-day Maharashtra holiday package, India. Scene: scenic highlights of Mumbai gateway, Ajanta Ellora caves, hill stations. Style: Bright daylight vibrant colors, inviting family-friendly mood. YatraNexus brand colors: navy #001b2a, orange #ff7a00, purple #4b2cff. Photorealistic, no text, no watermark. Technical: 3:2 landscape 1200×800."
maharashtra-best-of-maharashtra-tour-9d8n-v3,package,Best of Maharashtra Tour,3,public/images/packages/maharashtra-best-of-maharashtra-tour-9d8n-v3.png,"Create a photorealistic travel image for ""Best of Maharashtra Tour"" — 9-day Maharashtra holiday package, India. Scene: scenic highlights of Mumbai gateway, Ajanta Ellora caves, hill stations. Style: Soft morning mist, peaceful serene atmosphere. YatraNexus brand colors: navy #001b2a, orange #ff7a00, purple #4b2cff. Photorealistic, no text, no watermark. Technical: 3:2 landscape 1200×800."
maharashtra-best-of-maharashtra-tour-9d8n-v4,package,Best of Maharashtra Tour,4,public/images/packages/maharashtra-best-of-maharashtra-tour-9d8n-v4.png,"Create a photorealistic travel image for ""Best of Maharashtra Tour"" — 9-day Maharashtra holiday package, India. Scene: scenic highlights of Mumbai gateway, Ajanta Ellora caves, hill stations. Style: Dramatic sunset warm orange-pink sky, romantic mood. YatraNexus brand colors: navy #001b2a, orange #ff7a00, purple #4b2cff. Photorealistic, no text, no watermark. Technical: 3:2 landscape 1200×800."
maharashtra-best-of-maharashtra-tour-9d8n-v5,package,Best of Maharashtra Tour,5,public/images/packages/maharashtra-best-of-maharashtra-tour-9d8n-v5.png,"Create a photorealistic travel image for ""Best of Maharashtra Tour"" — 9-day Maharashtra holiday package, India. Scene: scenic highlights of Mumbai gateway, Ajanta Ellora caves, hill stations. Style: Aerial drone bird's-eye view, epic panoramic scale. YatraNexus brand colors: navy #001b2a, orange #ff7a00, purple #4b2cff. Photorealistic, no text, no watermark. Technical: 3:2 landscape 1200×800."
maharashtra-best-of-maharashtra-tour-9d8n-v6,package,Best of Maharashtra Tour,6,public/images/packages/maharashtra-best-of-maharashtra-tour-9d8n-v6.png,"Create a photorealistic travel image for ""Best of Maharashtra Tour"" — 9-day Maharashtra holiday package, India. Scene: scenic highlights of Mumbai gateway, Ajanta Ellora caves, hill stations. Style: Close-up iconic landmark detail, shallow depth of field. YatraNexus brand colors: navy #001b2a, orange #ff7a00, purple #4b2cff. Photorealistic, no text, no watermark. Technical: 3:2 landscape 1200×800."
maharashtra-best-of-maharashtra-tour-9d8n-v7,package,Best of Maharashtra Tour,7,public/images/packages/maharashtra-best-of-maharashtra-tour-9d8n-v7.png,"Create a photorealistic travel image for ""Best of Maharashtra Tour"" — 9-day Maharashtra holiday package, India. Scene: scenic highlights of Mumbai gateway, Ajanta Ellora caves, hill stations. Style: Cultural heritage focus — temples, forts, or local architecture. YatraNexus brand colors: navy #001b2a, orange #ff7a00, purple #4b2cff. Photorealistic, no text, no watermark. Technical: 3:2 landscape 1200×800."
maharashtra-best-of-maharashtra-tour-9d8n-v8,package,Best of Maharashtra Tour,8,public/images/packages/maharashtra-best-of-maharashtra-tour-9d8n-v8.png,"Create a photorealistic travel image for ""Best of Maharashtra Tour"" — 9-day Maharashtra holiday package, India. Scene: scenic highlights of Mumbai gateway, Ajanta Ellora caves, hill stations. Style: Nature adventure — mountains, forests, rivers, wildlife hints. YatraNexus brand colors: navy #001b2a, orange #ff7a00, purple #4b2cff. Photorealistic, no text, no watermark. Technical: 3:2 landscape 1200×800."
maharashtra-best-of-maharashtra-tour-9d8n-v9,package,Best of Maharashtra Tour,9,public/images/packages/maharashtra-best-of-maharashtra-tour-9d8n-v9.png,"Create a photorealistic travel image for ""Best of Maharashtra Tour"" — 9-day Maharashtra holiday package, India. Scene: scenic highlights of Mumbai gateway, Ajanta Ellora caves, hill stations. Style: Coastal or lakeside calm water reflection composition. YatraNexus brand colors: navy #001b2a, orange #ff7a00, purple #4b2cff. Photorealistic, no text, no watermark. Technical: 3:2 landscape 1200×800."
maharashtra-best-of-maharashtra-tour-9d8n-v10,package,Best of Maharashtra Tour,10,public/images/packages/maharashtra-best-of-maharashtra-tour-9d8n-v10.png,"Create a photorealistic travel image for ""Best of Maharashtra Tour"" — 9-day Maharashtra holiday package, India. Scene: scenic highlights of Mumbai gateway, Ajanta Ellora caves, hill stations. Style: Clean package-card thumbnail — subject centered, minimal clutter. YatraNexus brand colors: navy #001b2a, orange #ff7a00, purple #4b2cff. Photorealistic, no text, no watermark. Technical: 3:2 landscape 1200×800."
maharashtra-matheran-hill-station-tour-3d2n-v1,package,Matheran Hill Station Tour,1,public/images/packages/maharashtra-matheran-hill-station-tour-3d2n-v1.png,"Create a photorealistic travel image for ""Matheran Hill Station Tour"" — 3-day Maharashtra holiday package, India. Scene: scenic highlights of Mumbai gateway, Ajanta Ellora caves, hill stations. Style: Wide cinematic golden-hour landscape, premium travel brochure. YatraNexus brand colors: navy #001b2a, orange #ff7a00, purple #4b2cff. Photorealistic, no text, no watermark. Technical: 3:2 landscape 1200×800."
maharashtra-matheran-hill-station-tour-3d2n-v2,package,Matheran Hill Station Tour,2,public/images/packages/maharashtra-matheran-hill-station-tour-3d2n-v2.png,"Create a photorealistic travel image for ""Matheran Hill Station Tour"" — 3-day Maharashtra holiday package, India. Scene: scenic highlights of Mumbai gateway, Ajanta Ellora caves, hill stations. Style: Bright daylight vibrant colors, inviting family-friendly mood. YatraNexus brand colors: navy #001b2a, orange #ff7a00, purple #4b2cff. Photorealistic, no text, no watermark. Technical: 3:2 landscape 1200×800."
maharashtra-matheran-hill-station-tour-3d2n-v3,package,Matheran Hill Station Tour,3,public/images/packages/maharashtra-matheran-hill-station-tour-3d2n-v3.png,"Create a photorealistic travel image for ""Matheran Hill Station Tour"" — 3-day Maharashtra holiday package, India. Scene: scenic highlights of Mumbai gateway, Ajanta Ellora caves, hill stations. Style: Soft morning mist, peaceful serene atmosphere. YatraNexus brand colors: navy #001b2a, orange #ff7a00, purple #4b2cff. Photorealistic, no text, no watermark. Technical: 3:2 landscape 1200×800."
maharashtra-matheran-hill-station-tour-3d2n-v4,package,Matheran Hill Station Tour,4,public/images/packages/maharashtra-matheran-hill-station-tour-3d2n-v4.png,"Create a photorealistic travel image for ""Matheran Hill Station Tour"" — 3-day Maharashtra holiday package, India. Scene: scenic highlights of Mumbai gateway, Ajanta Ellora caves, hill stations. Style: Dramatic sunset warm orange-pink sky, romantic mood. YatraNexus brand colors: navy #001b2a, orange #ff7a00, purple #4b2cff. Photorealistic, no text, no watermark. Technical: 3:2 landscape 1200×800."
maharashtra-matheran-hill-station-tour-3d2n-v5,package,Matheran Hill Station Tour,5,public/images/packages/maharashtra-matheran-hill-station-tour-3d2n-v5.png,"Create a photorealistic travel image for ""Matheran Hill Station Tour"" — 3-day Maharashtra holiday package, India. Scene: scenic highlights of Mumbai gateway, Ajanta Ellora caves, hill stations. Style: Aerial drone bird's-eye view, epic panoramic scale. YatraNexus brand colors: navy #001b2a, orange #ff7a00, purple #4b2cff. Photorealistic, no text, no watermark. Technical: 3:2 landscape 1200×800."
maharashtra-matheran-hill-station-tour-3d2n-v6,package,Matheran Hill Station Tour,6,public/images/packages/maharashtra-matheran-hill-station-tour-3d2n-v6.png,"Create a photorealistic travel image for ""Matheran Hill Station Tour"" — 3-day Maharashtra holiday package, India. Scene: scenic highlights of Mumbai gateway, Ajanta Ellora caves, hill stations. Style: Close-up iconic landmark detail, shallow depth of field. YatraNexus brand colors: navy #001b2a, orange #ff7a00, purple #4b2cff. Photorealistic, no text, no watermark. Technical: 3:2 landscape 1200×800."
maharashtra-matheran-hill-station-tour-3d2n-v7,package,Matheran Hill Station Tour,7,public/images/packages/maharashtra-matheran-hill-station-tour-3d2n-v7.png,"Create a photorealistic travel image for ""Matheran Hill Station Tour"" — 3-day Maharashtra holiday package, India. Scene: scenic highlights of Mumbai gateway, Ajanta Ellora caves, hill stations. Style: Cultural heritage focus — temples, forts, or local architecture. YatraNexus brand colors: navy #001b2a, orange #ff7a00, purple #4b2cff. Photorealistic, no text, no watermark. Technical: 3:2 landscape 1200×800."
maharashtra-matheran-hill-station-tour-3d2n-v8,package,Matheran Hill Station Tour,8,public/images/packages/maharashtra-matheran-hill-station-tour-3d2n-v8.png,"Create a photorealistic travel image for ""Matheran Hill Station Tour"" — 3-day Maharashtra holiday package, India. Scene: scenic highlights of Mumbai gateway, Ajanta Ellora caves, hill stations. Style: Nature adventure — mountains, forests, rivers, wildlife hints. YatraNexus brand colors: navy #001b2a, orange #ff7a00, purple #4b2cff. Photorealistic, no text, no watermark. Technical: 3:2 landscape 1200×800."
maharashtra-matheran-hill-station-tour-3d2n-v9,package,Matheran Hill Station Tour,9,public/images/packages/maharashtra-matheran-hill-station-tour-3d2n-v9.png,"Create a photorealistic travel image for ""Matheran Hill Station Tour"" — 3-day Maharashtra holiday package, India. Scene: scenic highlights of Mumbai gateway, Ajanta Ellora caves, hill stations. Style: Coastal or lakeside calm water reflection composition. YatraNexus brand colors: navy #001b2a, orange #ff7a00, purple #4b2cff. Photorealistic, no text, no watermark. Technical: 3:2 landscape 1200×800."
maharashtra-matheran-hill-station-tour-3d2n-v10,package,Matheran Hill Station Tour,10,public/images/packages/maharashtra-matheran-hill-station-tour-3d2n-v10.png,"Create a photorealistic travel image for ""Matheran Hill Station Tour"" — 3-day Maharashtra holiday package, India. Scene: scenic highlights of Mumbai gateway, Ajanta Ellora caves, hill stations. Style: Clean package-card thumbnail — subject centered, minimal clutter. YatraNexus brand colors: navy #001b2a, orange #ff7a00, purple #4b2cff. Photorealistic, no text, no watermark. Technical: 3:2 landscape 1200×800."
west-bengal-jagannath-kolkata-heritage-tour-6d5n-v1,package,Jagannath & Kolkata Heritage Tour,1,public/images/packages/west-bengal-jagannath-kolkata-heritage-tour-6d5n-v1.png,"Create a photorealistic travel image for ""Jagannath & Kolkata Heritage Tour"" — 6-day West Bengal holiday package, India. Scene: heritage circuit Darjeeling tea gardens, Sundarbans, Kolkata heritage. Style: Wide cinematic golden-hour landscape, premium travel brochure. YatraNexus brand colors: navy #001b2a, orange #ff7a00, purple #4b2cff. Photorealistic, no text, no watermark. Technical: 3:2 landscape 1200×800."
west-bengal-jagannath-kolkata-heritage-tour-6d5n-v2,package,Jagannath & Kolkata Heritage Tour,2,public/images/packages/west-bengal-jagannath-kolkata-heritage-tour-6d5n-v2.png,"Create a photorealistic travel image for ""Jagannath & Kolkata Heritage Tour"" — 6-day West Bengal holiday package, India. Scene: heritage circuit Darjeeling tea gardens, Sundarbans, Kolkata heritage. Style: Bright daylight vibrant colors, inviting family-friendly mood. YatraNexus brand colors: navy #001b2a, orange #ff7a00, purple #4b2cff. Photorealistic, no text, no watermark. Technical: 3:2 landscape 1200×800."
west-bengal-jagannath-kolkata-heritage-tour-6d5n-v3,package,Jagannath & Kolkata Heritage Tour,3,public/images/packages/west-bengal-jagannath-kolkata-heritage-tour-6d5n-v3.png,"Create a photorealistic travel image for ""Jagannath & Kolkata Heritage Tour"" — 6-day West Bengal holiday package, India. Scene: heritage circuit Darjeeling tea gardens, Sundarbans, Kolkata heritage. Style: Soft morning mist, peaceful serene atmosphere. YatraNexus brand colors: navy #001b2a, orange #ff7a00, purple #4b2cff. Photorealistic, no text, no watermark. Technical: 3:2 landscape 1200×800."
west-bengal-jagannath-kolkata-heritage-tour-6d5n-v4,package,Jagannath & Kolkata Heritage Tour,4,public/images/packages/west-bengal-jagannath-kolkata-heritage-tour-6d5n-v4.png,"Create a photorealistic travel image for ""Jagannath & Kolkata Heritage Tour"" — 6-day West Bengal holiday package, India. Scene: heritage circuit Darjeeling tea gardens, Sundarbans, Kolkata heritage. Style: Dramatic sunset warm orange-pink sky, romantic mood. YatraNexus brand colors: navy #001b2a, orange #ff7a00, purple #4b2cff. Photorealistic, no text, no watermark. Technical: 3:2 landscape 1200×800."
west-bengal-jagannath-kolkata-heritage-tour-6d5n-v5,package,Jagannath & Kolkata Heritage Tour,5,public/images/packages/west-bengal-jagannath-kolkata-heritage-tour-6d5n-v5.png,"Create a photorealistic travel image for ""Jagannath & Kolkata Heritage Tour"" — 6-day West Bengal holiday package, India. Scene: heritage circuit Darjeeling tea gardens, Sundarbans, Kolkata heritage. Style: Aerial drone bird's-eye view, epic panoramic scale. YatraNexus brand colors: navy #001b2a, orange #ff7a00, purple #4b2cff. Photorealistic, no text, no watermark. Technical: 3:2 landscape 1200×800."
west-bengal-jagannath-kolkata-heritage-tour-6d5n-v6,package,Jagannath & Kolkata Heritage Tour,6,public/images/packages/west-bengal-jagannath-kolkata-heritage-tour-6d5n-v6.png,"Create a photorealistic travel image for ""Jagannath & Kolkata Heritage Tour"" — 6-day West Bengal holiday package, India. Scene: heritage circuit Darjeeling tea gardens, Sundarbans, Kolkata heritage. Style: Close-up iconic landmark detail, shallow depth of field. YatraNexus brand colors: navy #001b2a, orange #ff7a00, purple #4b2cff. Photorealistic, no text, no watermark. Technical: 3:2 landscape 1200×800."
west-bengal-jagannath-kolkata-heritage-tour-6d5n-v7,package,Jagannath & Kolkata Heritage Tour,7,public/images/packages/west-bengal-jagannath-kolkata-heritage-tour-6d5n-v7.png,"Create a photorealistic travel image for ""Jagannath & Kolkata Heritage Tour"" — 6-day West Bengal holiday package, India. Scene: heritage circuit Darjeeling tea gardens, Sundarbans, Kolkata heritage. Style: Cultural heritage focus — temples, forts, or local architecture. YatraNexus brand colors: navy #001b2a, orange #ff7a00, purple #4b2cff. Photorealistic, no text, no watermark. Technical: 3:2 landscape 1200×800."
west-bengal-jagannath-kolkata-heritage-tour-6d5n-v8,package,Jagannath & Kolkata Heritage Tour,8,public/images/packages/west-bengal-jagannath-kolkata-heritage-tour-6d5n-v8.png,"Create a photorealistic travel image for ""Jagannath & Kolkata Heritage Tour"" — 6-day West Bengal holiday package, India. Scene: heritage circuit Darjeeling tea gardens, Sundarbans, Kolkata heritage. Style: Nature adventure — mountains, forests, rivers, wildlife hints. YatraNexus brand colors: navy #001b2a, orange #ff7a00, purple #4b2cff. Photorealistic, no text, no watermark. Technical: 3:2 landscape 1200×800."
west-bengal-jagannath-kolkata-heritage-tour-6d5n-v9,package,Jagannath & Kolkata Heritage Tour,9,public/images/packages/west-bengal-jagannath-kolkata-heritage-tour-6d5n-v9.png,"Create a photorealistic travel image for ""Jagannath & Kolkata Heritage Tour"" — 6-day West Bengal holiday package, India. Scene: heritage circuit Darjeeling tea gardens, Sundarbans, Kolkata heritage. Style: Coastal or lakeside calm water reflection composition. YatraNexus brand colors: navy #001b2a, orange #ff7a00, purple #4b2cff. Photorealistic, no text, no watermark. Technical: 3:2 landscape 1200×800."
west-bengal-jagannath-kolkata-heritage-tour-6d5n-v10,package,Jagannath & Kolkata Heritage Tour,10,public/images/packages/west-bengal-jagannath-kolkata-heritage-tour-6d5n-v10.png,"Create a photorealistic travel image for ""Jagannath & Kolkata Heritage Tour"" — 6-day West Bengal holiday package, India. Scene: heritage circuit Darjeeling tea gardens, Sundarbans, Kolkata heritage. Style: Clean package-card thumbnail — subject centered, minimal clutter. YatraNexus brand colors: navy #001b2a, orange #ff7a00, purple #4b2cff. Photorealistic, no text, no watermark. Technical: 3:2 landscape 1200×800."
west-bengal-odisha-sundarbans-wildlife-tour-7d6n-v1,package,Odisha & Sundarbans Wildlife Tour,1,public/images/packages/west-bengal-odisha-sundarbans-wildlife-tour-7d6n-v1.png,"Create a photorealistic travel image for ""Odisha & Sundarbans Wildlife Tour"" — 7-day West Bengal holiday package, India. Scene: wildlife safari Darjeeling tea gardens, Sundarbans, Kolkata heritage. Style: Wide cinematic golden-hour landscape, premium travel brochure. YatraNexus brand colors: navy #001b2a, orange #ff7a00, purple #4b2cff. Photorealistic, no text, no watermark. Technical: 3:2 landscape 1200×800."
west-bengal-odisha-sundarbans-wildlife-tour-7d6n-v2,package,Odisha & Sundarbans Wildlife Tour,2,public/images/packages/west-bengal-odisha-sundarbans-wildlife-tour-7d6n-v2.png,"Create a photorealistic travel image for ""Odisha & Sundarbans Wildlife Tour"" — 7-day West Bengal holiday package, India. Scene: wildlife safari Darjeeling tea gardens, Sundarbans, Kolkata heritage. Style: Bright daylight vibrant colors, inviting family-friendly mood. YatraNexus brand colors: navy #001b2a, orange #ff7a00, purple #4b2cff. Photorealistic, no text, no watermark. Technical: 3:2 landscape 1200×800."
west-bengal-odisha-sundarbans-wildlife-tour-7d6n-v3,package,Odisha & Sundarbans Wildlife Tour,3,public/images/packages/west-bengal-odisha-sundarbans-wildlife-tour-7d6n-v3.png,"Create a photorealistic travel image for ""Odisha & Sundarbans Wildlife Tour"" — 7-day West Bengal holiday package, India. Scene: wildlife safari Darjeeling tea gardens, Sundarbans, Kolkata heritage. Style: Soft morning mist, peaceful serene atmosphere. YatraNexus brand colors: navy #001b2a, orange #ff7a00, purple #4b2cff. Photorealistic, no text, no watermark. Technical: 3:2 landscape 1200×800."
west-bengal-odisha-sundarbans-wildlife-tour-7d6n-v4,package,Odisha & Sundarbans Wildlife Tour,4,public/images/packages/west-bengal-odisha-sundarbans-wildlife-tour-7d6n-v4.png,"Create a photorealistic travel image for ""Odisha & Sundarbans Wildlife Tour"" — 7-day West Bengal holiday package, India. Scene: wildlife safari Darjeeling tea gardens, Sundarbans, Kolkata heritage. Style: Dramatic sunset warm orange-pink sky, romantic mood. YatraNexus brand colors: navy #001b2a, orange #ff7a00, purple #4b2cff. Photorealistic, no text, no watermark. Technical: 3:2 landscape 1200×800."
west-bengal-odisha-sundarbans-wildlife-tour-7d6n-v5,package,Odisha & Sundarbans Wildlife Tour,5,public/images/packages/west-bengal-odisha-sundarbans-wildlife-tour-7d6n-v5.png,"Create a photorealistic travel image for ""Odisha & Sundarbans Wildlife Tour"" — 7-day West Bengal holiday package, India. Scene: wildlife safari Darjeeling tea gardens, Sundarbans, Kolkata heritage. Style: Aerial drone bird's-eye view, epic panoramic scale. YatraNexus brand colors: navy #001b2a, orange #ff7a00, purple #4b2cff. Photorealistic, no text, no watermark. Technical: 3:2 landscape 1200×800."
west-bengal-odisha-sundarbans-wildlife-tour-7d6n-v6,package,Odisha & Sundarbans Wildlife Tour,6,public/images/packages/west-bengal-odisha-sundarbans-wildlife-tour-7d6n-v6.png,"Create a photorealistic travel image for ""Odisha & Sundarbans Wildlife Tour"" — 7-day West Bengal holiday package, India. Scene: wildlife safari Darjeeling tea gardens, Sundarbans, Kolkata heritage. Style: Close-up iconic landmark detail, shallow depth of field. YatraNexus brand colors: navy #001b2a, orange #ff7a00, purple #4b2cff. Photorealistic, no text, no watermark. Technical: 3:2 landscape 1200×800."
west-bengal-odisha-sundarbans-wildlife-tour-7d6n-v7,package,Odisha & Sundarbans Wildlife Tour,7,public/images/packages/west-bengal-odisha-sundarbans-wildlife-tour-7d6n-v7.png,"Create a photorealistic travel image for ""Odisha & Sundarbans Wildlife Tour"" — 7-day West Bengal holiday package, India. Scene: wildlife safari Darjeeling tea gardens, Sundarbans, Kolkata heritage. Style: Cultural heritage focus — temples, forts, or local architecture. YatraNexus brand colors: navy #001b2a, orange #ff7a00, purple #4b2cff. Photorealistic, no text, no watermark. Technical: 3:2 landscape 1200×800."
west-bengal-odisha-sundarbans-wildlife-tour-7d6n-v8,package,Odisha & Sundarbans Wildlife Tour,8,public/images/packages/west-bengal-odisha-sundarbans-wildlife-tour-7d6n-v8.png,"Create a photorealistic travel image for ""Odisha & Sundarbans Wildlife Tour"" — 7-day West Bengal holiday package, India. Scene: wildlife safari Darjeeling tea gardens, Sundarbans, Kolkata heritage. Style: Nature adventure — mountains, forests, rivers, wildlife hints. YatraNexus brand colors: navy #001b2a, orange #ff7a00, purple #4b2cff. Photorealistic, no text, no watermark. Technical: 3:2 landscape 1200×800."
west-bengal-odisha-sundarbans-wildlife-tour-7d6n-v9,package,Odisha & Sundarbans Wildlife Tour,9,public/images/packages/west-bengal-odisha-sundarbans-wildlife-tour-7d6n-v9.png,"Create a photorealistic travel image for ""Odisha & Sundarbans Wildlife Tour"" — 7-day West Bengal holiday package, India. Scene: wildlife safari Darjeeling tea gardens, Sundarbans, Kolkata heritage. Style: Coastal or lakeside calm water reflection composition. YatraNexus brand colors: navy #001b2a, orange #ff7a00, purple #4b2cff. Photorealistic, no text, no watermark. Technical: 3:2 landscape 1200×800."
west-bengal-odisha-sundarbans-wildlife-tour-7d6n-v10,package,Odisha & Sundarbans Wildlife Tour,10,public/images/packages/west-bengal-odisha-sundarbans-wildlife-tour-7d6n-v10.png,"Create a photorealistic travel image for ""Odisha & Sundarbans Wildlife Tour"" — 7-day West Bengal holiday package, India. Scene: wildlife safari Darjeeling tea gardens, Sundarbans, Kolkata heritage. Style: Clean package-card thumbnail — subject centered, minimal clutter. YatraNexus brand colors: navy #001b2a, orange #ff7a00, purple #4b2cff. Photorealistic, no text, no watermark. Technical: 3:2 landscape 1200×800."
west-bengal-odisha-darjeeling-explorer-premium-9d8n-v1,package,Odisha & Darjeeling Explorer ⭐ Premium,1,public/images/packages/west-bengal-odisha-darjeeling-explorer-premium-9d8n-v1.png,"Create a photorealistic travel image for ""Odisha & Darjeeling Explorer ⭐ Premium"" — 9-day West Bengal holiday package, India. Scene: scenic highlights of Darjeeling tea gardens, Sundarbans, Kolkata heritage. Style: Wide cinematic golden-hour landscape, premium travel brochure. YatraNexus brand colors: navy #001b2a, orange #ff7a00, purple #4b2cff. Photorealistic, no text, no watermark. Technical: 3:2 landscape 1200×800."
west-bengal-odisha-darjeeling-explorer-premium-9d8n-v2,package,Odisha & Darjeeling Explorer ⭐ Premium,2,public/images/packages/west-bengal-odisha-darjeeling-explorer-premium-9d8n-v2.png,"Create a photorealistic travel image for ""Odisha & Darjeeling Explorer ⭐ Premium"" — 9-day West Bengal holiday package, India. Scene: scenic highlights of Darjeeling tea gardens, Sundarbans, Kolkata heritage. Style: Bright daylight vibrant colors, inviting family-friendly mood. YatraNexus brand colors: navy #001b2a, orange #ff7a00, purple #4b2cff. Photorealistic, no text, no watermark. Technical: 3:2 landscape 1200×800."
west-bengal-odisha-darjeeling-explorer-premium-9d8n-v3,package,Odisha & Darjeeling Explorer ⭐ Premium,3,public/images/packages/west-bengal-odisha-darjeeling-explorer-premium-9d8n-v3.png,"Create a photorealistic travel image for ""Odisha & Darjeeling Explorer ⭐ Premium"" — 9-day West Bengal holiday package, India. Scene: scenic highlights of Darjeeling tea gardens, Sundarbans, Kolkata heritage. Style: Soft morning mist, peaceful serene atmosphere. YatraNexus brand colors: navy #001b2a, orange #ff7a00, purple #4b2cff. Photorealistic, no text, no watermark. Technical: 3:2 landscape 1200×800."
west-bengal-odisha-darjeeling-explorer-premium-9d8n-v4,package,Odisha & Darjeeling Explorer ⭐ Premium,4,public/images/packages/west-bengal-odisha-darjeeling-explorer-premium-9d8n-v4.png,"Create a photorealistic travel image for ""Odisha & Darjeeling Explorer ⭐ Premium"" — 9-day West Bengal holiday package, India. Scene: scenic highlights of Darjeeling tea gardens, Sundarbans, Kolkata heritage. Style: Dramatic sunset warm orange-pink sky, romantic mood. YatraNexus brand colors: navy #001b2a, orange #ff7a00, purple #4b2cff. Photorealistic, no text, no watermark. Technical: 3:2 landscape 1200×800."
west-bengal-odisha-darjeeling-explorer-premium-9d8n-v5,package,Odisha & Darjeeling Explorer ⭐ Premium,5,public/images/packages/west-bengal-odisha-darjeeling-explorer-premium-9d8n-v5.png,"Create a photorealistic travel image for ""Odisha & Darjeeling Explorer ⭐ Premium"" — 9-day West Bengal holiday package, India. Scene: scenic highlights of Darjeeling tea gardens, Sundarbans, Kolkata heritage. Style: Aerial drone bird's-eye view, epic panoramic scale. YatraNexus brand colors: navy #001b2a, orange #ff7a00, purple #4b2cff. Photorealistic, no text, no watermark. Technical: 3:2 landscape 1200×800."
west-bengal-odisha-darjeeling-explorer-premium-9d8n-v6,package,Odisha & Darjeeling Explorer ⭐ Premium,6,public/images/packages/west-bengal-odisha-darjeeling-explorer-premium-9d8n-v6.png,"Create a photorealistic travel image for ""Odisha & Darjeeling Explorer ⭐ Premium"" — 9-day West Bengal holiday package, India. Scene: scenic highlights of Darjeeling tea gardens, Sundarbans, Kolkata heritage. Style: Close-up iconic landmark detail, shallow depth of field. YatraNexus brand colors: navy #001b2a, orange #ff7a00, purple #4b2cff. Photorealistic, no text, no watermark. Technical: 3:2 landscape 1200×800."
west-bengal-odisha-darjeeling-explorer-premium-9d8n-v7,package,Odisha & Darjeeling Explorer ⭐ Premium,7,public/images/packages/west-bengal-odisha-darjeeling-explorer-premium-9d8n-v7.png,"Create a photorealistic travel image for ""Odisha & Darjeeling Explorer ⭐ Premium"" — 9-day West Bengal holiday package, India. Scene: scenic highlights of Darjeeling tea gardens, Sundarbans, Kolkata heritage. Style: Cultural heritage focus — temples, forts, or local architecture. YatraNexus brand colors: navy #001b2a, orange #ff7a00, purple #4b2cff. Photorealistic, no text, no watermark. Technical: 3:2 landscape 1200×800."
west-bengal-odisha-darjeeling-explorer-premium-9d8n-v8,package,Odisha & Darjeeling Explorer ⭐ Premium,8,public/images/packages/west-bengal-odisha-darjeeling-explorer-premium-9d8n-v8.png,"Create a photorealistic travel image for ""Odisha & Darjeeling Explorer ⭐ Premium"" — 9-day West Bengal holiday package, India. Scene: scenic highlights of Darjeeling tea gardens, Sundarbans, Kolkata heritage. Style: Nature adventure — mountains, forests, rivers, wildlife hints. YatraNexus brand colors: navy #001b2a, orange #ff7a00, purple #4b2cff. Photorealistic, no text, no watermark. Technical: 3:2 landscape 1200×800."
west-bengal-odisha-darjeeling-explorer-premium-9d8n-v9,package,Odisha & Darjeeling Explorer ⭐ Premium,9,public/images/packages/west-bengal-odisha-darjeeling-explorer-premium-9d8n-v9.png,"Create a photorealistic travel image for ""Odisha & Darjeeling Explorer ⭐ Premium"" — 9-day West Bengal holiday package, India. Scene: scenic highlights of Darjeeling tea gardens, Sundarbans, Kolkata heritage. Style: Coastal or lakeside calm water reflection composition. YatraNexus brand colors: navy #001b2a, orange #ff7a00, purple #4b2cff. Photorealistic, no text, no watermark. Technical: 3:2 landscape 1200×800."
west-bengal-odisha-darjeeling-explorer-premium-9d8n-v10,package,Odisha & Darjeeling Explorer ⭐ Premium,10,public/images/packages/west-bengal-odisha-darjeeling-explorer-premium-9d8n-v10.png,"Create a photorealistic travel image for ""Odisha & Darjeeling Explorer ⭐ Premium"" — 9-day West Bengal holiday package, India. Scene: scenic highlights of Darjeeling tea gardens, Sundarbans, Kolkata heritage. Style: Clean package-card thumbnail — subject centered, minimal clutter. YatraNexus brand colors: navy #001b2a, orange #ff7a00, purple #4b2cff. Photorealistic, no text, no watermark. Technical: 3:2 landscape 1200×800."
odisha-golden-triangle-of-odisha-5d4n-v1,package,Golden Triangle of Odisha,1,public/images/packages/odisha-golden-triangle-of-odisha-5d4n-v1.png,"Create a photorealistic travel image for ""Golden Triangle of Odisha"" — 5-day Odisha holiday package, India. Scene: scenic highlights of Jagannath Puri, Konark Sun Temple, Chilika lake. Style: Wide cinematic golden-hour landscape, premium travel brochure. YatraNexus brand colors: navy #001b2a, orange #ff7a00, purple #4b2cff. Photorealistic, no text, no watermark. Technical: 3:2 landscape 1200×800."
odisha-golden-triangle-of-odisha-5d4n-v2,package,Golden Triangle of Odisha,2,public/images/packages/odisha-golden-triangle-of-odisha-5d4n-v2.png,"Create a photorealistic travel image for ""Golden Triangle of Odisha"" — 5-day Odisha holiday package, India. Scene: scenic highlights of Jagannath Puri, Konark Sun Temple, Chilika lake. Style: Bright daylight vibrant colors, inviting family-friendly mood. YatraNexus brand colors: navy #001b2a, orange #ff7a00, purple #4b2cff. Photorealistic, no text, no watermark. Technical: 3:2 landscape 1200×800."
odisha-golden-triangle-of-odisha-5d4n-v3,package,Golden Triangle of Odisha,3,public/images/packages/odisha-golden-triangle-of-odisha-5d4n-v3.png,"Create a photorealistic travel image for ""Golden Triangle of Odisha"" — 5-day Odisha holiday package, India. Scene: scenic highlights of Jagannath Puri, Konark Sun Temple, Chilika lake. Style: Soft morning mist, peaceful serene atmosphere. YatraNexus brand colors: navy #001b2a, orange #ff7a00, purple #4b2cff. Photorealistic, no text, no watermark. Technical: 3:2 landscape 1200×800."
odisha-golden-triangle-of-odisha-5d4n-v4,package,Golden Triangle of Odisha,4,public/images/packages/odisha-golden-triangle-of-odisha-5d4n-v4.png,"Create a photorealistic travel image for ""Golden Triangle of Odisha"" — 5-day Odisha holiday package, India. Scene: scenic highlights of Jagannath Puri, Konark Sun Temple, Chilika lake. Style: Dramatic sunset warm orange-pink sky, romantic mood. YatraNexus brand colors: navy #001b2a, orange #ff7a00, purple #4b2cff. Photorealistic, no text, no watermark. Technical: 3:2 landscape 1200×800."
odisha-golden-triangle-of-odisha-5d4n-v5,package,Golden Triangle of Odisha,5,public/images/packages/odisha-golden-triangle-of-odisha-5d4n-v5.png,"Create a photorealistic travel image for ""Golden Triangle of Odisha"" — 5-day Odisha holiday package, India. Scene: scenic highlights of Jagannath Puri, Konark Sun Temple, Chilika lake. Style: Aerial drone bird's-eye view, epic panoramic scale. YatraNexus brand colors: navy #001b2a, orange #ff7a00, purple #4b2cff. Photorealistic, no text, no watermark. Technical: 3:2 landscape 1200×800."
odisha-golden-triangle-of-odisha-5d4n-v6,package,Golden Triangle of Odisha,6,public/images/packages/odisha-golden-triangle-of-odisha-5d4n-v6.png,"Create a photorealistic travel image for ""Golden Triangle of Odisha"" — 5-day Odisha holiday package, India. Scene: scenic highlights of Jagannath Puri, Konark Sun Temple, Chilika lake. Style: Close-up iconic landmark detail, shallow depth of field. YatraNexus brand colors: navy #001b2a, orange #ff7a00, purple #4b2cff. Photorealistic, no text, no watermark. Technical: 3:2 landscape 1200×800."
odisha-golden-triangle-of-odisha-5d4n-v7,package,Golden Triangle of Odisha,7,public/images/packages/odisha-golden-triangle-of-odisha-5d4n-v7.png,"Create a photorealistic travel image for ""Golden Triangle of Odisha"" — 5-day Odisha holiday package, India. Scene: scenic highlights of Jagannath Puri, Konark Sun Temple, Chilika lake. Style: Cultural heritage focus — temples, forts, or local architecture. YatraNexus brand colors: navy #001b2a, orange #ff7a00, purple #4b2cff. Photorealistic, no text, no watermark. Technical: 3:2 landscape 1200×800."
odisha-golden-triangle-of-odisha-5d4n-v8,package,Golden Triangle of Odisha,8,public/images/packages/odisha-golden-triangle-of-odisha-5d4n-v8.png,"Create a photorealistic travel image for ""Golden Triangle of Odisha"" — 5-day Odisha holiday package, India. Scene: scenic highlights of Jagannath Puri, Konark Sun Temple, Chilika lake. Style: Nature adventure — mountains, forests, rivers, wildlife hints. YatraNexus brand colors: navy #001b2a, orange #ff7a00, purple #4b2cff. Photorealistic, no text, no watermark. Technical: 3:2 landscape 1200×800."
odisha-golden-triangle-of-odisha-5d4n-v9,package,Golden Triangle of Odisha,9,public/images/packages/odisha-golden-triangle-of-odisha-5d4n-v9.png,"Create a photorealistic travel image for ""Golden Triangle of Odisha"" — 5-day Odisha holiday package, India. Scene: scenic highlights of Jagannath Puri, Konark Sun Temple, Chilika lake. Style: Coastal or lakeside calm water reflection composition. YatraNexus brand colors: navy #001b2a, orange #ff7a00, purple #4b2cff. Photorealistic, no text, no watermark. Technical: 3:2 landscape 1200×800."
odisha-golden-triangle-of-odisha-5d4n-v10,package,Golden Triangle of Odisha,10,public/images/packages/odisha-golden-triangle-of-odisha-5d4n-v10.png,"Create a photorealistic travel image for ""Golden Triangle of Odisha"" — 5-day Odisha holiday package, India. Scene: scenic highlights of Jagannath Puri, Konark Sun Temple, Chilika lake. Style: Clean package-card thumbnail — subject centered, minimal clutter. YatraNexus brand colors: navy #001b2a, orange #ff7a00, purple #4b2cff. Photorealistic, no text, no watermark. Technical: 3:2 landscape 1200×800."
odisha-jagannath-puri-spiritual-tour-4d3n-v1,package,Jagannath Puri Spiritual Tour,1,public/images/packages/odisha-jagannath-puri-spiritual-tour-4d3n-v1.png,"Create a photorealistic travel image for ""Jagannath Puri Spiritual Tour"" — 4-day Odisha holiday package, India. Scene: scenic highlights of Jagannath Puri, Konark Sun Temple, Chilika lake. Style: Wide cinematic golden-hour landscape, premium travel brochure. YatraNexus brand colors: navy #001b2a, orange #ff7a00, purple #4b2cff. Photorealistic, no text, no watermark. Technical: 3:2 landscape 1200×800."
odisha-jagannath-puri-spiritual-tour-4d3n-v2,package,Jagannath Puri Spiritual Tour,2,public/images/packages/odisha-jagannath-puri-spiritual-tour-4d3n-v2.png,"Create a photorealistic travel image for ""Jagannath Puri Spiritual Tour"" — 4-day Odisha holiday package, India. Scene: scenic highlights of Jagannath Puri, Konark Sun Temple, Chilika lake. Style: Bright daylight vibrant colors, inviting family-friendly mood. YatraNexus brand colors: navy #001b2a, orange #ff7a00, purple #4b2cff. Photorealistic, no text, no watermark. Technical: 3:2 landscape 1200×800."
odisha-jagannath-puri-spiritual-tour-4d3n-v3,package,Jagannath Puri Spiritual Tour,3,public/images/packages/odisha-jagannath-puri-spiritual-tour-4d3n-v3.png,"Create a photorealistic travel image for ""Jagannath Puri Spiritual Tour"" — 4-day Odisha holiday package, India. Scene: scenic highlights of Jagannath Puri, Konark Sun Temple, Chilika lake. Style: Soft morning mist, peaceful serene atmosphere. YatraNexus brand colors: navy #001b2a, orange #ff7a00, purple #4b2cff. Photorealistic, no text, no watermark. Technical: 3:2 landscape 1200×800."
odisha-jagannath-puri-spiritual-tour-4d3n-v4,package,Jagannath Puri Spiritual Tour,4,public/images/packages/odisha-jagannath-puri-spiritual-tour-4d3n-v4.png,"Create a photorealistic travel image for ""Jagannath Puri Spiritual Tour"" — 4-day Odisha holiday package, India. Scene: scenic highlights of Jagannath Puri, Konark Sun Temple, Chilika lake. Style: Dramatic sunset warm orange-pink sky, romantic mood. YatraNexus brand colors: navy #001b2a, orange #ff7a00, purple #4b2cff. Photorealistic, no text, no watermark. Technical: 3:2 landscape 1200×800."
odisha-jagannath-puri-spiritual-tour-4d3n-v5,package,Jagannath Puri Spiritual Tour,5,public/images/packages/odisha-jagannath-puri-spiritual-tour-4d3n-v5.png,"Create a photorealistic travel image for ""Jagannath Puri Spiritual Tour"" — 4-day Odisha holiday package, India. Scene: scenic highlights of Jagannath Puri, Konark Sun Temple, Chilika lake. Style: Aerial drone bird's-eye view, epic panoramic scale. YatraNexus brand colors: navy #001b2a, orange #ff7a00, purple #4b2cff. Photorealistic, no text, no watermark. Technical: 3:2 landscape 1200×800."
odisha-jagannath-puri-spiritual-tour-4d3n-v6,package,Jagannath Puri Spiritual Tour,6,public/images/packages/odisha-jagannath-puri-spiritual-tour-4d3n-v6.png,"Create a photorealistic travel image for ""Jagannath Puri Spiritual Tour"" — 4-day Odisha holiday package, India. Scene: scenic highlights of Jagannath Puri, Konark Sun Temple, Chilika lake. Style: Close-up iconic landmark detail, shallow depth of field. YatraNexus brand colors: navy #001b2a, orange #ff7a00, purple #4b2cff. Photorealistic, no text, no watermark. Technical: 3:2 landscape 1200×800."
odisha-jagannath-puri-spiritual-tour-4d3n-v7,package,Jagannath Puri Spiritual Tour,7,public/images/packages/odisha-jagannath-puri-spiritual-tour-4d3n-v7.png,"Create a photorealistic travel image for ""Jagannath Puri Spiritual Tour"" — 4-day Odisha holiday package, India. Scene: scenic highlights of Jagannath Puri, Konark Sun Temple, Chilika lake. Style: Cultural heritage focus — temples, forts, or local architecture. YatraNexus brand colors: navy #001b2a, orange #ff7a00, purple #4b2cff. Photorealistic, no text, no watermark. Technical: 3:2 landscape 1200×800."
odisha-jagannath-puri-spiritual-tour-4d3n-v8,package,Jagannath Puri Spiritual Tour,8,public/images/packages/odisha-jagannath-puri-spiritual-tour-4d3n-v8.png,"Create a photorealistic travel image for ""Jagannath Puri Spiritual Tour"" — 4-day Odisha holiday package, India. Scene: scenic highlights of Jagannath Puri, Konark Sun Temple, Chilika lake. Style: Nature adventure — mountains, forests, rivers, wildlife hints. YatraNexus brand colors: navy #001b2a, orange #ff7a00, purple #4b2cff. Photorealistic, no text, no watermark. Technical: 3:2 landscape 1200×800."
odisha-jagannath-puri-spiritual-tour-4d3n-v9,package,Jagannath Puri Spiritual Tour,9,public/images/packages/odisha-jagannath-puri-spiritual-tour-4d3n-v9.png,"Create a photorealistic travel image for ""Jagannath Puri Spiritual Tour"" — 4-day Odisha holiday package, India. Scene: scenic highlights of Jagannath Puri, Konark Sun Temple, Chilika lake. Style: Coastal or lakeside calm water reflection composition. YatraNexus brand colors: navy #001b2a, orange #ff7a00, purple #4b2cff. Photorealistic, no text, no watermark. Technical: 3:2 landscape 1200×800."
odisha-jagannath-puri-spiritual-tour-4d3n-v10,package,Jagannath Puri Spiritual Tour,10,public/images/packages/odisha-jagannath-puri-spiritual-tour-4d3n-v10.png,"Create a photorealistic travel image for ""Jagannath Puri Spiritual Tour"" — 4-day Odisha holiday package, India. Scene: scenic highlights of Jagannath Puri, Konark Sun Temple, Chilika lake. Style: Clean package-card thumbnail — subject centered, minimal clutter. YatraNexus brand colors: navy #001b2a, orange #ff7a00, purple #4b2cff. Photorealistic, no text, no watermark. Technical: 3:2 landscape 1200×800."
odisha-chilika-lake-coastal-escape-5d4n-v1,package,Chilika Lake & Coastal Escape,1,public/images/packages/odisha-chilika-lake-coastal-escape-5d4n-v1.png,"Create a photorealistic travel image for ""Chilika Lake & Coastal Escape"" — 5-day Odisha holiday package, India. Scene: coastal beaches Jagannath Puri, Konark Sun Temple, Chilika lake. Style: Wide cinematic golden-hour landscape, premium travel brochure. YatraNexus brand colors: navy #001b2a, orange #ff7a00, purple #4b2cff. Photorealistic, no text, no watermark. Technical: 3:2 landscape 1200×800."
odisha-chilika-lake-coastal-escape-5d4n-v2,package,Chilika Lake & Coastal Escape,2,public/images/packages/odisha-chilika-lake-coastal-escape-5d4n-v2.png,"Create a photorealistic travel image for ""Chilika Lake & Coastal Escape"" — 5-day Odisha holiday package, India. Scene: coastal beaches Jagannath Puri, Konark Sun Temple, Chilika lake. Style: Bright daylight vibrant colors, inviting family-friendly mood. YatraNexus brand colors: navy #001b2a, orange #ff7a00, purple #4b2cff. Photorealistic, no text, no watermark. Technical: 3:2 landscape 1200×800."
odisha-chilika-lake-coastal-escape-5d4n-v3,package,Chilika Lake & Coastal Escape,3,public/images/packages/odisha-chilika-lake-coastal-escape-5d4n-v3.png,"Create a photorealistic travel image for ""Chilika Lake & Coastal Escape"" — 5-day Odisha holiday package, India. Scene: coastal beaches Jagannath Puri, Konark Sun Temple, Chilika lake. Style: Soft morning mist, peaceful serene atmosphere. YatraNexus brand colors: navy #001b2a, orange #ff7a00, purple #4b2cff. Photorealistic, no text, no watermark. Technical: 3:2 landscape 1200×800."
odisha-chilika-lake-coastal-escape-5d4n-v4,package,Chilika Lake & Coastal Escape,4,public/images/packages/odisha-chilika-lake-coastal-escape-5d4n-v4.png,"Create a photorealistic travel image for ""Chilika Lake & Coastal Escape"" — 5-day Odisha holiday package, India. Scene: coastal beaches Jagannath Puri, Konark Sun Temple, Chilika lake. Style: Dramatic sunset warm orange-pink sky, romantic mood. YatraNexus brand colors: navy #001b2a, orange #ff7a00, purple #4b2cff. Photorealistic, no text, no watermark. Technical: 3:2 landscape 1200×800."
odisha-chilika-lake-coastal-escape-5d4n-v5,package,Chilika Lake & Coastal Escape,5,public/images/packages/odisha-chilika-lake-coastal-escape-5d4n-v5.png,"Create a photorealistic travel image for ""Chilika Lake & Coastal Escape"" — 5-day Odisha holiday package, India. Scene: coastal beaches Jagannath Puri, Konark Sun Temple, Chilika lake. Style: Aerial drone bird's-eye view, epic panoramic scale. YatraNexus brand colors: navy #001b2a, orange #ff7a00, purple #4b2cff. Photorealistic, no text, no watermark. Technical: 3:2 landscape 1200×800."
odisha-chilika-lake-coastal-escape-5d4n-v6,package,Chilika Lake & Coastal Escape,6,public/images/packages/odisha-chilika-lake-coastal-escape-5d4n-v6.png,"Create a photorealistic travel image for ""Chilika Lake & Coastal Escape"" — 5-day Odisha holiday package, India. Scene: coastal beaches Jagannath Puri, Konark Sun Temple, Chilika lake. Style: Close-up iconic landmark detail, shallow depth of field. YatraNexus brand colors: navy #001b2a, orange #ff7a00, purple #4b2cff. Photorealistic, no text, no watermark. Technical: 3:2 landscape 1200×800."
odisha-chilika-lake-coastal-escape-5d4n-v7,package,Chilika Lake & Coastal Escape,7,public/images/packages/odisha-chilika-lake-coastal-escape-5d4n-v7.png,"Create a photorealistic travel image for ""Chilika Lake & Coastal Escape"" — 5-day Odisha holiday package, India. Scene: coastal beaches Jagannath Puri, Konark Sun Temple, Chilika lake. Style: Cultural heritage focus — temples, forts, or local architecture. YatraNexus brand colors: navy #001b2a, orange #ff7a00, purple #4b2cff. Photorealistic, no text, no watermark. Technical: 3:2 landscape 1200×800."
odisha-chilika-lake-coastal-escape-5d4n-v8,package,Chilika Lake & Coastal Escape,8,public/images/packages/odisha-chilika-lake-coastal-escape-5d4n-v8.png,"Create a photorealistic travel image for ""Chilika Lake & Coastal Escape"" — 5-day Odisha holiday package, India. Scene: coastal beaches Jagannath Puri, Konark Sun Temple, Chilika lake. Style: Nature adventure — mountains, forests, rivers, wildlife hints. YatraNexus brand colors: navy #001b2a, orange #ff7a00, purple #4b2cff. Photorealistic, no text, no watermark. Technical: 3:2 landscape 1200×800."
odisha-chilika-lake-coastal-escape-5d4n-v9,package,Chilika Lake & Coastal Escape,9,public/images/packages/odisha-chilika-lake-coastal-escape-5d4n-v9.png,"Create a photorealistic travel image for ""Chilika Lake & Coastal Escape"" — 5-day Odisha holiday package, India. Scene: coastal beaches Jagannath Puri, Konark Sun Temple, Chilika lake. Style: Coastal or lakeside calm water reflection composition. YatraNexus brand colors: navy #001b2a, orange #ff7a00, purple #4b2cff. Photorealistic, no text, no watermark. Technical: 3:2 landscape 1200×800."
odisha-chilika-lake-coastal-escape-5d4n-v10,package,Chilika Lake & Coastal Escape,10,public/images/packages/odisha-chilika-lake-coastal-escape-5d4n-v10.png,"Create a photorealistic travel image for ""Chilika Lake & Coastal Escape"" — 5-day Odisha holiday package, India. Scene: coastal beaches Jagannath Puri, Konark Sun Temple, Chilika lake. Style: Clean package-card thumbnail — subject centered, minimal clutter. YatraNexus brand colors: navy #001b2a, orange #ff7a00, purple #4b2cff. Photorealistic, no text, no watermark. Technical: 3:2 landscape 1200×800."
odisha-bhubaneswar-puri-gopalpur-beach-holiday-6d5n-v1,package,Bhubaneswar – Puri – Gopalpur Beach Holiday,1,public/images/packages/odisha-bhubaneswar-puri-gopalpur-beach-holiday-6d5n-v1.png,"Create a photorealistic travel image for ""Bhubaneswar – Puri – Gopalpur Beach Holiday"" — 6-day Odisha holiday package, India. Scene: coastal beaches Jagannath Puri, Konark Sun Temple, Chilika lake. Style: Wide cinematic golden-hour landscape, premium travel brochure. YatraNexus brand colors: navy #001b2a, orange #ff7a00, purple #4b2cff. Photorealistic, no text, no watermark. Technical: 3:2 landscape 1200×800."
odisha-bhubaneswar-puri-gopalpur-beach-holiday-6d5n-v2,package,Bhubaneswar – Puri – Gopalpur Beach Holiday,2,public/images/packages/odisha-bhubaneswar-puri-gopalpur-beach-holiday-6d5n-v2.png,"Create a photorealistic travel image for ""Bhubaneswar – Puri – Gopalpur Beach Holiday"" — 6-day Odisha holiday package, India. Scene: coastal beaches Jagannath Puri, Konark Sun Temple, Chilika lake. Style: Bright daylight vibrant colors, inviting family-friendly mood. YatraNexus brand colors: navy #001b2a, orange #ff7a00, purple #4b2cff. Photorealistic, no text, no watermark. Technical: 3:2 landscape 1200×800."
odisha-bhubaneswar-puri-gopalpur-beach-holiday-6d5n-v3,package,Bhubaneswar – Puri – Gopalpur Beach Holiday,3,public/images/packages/odisha-bhubaneswar-puri-gopalpur-beach-holiday-6d5n-v3.png,"Create a photorealistic travel image for ""Bhubaneswar – Puri – Gopalpur Beach Holiday"" — 6-day Odisha holiday package, India. Scene: coastal beaches Jagannath Puri, Konark Sun Temple, Chilika lake. Style: Soft morning mist, peaceful serene atmosphere. YatraNexus brand colors: navy #001b2a, orange #ff7a00, purple #4b2cff. Photorealistic, no text, no watermark. Technical: 3:2 landscape 1200×800."
odisha-bhubaneswar-puri-gopalpur-beach-holiday-6d5n-v4,package,Bhubaneswar – Puri – Gopalpur Beach Holiday,4,public/images/packages/odisha-bhubaneswar-puri-gopalpur-beach-holiday-6d5n-v4.png,"Create a photorealistic travel image for ""Bhubaneswar – Puri – Gopalpur Beach Holiday"" — 6-day Odisha holiday package, India. Scene: coastal beaches Jagannath Puri, Konark Sun Temple, Chilika lake. Style: Dramatic sunset warm orange-pink sky, romantic mood. YatraNexus brand colors: navy #001b2a, orange #ff7a00, purple #4b2cff. Photorealistic, no text, no watermark. Technical: 3:2 landscape 1200×800."
odisha-bhubaneswar-puri-gopalpur-beach-holiday-6d5n-v5,package,Bhubaneswar – Puri – Gopalpur Beach Holiday,5,public/images/packages/odisha-bhubaneswar-puri-gopalpur-beach-holiday-6d5n-v5.png,"Create a photorealistic travel image for ""Bhubaneswar – Puri – Gopalpur Beach Holiday"" — 6-day Odisha holiday package, India. Scene: coastal beaches Jagannath Puri, Konark Sun Temple, Chilika lake. Style: Aerial drone bird's-eye view, epic panoramic scale. YatraNexus brand colors: navy #001b2a, orange #ff7a00, purple #4b2cff. Photorealistic, no text, no watermark. Technical: 3:2 landscape 1200×800."
odisha-bhubaneswar-puri-gopalpur-beach-holiday-6d5n-v6,package,Bhubaneswar – Puri – Gopalpur Beach Holiday,6,public/images/packages/odisha-bhubaneswar-puri-gopalpur-beach-holiday-6d5n-v6.png,"Create a photorealistic travel image for ""Bhubaneswar – Puri – Gopalpur Beach Holiday"" — 6-day Odisha holiday package, India. Scene: coastal beaches Jagannath Puri, Konark Sun Temple, Chilika lake. Style: Close-up iconic landmark detail, shallow depth of field. YatraNexus brand colors: navy #001b2a, orange #ff7a00, purple #4b2cff. Photorealistic, no text, no watermark. Technical: 3:2 landscape 1200×800."
odisha-bhubaneswar-puri-gopalpur-beach-holiday-6d5n-v7,package,Bhubaneswar – Puri – Gopalpur Beach Holiday,7,public/images/packages/odisha-bhubaneswar-puri-gopalpur-beach-holiday-6d5n-v7.png,"Create a photorealistic travel image for ""Bhubaneswar – Puri – Gopalpur Beach Holiday"" — 6-day Odisha holiday package, India. Scene: coastal beaches Jagannath Puri, Konark Sun Temple, Chilika lake. Style: Cultural heritage focus — temples, forts, or local architecture. YatraNexus brand colors: navy #001b2a, orange #ff7a00, purple #4b2cff. Photorealistic, no text, no watermark. Technical: 3:2 landscape 1200×800."
odisha-bhubaneswar-puri-gopalpur-beach-holiday-6d5n-v8,package,Bhubaneswar – Puri – Gopalpur Beach Holiday,8,public/images/packages/odisha-bhubaneswar-puri-gopalpur-beach-holiday-6d5n-v8.png,"Create a photorealistic travel image for ""Bhubaneswar – Puri – Gopalpur Beach Holiday"" — 6-day Odisha holiday package, India. Scene: coastal beaches Jagannath Puri, Konark Sun Temple, Chilika lake. Style: Nature adventure — mountains, forests, rivers, wildlife hints. YatraNexus brand colors: navy #001b2a, orange #ff7a00, purple #4b2cff. Photorealistic, no text, no watermark. Technical: 3:2 landscape 1200×800."
odisha-bhubaneswar-puri-gopalpur-beach-holiday-6d5n-v9,package,Bhubaneswar – Puri – Gopalpur Beach Holiday,9,public/images/packages/odisha-bhubaneswar-puri-gopalpur-beach-holiday-6d5n-v9.png,"Create a photorealistic travel image for ""Bhubaneswar – Puri – Gopalpur Beach Holiday"" — 6-day Odisha holiday package, India. Scene: coastal beaches Jagannath Puri, Konark Sun Temple, Chilika lake. Style: Coastal or lakeside calm water reflection composition. YatraNexus brand colors: navy #001b2a, orange #ff7a00, purple #4b2cff. Photorealistic, no text, no watermark. Technical: 3:2 landscape 1200×800."
odisha-bhubaneswar-puri-gopalpur-beach-holiday-6d5n-v10,package,Bhubaneswar – Puri – Gopalpur Beach Holiday,10,public/images/packages/odisha-bhubaneswar-puri-gopalpur-beach-holiday-6d5n-v10.png,"Create a photorealistic travel image for ""Bhubaneswar – Puri – Gopalpur Beach Holiday"" — 6-day Odisha holiday package, India. Scene: coastal beaches Jagannath Puri, Konark Sun Temple, Chilika lake. Style: Clean package-card thumbnail — subject centered, minimal clutter. YatraNexus brand colors: navy #001b2a, orange #ff7a00, purple #4b2cff. Photorealistic, no text, no watermark. Technical: 3:2 landscape 1200×800."
odisha-odisha-wildlife-nature-expedition-trending-6d5n-v1,package,Odisha Wildlife & Nature Expedition Trending,1,public/images/packages/odisha-odisha-wildlife-nature-expedition-trending-6d5n-v1.png,"Create a photorealistic travel image for ""Odisha Wildlife & Nature Expedition Trending"" — 6-day Odisha holiday package, India. Scene: wildlife safari Jagannath Puri, Konark Sun Temple, Chilika lake. Style: Wide cinematic golden-hour landscape, premium travel brochure. YatraNexus brand colors: navy #001b2a, orange #ff7a00, purple #4b2cff. Photorealistic, no text, no watermark. Technical: 3:2 landscape 1200×800."
odisha-odisha-wildlife-nature-expedition-trending-6d5n-v2,package,Odisha Wildlife & Nature Expedition Trending,2,public/images/packages/odisha-odisha-wildlife-nature-expedition-trending-6d5n-v2.png,"Create a photorealistic travel image for ""Odisha Wildlife & Nature Expedition Trending"" — 6-day Odisha holiday package, India. Scene: wildlife safari Jagannath Puri, Konark Sun Temple, Chilika lake. Style: Bright daylight vibrant colors, inviting family-friendly mood. YatraNexus brand colors: navy #001b2a, orange #ff7a00, purple #4b2cff. Photorealistic, no text, no watermark. Technical: 3:2 landscape 1200×800."
odisha-odisha-wildlife-nature-expedition-trending-6d5n-v3,package,Odisha Wildlife & Nature Expedition Trending,3,public/images/packages/odisha-odisha-wildlife-nature-expedition-trending-6d5n-v3.png,"Create a photorealistic travel image for ""Odisha Wildlife & Nature Expedition Trending"" — 6-day Odisha holiday package, India. Scene: wildlife safari Jagannath Puri, Konark Sun Temple, Chilika lake. Style: Soft morning mist, peaceful serene atmosphere. YatraNexus brand colors: navy #001b2a, orange #ff7a00, purple #4b2cff. Photorealistic, no text, no watermark. Technical: 3:2 landscape 1200×800."
odisha-odisha-wildlife-nature-expedition-trending-6d5n-v4,package,Odisha Wildlife & Nature Expedition Trending,4,public/images/packages/odisha-odisha-wildlife-nature-expedition-trending-6d5n-v4.png,"Create a photorealistic travel image for ""Odisha Wildlife & Nature Expedition Trending"" — 6-day Odisha holiday package, India. Scene: wildlife safari Jagannath Puri, Konark Sun Temple, Chilika lake. Style: Dramatic sunset warm orange-pink sky, romantic mood. YatraNexus brand colors: navy #001b2a, orange #ff7a00, purple #4b2cff. Photorealistic, no text, no watermark. Technical: 3:2 landscape 1200×800."
odisha-odisha-wildlife-nature-expedition-trending-6d5n-v5,package,Odisha Wildlife & Nature Expedition Trending,5,public/images/packages/odisha-odisha-wildlife-nature-expedition-trending-6d5n-v5.png,"Create a photorealistic travel image for ""Odisha Wildlife & Nature Expedition Trending"" — 6-day Odisha holiday package, India. Scene: wildlife safari Jagannath Puri, Konark Sun Temple, Chilika lake. Style: Aerial drone bird's-eye view, epic panoramic scale. YatraNexus brand colors: navy #001b2a, orange #ff7a00, purple #4b2cff. Photorealistic, no text, no watermark. Technical: 3:2 landscape 1200×800."
odisha-odisha-wildlife-nature-expedition-trending-6d5n-v6,package,Odisha Wildlife & Nature Expedition Trending,6,public/images/packages/odisha-odisha-wildlife-nature-expedition-trending-6d5n-v6.png,"Create a photorealistic travel image for ""Odisha Wildlife & Nature Expedition Trending"" — 6-day Odisha holiday package, India. Scene: wildlife safari Jagannath Puri, Konark Sun Temple, Chilika lake. Style: Close-up iconic landmark detail, shallow depth of field. YatraNexus brand colors: navy #001b2a, orange #ff7a00, purple #4b2cff. Photorealistic, no text, no watermark. Technical: 3:2 landscape 1200×800."
odisha-odisha-wildlife-nature-expedition-trending-6d5n-v7,package,Odisha Wildlife & Nature Expedition Trending,7,public/images/packages/odisha-odisha-wildlife-nature-expedition-trending-6d5n-v7.png,"Create a photorealistic travel image for ""Odisha Wildlife & Nature Expedition Trending"" — 6-day Odisha holiday package, India. Scene: wildlife safari Jagannath Puri, Konark Sun Temple, Chilika lake. Style: Cultural heritage focus — temples, forts, or local architecture. YatraNexus brand colors: navy #001b2a, orange #ff7a00, purple #4b2cff. Photorealistic, no text, no watermark. Technical: 3:2 landscape 1200×800."
odisha-odisha-wildlife-nature-expedition-trending-6d5n-v8,package,Odisha Wildlife & Nature Expedition Trending,8,public/images/packages/odisha-odisha-wildlife-nature-expedition-trending-6d5n-v8.png,"Create a photorealistic travel image for ""Odisha Wildlife & Nature Expedition Trending"" — 6-day Odisha holiday package, India. Scene: wildlife safari Jagannath Puri, Konark Sun Temple, Chilika lake. Style: Nature adventure — mountains, forests, rivers, wildlife hints. YatraNexus brand colors: navy #001b2a, orange #ff7a00, purple #4b2cff. Photorealistic, no text, no watermark. Technical: 3:2 landscape 1200×800."
odisha-odisha-wildlife-nature-expedition-trending-6d5n-v9,package,Odisha Wildlife & Nature Expedition Trending,9,public/images/packages/odisha-odisha-wildlife-nature-expedition-trending-6d5n-v9.png,"Create a photorealistic travel image for ""Odisha Wildlife & Nature Expedition Trending"" — 6-day Odisha holiday package, India. Scene: wildlife safari Jagannath Puri, Konark Sun Temple, Chilika lake. Style: Coastal or lakeside calm water reflection composition. YatraNexus brand colors: navy #001b2a, orange #ff7a00, purple #4b2cff. Photorealistic, no text, no watermark. Technical: 3:2 landscape 1200×800."
odisha-odisha-wildlife-nature-expedition-trending-6d5n-v10,package,Odisha Wildlife & Nature Expedition Trending,10,public/images/packages/odisha-odisha-wildlife-nature-expedition-trending-6d5n-v10.png,"Create a photorealistic travel image for ""Odisha Wildlife & Nature Expedition Trending"" — 6-day Odisha holiday package, India. Scene: wildlife safari Jagannath Puri, Konark Sun Temple, Chilika lake. Style: Clean package-card thumbnail — subject centered, minimal clutter. YatraNexus brand colors: navy #001b2a, orange #ff7a00, purple #4b2cff. Photorealistic, no text, no watermark. Technical: 3:2 landscape 1200×800."
odisha-complete-odisha-explorer-premium-8d7n-v1,package,Complete Odisha Explorer ⭐ Premium,1,public/images/packages/odisha-complete-odisha-explorer-premium-8d7n-v1.png,"Create a photorealistic travel image for ""Complete Odisha Explorer ⭐ Premium"" — 8-day Odisha holiday package, India. Scene: scenic highlights of Jagannath Puri, Konark Sun Temple, Chilika lake. Style: Wide cinematic golden-hour landscape, premium travel brochure. YatraNexus brand colors: navy #001b2a, orange #ff7a00, purple #4b2cff. Photorealistic, no text, no watermark. Technical: 3:2 landscape 1200×800."
odisha-complete-odisha-explorer-premium-8d7n-v2,package,Complete Odisha Explorer ⭐ Premium,2,public/images/packages/odisha-complete-odisha-explorer-premium-8d7n-v2.png,"Create a photorealistic travel image for ""Complete Odisha Explorer ⭐ Premium"" — 8-day Odisha holiday package, India. Scene: scenic highlights of Jagannath Puri, Konark Sun Temple, Chilika lake. Style: Bright daylight vibrant colors, inviting family-friendly mood. YatraNexus brand colors: navy #001b2a, orange #ff7a00, purple #4b2cff. Photorealistic, no text, no watermark. Technical: 3:2 landscape 1200×800."
odisha-complete-odisha-explorer-premium-8d7n-v3,package,Complete Odisha Explorer ⭐ Premium,3,public/images/packages/odisha-complete-odisha-explorer-premium-8d7n-v3.png,"Create a photorealistic travel image for ""Complete Odisha Explorer ⭐ Premium"" — 8-day Odisha holiday package, India. Scene: scenic highlights of Jagannath Puri, Konark Sun Temple, Chilika lake. Style: Soft morning mist, peaceful serene atmosphere. YatraNexus brand colors: navy #001b2a, orange #ff7a00, purple #4b2cff. Photorealistic, no text, no watermark. Technical: 3:2 landscape 1200×800."
odisha-complete-odisha-explorer-premium-8d7n-v4,package,Complete Odisha Explorer ⭐ Premium,4,public/images/packages/odisha-complete-odisha-explorer-premium-8d7n-v4.png,"Create a photorealistic travel image for ""Complete Odisha Explorer ⭐ Premium"" — 8-day Odisha holiday package, India. Scene: scenic highlights of Jagannath Puri, Konark Sun Temple, Chilika lake. Style: Dramatic sunset warm orange-pink sky, romantic mood. YatraNexus brand colors: navy #001b2a, orange #ff7a00, purple #4b2cff. Photorealistic, no text, no watermark. Technical: 3:2 landscape 1200×800."
odisha-complete-odisha-explorer-premium-8d7n-v5,package,Complete Odisha Explorer ⭐ Premium,5,public/images/packages/odisha-complete-odisha-explorer-premium-8d7n-v5.png,"Create a photorealistic travel image for ""Complete Odisha Explorer ⭐ Premium"" — 8-day Odisha holiday package, India. Scene: scenic highlights of Jagannath Puri, Konark Sun Temple, Chilika lake. Style: Aerial drone bird's-eye view, epic panoramic scale. YatraNexus brand colors: navy #001b2a, orange #ff7a00, purple #4b2cff. Photorealistic, no text, no watermark. Technical: 3:2 landscape 1200×800."
odisha-complete-odisha-explorer-premium-8d7n-v6,package,Complete Odisha Explorer ⭐ Premium,6,public/images/packages/odisha-complete-odisha-explorer-premium-8d7n-v6.png,"Create a photorealistic travel image for ""Complete Odisha Explorer ⭐ Premium"" — 8-day Odisha holiday package, India. Scene: scenic highlights of Jagannath Puri, Konark Sun Temple, Chilika lake. Style: Close-up iconic landmark detail, shallow depth of field. YatraNexus brand colors: navy #001b2a, orange #ff7a00, purple #4b2cff. Photorealistic, no text, no watermark. Technical: 3:2 landscape 1200×800."
odisha-complete-odisha-explorer-premium-8d7n-v7,package,Complete Odisha Explorer ⭐ Premium,7,public/images/packages/odisha-complete-odisha-explorer-premium-8d7n-v7.png,"Create a photorealistic travel image for ""Complete Odisha Explorer ⭐ Premium"" — 8-day Odisha holiday package, India. Scene: scenic highlights of Jagannath Puri, Konark Sun Temple, Chilika lake. Style: Cultural heritage focus — temples, forts, or local architecture. YatraNexus brand colors: navy #001b2a, orange #ff7a00, purple #4b2cff. Photorealistic, no text, no watermark. Technical: 3:2 landscape 1200×800."
odisha-complete-odisha-explorer-premium-8d7n-v8,package,Complete Odisha Explorer ⭐ Premium,8,public/images/packages/odisha-complete-odisha-explorer-premium-8d7n-v8.png,"Create a photorealistic travel image for ""Complete Odisha Explorer ⭐ Premium"" — 8-day Odisha holiday package, India. Scene: scenic highlights of Jagannath Puri, Konark Sun Temple, Chilika lake. Style: Nature adventure — mountains, forests, rivers, wildlife hints. YatraNexus brand colors: navy #001b2a, orange #ff7a00, purple #4b2cff. Photorealistic, no text, no watermark. Technical: 3:2 landscape 1200×800."
odisha-complete-odisha-explorer-premium-8d7n-v9,package,Complete Odisha Explorer ⭐ Premium,9,public/images/packages/odisha-complete-odisha-explorer-premium-8d7n-v9.png,"Create a photorealistic travel image for ""Complete Odisha Explorer ⭐ Premium"" — 8-day Odisha holiday package, India. Scene: scenic highlights of Jagannath Puri, Konark Sun Temple, Chilika lake. Style: Coastal or lakeside calm water reflection composition. YatraNexus brand colors: navy #001b2a, orange #ff7a00, purple #4b2cff. Photorealistic, no text, no watermark. Technical: 3:2 landscape 1200×800."
odisha-complete-odisha-explorer-premium-8d7n-v10,package,Complete Odisha Explorer ⭐ Premium,10,public/images/packages/odisha-complete-odisha-explorer-premium-8d7n-v10.png,"Create a photorealistic travel image for ""Complete Odisha Explorer ⭐ Premium"" — 8-day Odisha holiday package, India. Scene: scenic highlights of Jagannath Puri, Konark Sun Temple, Chilika lake. Style: Clean package-card thumbnail — subject centered, minimal clutter. YatraNexus brand colors: navy #001b2a, orange #ff7a00, purple #4b2cff. Photorealistic, no text, no watermark. Technical: 3:2 landscape 1200×800."
rajasthan-jaipur-heritage-tour-package-3d2n-v1,package,Jaipur Heritage Tour Package,1,public/images/packages/rajasthan-jaipur-heritage-tour-package-3d2n-v1.png,"Create a photorealistic travel image for ""Jaipur Heritage Tour Package"" — 3-day Rajasthan holiday package, India. Scene: heritage circuit amber forts, desert palaces, royal heritage architecture. Style: Wide cinematic golden-hour landscape, premium travel brochure. YatraNexus brand colors: navy #001b2a, orange #ff7a00, purple #4b2cff. Photorealistic, no text, no watermark. Technical: 3:2 landscape 1200×800."
rajasthan-jaipur-heritage-tour-package-3d2n-v2,package,Jaipur Heritage Tour Package,2,public/images/packages/rajasthan-jaipur-heritage-tour-package-3d2n-v2.png,"Create a photorealistic travel image for ""Jaipur Heritage Tour Package"" — 3-day Rajasthan holiday package, India. Scene: heritage circuit amber forts, desert palaces, royal heritage architecture. Style: Bright daylight vibrant colors, inviting family-friendly mood. YatraNexus brand colors: navy #001b2a, orange #ff7a00, purple #4b2cff. Photorealistic, no text, no watermark. Technical: 3:2 landscape 1200×800."
rajasthan-jaipur-heritage-tour-package-3d2n-v3,package,Jaipur Heritage Tour Package,3,public/images/packages/rajasthan-jaipur-heritage-tour-package-3d2n-v3.png,"Create a photorealistic travel image for ""Jaipur Heritage Tour Package"" — 3-day Rajasthan holiday package, India. Scene: heritage circuit amber forts, desert palaces, royal heritage architecture. Style: Soft morning mist, peaceful serene atmosphere. YatraNexus brand colors: navy #001b2a, orange #ff7a00, purple #4b2cff. Photorealistic, no text, no watermark. Technical: 3:2 landscape 1200×800."
rajasthan-jaipur-heritage-tour-package-3d2n-v4,package,Jaipur Heritage Tour Package,4,public/images/packages/rajasthan-jaipur-heritage-tour-package-3d2n-v4.png,"Create a photorealistic travel image for ""Jaipur Heritage Tour Package"" — 3-day Rajasthan holiday package, India. Scene: heritage circuit amber forts, desert palaces, royal heritage architecture. Style: Dramatic sunset warm orange-pink sky, romantic mood. YatraNexus brand colors: navy #001b2a, orange #ff7a00, purple #4b2cff. Photorealistic, no text, no watermark. Technical: 3:2 landscape 1200×800."
rajasthan-jaipur-heritage-tour-package-3d2n-v5,package,Jaipur Heritage Tour Package,5,public/images/packages/rajasthan-jaipur-heritage-tour-package-3d2n-v5.png,"Create a photorealistic travel image for ""Jaipur Heritage Tour Package"" — 3-day Rajasthan holiday package, India. Scene: heritage circuit amber forts, desert palaces, royal heritage architecture. Style: Aerial drone bird's-eye view, epic panoramic scale. YatraNexus brand colors: navy #001b2a, orange #ff7a00, purple #4b2cff. Photorealistic, no text, no watermark. Technical: 3:2 landscape 1200×800."
rajasthan-jaipur-heritage-tour-package-3d2n-v6,package,Jaipur Heritage Tour Package,6,public/images/packages/rajasthan-jaipur-heritage-tour-package-3d2n-v6.png,"Create a photorealistic travel image for ""Jaipur Heritage Tour Package"" — 3-day Rajasthan holiday package, India. Scene: heritage circuit amber forts, desert palaces, royal heritage architecture. Style: Close-up iconic landmark detail, shallow depth of field. YatraNexus brand colors: navy #001b2a, orange #ff7a00, purple #4b2cff. Photorealistic, no text, no watermark. Technical: 3:2 landscape 1200×800."
rajasthan-jaipur-heritage-tour-package-3d2n-v7,package,Jaipur Heritage Tour Package,7,public/images/packages/rajasthan-jaipur-heritage-tour-package-3d2n-v7.png,"Create a photorealistic travel image for ""Jaipur Heritage Tour Package"" — 3-day Rajasthan holiday package, India. Scene: heritage circuit amber forts, desert palaces, royal heritage architecture. Style: Cultural heritage focus — temples, forts, or local architecture. YatraNexus brand colors: navy #001b2a, orange #ff7a00, purple #4b2cff. Photorealistic, no text, no watermark. Technical: 3:2 landscape 1200×800."
rajasthan-jaipur-heritage-tour-package-3d2n-v8,package,Jaipur Heritage Tour Package,8,public/images/packages/rajasthan-jaipur-heritage-tour-package-3d2n-v8.png,"Create a photorealistic travel image for ""Jaipur Heritage Tour Package"" — 3-day Rajasthan holiday package, India. Scene: heritage circuit amber forts, desert palaces, royal heritage architecture. Style: Nature adventure — mountains, forests, rivers, wildlife hints. YatraNexus brand colors: navy #001b2a, orange #ff7a00, purple #4b2cff. Photorealistic, no text, no watermark. Technical: 3:2 landscape 1200×800."
rajasthan-jaipur-heritage-tour-package-3d2n-v9,package,Jaipur Heritage Tour Package,9,public/images/packages/rajasthan-jaipur-heritage-tour-package-3d2n-v9.png,"Create a photorealistic travel image for ""Jaipur Heritage Tour Package"" — 3-day Rajasthan holiday package, India. Scene: heritage circuit amber forts, desert palaces, royal heritage architecture. Style: Coastal or lakeside calm water reflection composition. YatraNexus brand colors: navy #001b2a, orange #ff7a00, purple #4b2cff. Photorealistic, no text, no watermark. Technical: 3:2 landscape 1200×800."
rajasthan-jaipur-heritage-tour-package-3d2n-v10,package,Jaipur Heritage Tour Package,10,public/images/packages/rajasthan-jaipur-heritage-tour-package-3d2n-v10.png,"Create a photorealistic travel image for ""Jaipur Heritage Tour Package"" — 3-day Rajasthan holiday package, India. Scene: heritage circuit amber forts, desert palaces, royal heritage architecture. Style: Clean package-card thumbnail — subject centered, minimal clutter. YatraNexus brand colors: navy #001b2a, orange #ff7a00, purple #4b2cff. Photorealistic, no text, no watermark. Technical: 3:2 landscape 1200×800."
rajasthan-jaisalmer-desert-experience-package-3d2n-v1,package,Jaisalmer Desert Experience Package,1,public/images/packages/rajasthan-jaisalmer-desert-experience-package-3d2n-v1.png,"Create a photorealistic travel image for ""Jaisalmer Desert Experience Package"" — 3-day Rajasthan holiday package, India. Scene: scenic highlights of amber forts, desert palaces, royal heritage architecture. Style: Wide cinematic golden-hour landscape, premium travel brochure. YatraNexus brand colors: navy #001b2a, orange #ff7a00, purple #4b2cff. Photorealistic, no text, no watermark. Technical: 3:2 landscape 1200×800."
rajasthan-jaisalmer-desert-experience-package-3d2n-v2,package,Jaisalmer Desert Experience Package,2,public/images/packages/rajasthan-jaisalmer-desert-experience-package-3d2n-v2.png,"Create a photorealistic travel image for ""Jaisalmer Desert Experience Package"" — 3-day Rajasthan holiday package, India. Scene: scenic highlights of amber forts, desert palaces, royal heritage architecture. Style: Bright daylight vibrant colors, inviting family-friendly mood. YatraNexus brand colors: navy #001b2a, orange #ff7a00, purple #4b2cff. Photorealistic, no text, no watermark. Technical: 3:2 landscape 1200×800."
rajasthan-jaisalmer-desert-experience-package-3d2n-v3,package,Jaisalmer Desert Experience Package,3,public/images/packages/rajasthan-jaisalmer-desert-experience-package-3d2n-v3.png,"Create a photorealistic travel image for ""Jaisalmer Desert Experience Package"" — 3-day Rajasthan holiday package, India. Scene: scenic highlights of amber forts, desert palaces, royal heritage architecture. Style: Soft morning mist, peaceful serene atmosphere. YatraNexus brand colors: navy #001b2a, orange #ff7a00, purple #4b2cff. Photorealistic, no text, no watermark. Technical: 3:2 landscape 1200×800."
rajasthan-jaisalmer-desert-experience-package-3d2n-v4,package,Jaisalmer Desert Experience Package,4,public/images/packages/rajasthan-jaisalmer-desert-experience-package-3d2n-v4.png,"Create a photorealistic travel image for ""Jaisalmer Desert Experience Package"" — 3-day Rajasthan holiday package, India. Scene: scenic highlights of amber forts, desert palaces, royal heritage architecture. Style: Dramatic sunset warm orange-pink sky, romantic mood. YatraNexus brand colors: navy #001b2a, orange #ff7a00, purple #4b2cff. Photorealistic, no text, no watermark. Technical: 3:2 landscape 1200×800."
rajasthan-jaisalmer-desert-experience-package-3d2n-v5,package,Jaisalmer Desert Experience Package,5,public/images/packages/rajasthan-jaisalmer-desert-experience-package-3d2n-v5.png,"Create a photorealistic travel image for ""Jaisalmer Desert Experience Package"" — 3-day Rajasthan holiday package, India. Scene: scenic highlights of amber forts, desert palaces, royal heritage architecture. Style: Aerial drone bird's-eye view, epic panoramic scale. YatraNexus brand colors: navy #001b2a, orange #ff7a00, purple #4b2cff. Photorealistic, no text, no watermark. Technical: 3:2 landscape 1200×800."
rajasthan-jaisalmer-desert-experience-package-3d2n-v6,package,Jaisalmer Desert Experience Package,6,public/images/packages/rajasthan-jaisalmer-desert-experience-package-3d2n-v6.png,"Create a photorealistic travel image for ""Jaisalmer Desert Experience Package"" — 3-day Rajasthan holiday package, India. Scene: scenic highlights of amber forts, desert palaces, royal heritage architecture. Style: Close-up iconic landmark detail, shallow depth of field. YatraNexus brand colors: navy #001b2a, orange #ff7a00, purple #4b2cff. Photorealistic, no text, no watermark. Technical: 3:2 landscape 1200×800."
rajasthan-jaisalmer-desert-experience-package-3d2n-v7,package,Jaisalmer Desert Experience Package,7,public/images/packages/rajasthan-jaisalmer-desert-experience-package-3d2n-v7.png,"Create a photorealistic travel image for ""Jaisalmer Desert Experience Package"" — 3-day Rajasthan holiday package, India. Scene: scenic highlights of amber forts, desert palaces, royal heritage architecture. Style: Cultural heritage focus — temples, forts, or local architecture. YatraNexus brand colors: navy #001b2a, orange #ff7a00, purple #4b2cff. Photorealistic, no text, no watermark. Technical: 3:2 landscape 1200×800."
rajasthan-jaisalmer-desert-experience-package-3d2n-v8,package,Jaisalmer Desert Experience Package,8,public/images/packages/rajasthan-jaisalmer-desert-experience-package-3d2n-v8.png,"Create a photorealistic travel image for ""Jaisalmer Desert Experience Package"" — 3-day Rajasthan holiday package, India. Scene: scenic highlights of amber forts, desert palaces, royal heritage architecture. Style: Nature adventure — mountains, forests, rivers, wildlife hints. YatraNexus brand colors: navy #001b2a, orange #ff7a00, purple #4b2cff. Photorealistic, no text, no watermark. Technical: 3:2 landscape 1200×800."
rajasthan-jaisalmer-desert-experience-package-3d2n-v9,package,Jaisalmer Desert Experience Package,9,public/images/packages/rajasthan-jaisalmer-desert-experience-package-3d2n-v9.png,"Create a photorealistic travel image for ""Jaisalmer Desert Experience Package"" — 3-day Rajasthan holiday package, India. Scene: scenic highlights of amber forts, desert palaces, royal heritage architecture. Style: Coastal or lakeside calm water reflection composition. YatraNexus brand colors: navy #001b2a, orange #ff7a00, purple #4b2cff. Photorealistic, no text, no watermark. Technical: 3:2 landscape 1200×800."
rajasthan-jaisalmer-desert-experience-package-3d2n-v10,package,Jaisalmer Desert Experience Package,10,public/images/packages/rajasthan-jaisalmer-desert-experience-package-3d2n-v10.png,"Create a photorealistic travel image for ""Jaisalmer Desert Experience Package"" — 3-day Rajasthan holiday package, India. Scene: scenic highlights of amber forts, desert palaces, royal heritage architecture. Style: Clean package-card thumbnail — subject centered, minimal clutter. YatraNexus brand colors: navy #001b2a, orange #ff7a00, purple #4b2cff. Photorealistic, no text, no watermark. Technical: 3:2 landscape 1200×800."
rajasthan-udaipur-nathdwara-weekend-tour-3d2n-v1,package,Udaipur – Nathdwara Weekend Tour,1,public/images/packages/rajasthan-udaipur-nathdwara-weekend-tour-3d2n-v1.png,"Create a photorealistic travel image for ""Udaipur – Nathdwara Weekend Tour"" — 3-day Rajasthan holiday package, India. Scene: scenic highlights of amber forts, desert palaces, royal heritage architecture. Style: Wide cinematic golden-hour landscape, premium travel brochure. YatraNexus brand colors: navy #001b2a, orange #ff7a00, purple #4b2cff. Photorealistic, no text, no watermark. Technical: 3:2 landscape 1200×800."
rajasthan-udaipur-nathdwara-weekend-tour-3d2n-v2,package,Udaipur – Nathdwara Weekend Tour,2,public/images/packages/rajasthan-udaipur-nathdwara-weekend-tour-3d2n-v2.png,"Create a photorealistic travel image for ""Udaipur – Nathdwara Weekend Tour"" — 3-day Rajasthan holiday package, India. Scene: scenic highlights of amber forts, desert palaces, royal heritage architecture. Style: Bright daylight vibrant colors, inviting family-friendly mood. YatraNexus brand colors: navy #001b2a, orange #ff7a00, purple #4b2cff. Photorealistic, no text, no watermark. Technical: 3:2 landscape 1200×800."
rajasthan-udaipur-nathdwara-weekend-tour-3d2n-v3,package,Udaipur – Nathdwara Weekend Tour,3,public/images/packages/rajasthan-udaipur-nathdwara-weekend-tour-3d2n-v3.png,"Create a photorealistic travel image for ""Udaipur – Nathdwara Weekend Tour"" — 3-day Rajasthan holiday package, India. Scene: scenic highlights of amber forts, desert palaces, royal heritage architecture. Style: Soft morning mist, peaceful serene atmosphere. YatraNexus brand colors: navy #001b2a, orange #ff7a00, purple #4b2cff. Photorealistic, no text, no watermark. Technical: 3:2 landscape 1200×800."
rajasthan-udaipur-nathdwara-weekend-tour-3d2n-v4,package,Udaipur – Nathdwara Weekend Tour,4,public/images/packages/rajasthan-udaipur-nathdwara-weekend-tour-3d2n-v4.png,"Create a photorealistic travel image for ""Udaipur – Nathdwara Weekend Tour"" — 3-day Rajasthan holiday package, India. Scene: scenic highlights of amber forts, desert palaces, royal heritage architecture. Style: Dramatic sunset warm orange-pink sky, romantic mood. YatraNexus brand colors: navy #001b2a, orange #ff7a00, purple #4b2cff. Photorealistic, no text, no watermark. Technical: 3:2 landscape 1200×800."
rajasthan-udaipur-nathdwara-weekend-tour-3d2n-v5,package,Udaipur – Nathdwara Weekend Tour,5,public/images/packages/rajasthan-udaipur-nathdwara-weekend-tour-3d2n-v5.png,"Create a photorealistic travel image for ""Udaipur – Nathdwara Weekend Tour"" — 3-day Rajasthan holiday package, India. Scene: scenic highlights of amber forts, desert palaces, royal heritage architecture. Style: Aerial drone bird's-eye view, epic panoramic scale. YatraNexus brand colors: navy #001b2a, orange #ff7a00, purple #4b2cff. Photorealistic, no text, no watermark. Technical: 3:2 landscape 1200×800."
rajasthan-udaipur-nathdwara-weekend-tour-3d2n-v6,package,Udaipur – Nathdwara Weekend Tour,6,public/images/packages/rajasthan-udaipur-nathdwara-weekend-tour-3d2n-v6.png,"Create a photorealistic travel image for ""Udaipur – Nathdwara Weekend Tour"" — 3-day Rajasthan holiday package, India. Scene: scenic highlights of amber forts, desert palaces, royal heritage architecture. Style: Close-up iconic landmark detail, shallow depth of field. YatraNexus brand colors: navy #001b2a, orange #ff7a00, purple #4b2cff. Photorealistic, no text, no watermark. Technical: 3:2 landscape 1200×800."
rajasthan-udaipur-nathdwara-weekend-tour-3d2n-v7,package,Udaipur – Nathdwara Weekend Tour,7,public/images/packages/rajasthan-udaipur-nathdwara-weekend-tour-3d2n-v7.png,"Create a photorealistic travel image for ""Udaipur – Nathdwara Weekend Tour"" — 3-day Rajasthan holiday package, India. Scene: scenic highlights of amber forts, desert palaces, royal heritage architecture. Style: Cultural heritage focus — temples, forts, or local architecture. YatraNexus brand colors: navy #001b2a, orange #ff7a00, purple #4b2cff. Photorealistic, no text, no watermark. Technical: 3:2 landscape 1200×800."
rajasthan-udaipur-nathdwara-weekend-tour-3d2n-v8,package,Udaipur – Nathdwara Weekend Tour,8,public/images/packages/rajasthan-udaipur-nathdwara-weekend-tour-3d2n-v8.png,"Create a photorealistic travel image for ""Udaipur – Nathdwara Weekend Tour"" — 3-day Rajasthan holiday package, India. Scene: scenic highlights of amber forts, desert palaces, royal heritage architecture. Style: Nature adventure — mountains, forests, rivers, wildlife hints. YatraNexus brand colors: navy #001b2a, orange #ff7a00, purple #4b2cff. Photorealistic, no text, no watermark. Technical: 3:2 landscape 1200×800."
rajasthan-udaipur-nathdwara-weekend-tour-3d2n-v9,package,Udaipur – Nathdwara Weekend Tour,9,public/images/packages/rajasthan-udaipur-nathdwara-weekend-tour-3d2n-v9.png,"Create a photorealistic travel image for ""Udaipur – Nathdwara Weekend Tour"" — 3-day Rajasthan holiday package, India. Scene: scenic highlights of amber forts, desert palaces, royal heritage architecture. Style: Coastal or lakeside calm water reflection composition. YatraNexus brand colors: navy #001b2a, orange #ff7a00, purple #4b2cff. Photorealistic, no text, no watermark. Technical: 3:2 landscape 1200×800."
rajasthan-udaipur-nathdwara-weekend-tour-3d2n-v10,package,Udaipur – Nathdwara Weekend Tour,10,public/images/packages/rajasthan-udaipur-nathdwara-weekend-tour-3d2n-v10.png,"Create a photorealistic travel image for ""Udaipur – Nathdwara Weekend Tour"" — 3-day Rajasthan holiday package, India. Scene: scenic highlights of amber forts, desert palaces, royal heritage architecture. Style: Clean package-card thumbnail — subject centered, minimal clutter. YatraNexus brand colors: navy #001b2a, orange #ff7a00, purple #4b2cff. Photorealistic, no text, no watermark. Technical: 3:2 landscape 1200×800."
rajasthan-jodhpur-jaisalmer-desert-tour-6d5n-v1,package,Jodhpur – Jaisalmer Desert Tour,1,public/images/packages/rajasthan-jodhpur-jaisalmer-desert-tour-6d5n-v1.png,"Create a photorealistic travel image for ""Jodhpur – Jaisalmer Desert Tour"" — 6-day Rajasthan holiday package, India. Scene: scenic highlights of amber forts, desert palaces, royal heritage architecture. Style: Wide cinematic golden-hour landscape, premium travel brochure. YatraNexus brand colors: navy #001b2a, orange #ff7a00, purple #4b2cff. Photorealistic, no text, no watermark. Technical: 3:2 landscape 1200×800."
rajasthan-jodhpur-jaisalmer-desert-tour-6d5n-v2,package,Jodhpur – Jaisalmer Desert Tour,2,public/images/packages/rajasthan-jodhpur-jaisalmer-desert-tour-6d5n-v2.png,"Create a photorealistic travel image for ""Jodhpur – Jaisalmer Desert Tour"" — 6-day Rajasthan holiday package, India. Scene: scenic highlights of amber forts, desert palaces, royal heritage architecture. Style: Bright daylight vibrant colors, inviting family-friendly mood. YatraNexus brand colors: navy #001b2a, orange #ff7a00, purple #4b2cff. Photorealistic, no text, no watermark. Technical: 3:2 landscape 1200×800."
rajasthan-jodhpur-jaisalmer-desert-tour-6d5n-v3,package,Jodhpur – Jaisalmer Desert Tour,3,public/images/packages/rajasthan-jodhpur-jaisalmer-desert-tour-6d5n-v3.png,"Create a photorealistic travel image for ""Jodhpur – Jaisalmer Desert Tour"" — 6-day Rajasthan holiday package, India. Scene: scenic highlights of amber forts, desert palaces, royal heritage architecture. Style: Soft morning mist, peaceful serene atmosphere. YatraNexus brand colors: navy #001b2a, orange #ff7a00, purple #4b2cff. Photorealistic, no text, no watermark. Technical: 3:2 landscape 1200×800."
rajasthan-jodhpur-jaisalmer-desert-tour-6d5n-v4,package,Jodhpur – Jaisalmer Desert Tour,4,public/images/packages/rajasthan-jodhpur-jaisalmer-desert-tour-6d5n-v4.png,"Create a photorealistic travel image for ""Jodhpur – Jaisalmer Desert Tour"" — 6-day Rajasthan holiday package, India. Scene: scenic highlights of amber forts, desert palaces, royal heritage architecture. Style: Dramatic sunset warm orange-pink sky, romantic mood. YatraNexus brand colors: navy #001b2a, orange #ff7a00, purple #4b2cff. Photorealistic, no text, no watermark. Technical: 3:2 landscape 1200×800."
rajasthan-jodhpur-jaisalmer-desert-tour-6d5n-v5,package,Jodhpur – Jaisalmer Desert Tour,5,public/images/packages/rajasthan-jodhpur-jaisalmer-desert-tour-6d5n-v5.png,"Create a photorealistic travel image for ""Jodhpur – Jaisalmer Desert Tour"" — 6-day Rajasthan holiday package, India. Scene: scenic highlights of amber forts, desert palaces, royal heritage architecture. Style: Aerial drone bird's-eye view, epic panoramic scale. YatraNexus brand colors: navy #001b2a, orange #ff7a00, purple #4b2cff. Photorealistic, no text, no watermark. Technical: 3:2 landscape 1200×800."
rajasthan-jodhpur-jaisalmer-desert-tour-6d5n-v6,package,Jodhpur – Jaisalmer Desert Tour,6,public/images/packages/rajasthan-jodhpur-jaisalmer-desert-tour-6d5n-v6.png,"Create a photorealistic travel image for ""Jodhpur – Jaisalmer Desert Tour"" — 6-day Rajasthan holiday package, India. Scene: scenic highlights of amber forts, desert palaces, royal heritage architecture. Style: Close-up iconic landmark detail, shallow depth of field. YatraNexus brand colors: navy #001b2a, orange #ff7a00, purple #4b2cff. Photorealistic, no text, no watermark. Technical: 3:2 landscape 1200×800."
rajasthan-jodhpur-jaisalmer-desert-tour-6d5n-v7,package,Jodhpur – Jaisalmer Desert Tour,7,public/images/packages/rajasthan-jodhpur-jaisalmer-desert-tour-6d5n-v7.png,"Create a photorealistic travel image for ""Jodhpur – Jaisalmer Desert Tour"" — 6-day Rajasthan holiday package, India. Scene: scenic highlights of amber forts, desert palaces, royal heritage architecture. Style: Cultural heritage focus — temples, forts, or local architecture. YatraNexus brand colors: navy #001b2a, orange #ff7a00, purple #4b2cff. Photorealistic, no text, no watermark. Technical: 3:2 landscape 1200×800."
rajasthan-jodhpur-jaisalmer-desert-tour-6d5n-v8,package,Jodhpur – Jaisalmer Desert Tour,8,public/images/packages/rajasthan-jodhpur-jaisalmer-desert-tour-6d5n-v8.png,"Create a photorealistic travel image for ""Jodhpur – Jaisalmer Desert Tour"" — 6-day Rajasthan holiday package, India. Scene: scenic highlights of amber forts, desert palaces, royal heritage architecture. Style: Nature adventure — mountains, forests, rivers, wildlife hints. YatraNexus brand colors: navy #001b2a, orange #ff7a00, purple #4b2cff. Photorealistic, no text, no watermark. Technical: 3:2 landscape 1200×800."
rajasthan-jodhpur-jaisalmer-desert-tour-6d5n-v9,package,Jodhpur – Jaisalmer Desert Tour,9,public/images/packages/rajasthan-jodhpur-jaisalmer-desert-tour-6d5n-v9.png,"Create a photorealistic travel image for ""Jodhpur – Jaisalmer Desert Tour"" — 6-day Rajasthan holiday package, India. Scene: scenic highlights of amber forts, desert palaces, royal heritage architecture. Style: Coastal or lakeside calm water reflection composition. YatraNexus brand colors: navy #001b2a, orange #ff7a00, purple #4b2cff. Photorealistic, no text, no watermark. Technical: 3:2 landscape 1200×800."
rajasthan-jodhpur-jaisalmer-desert-tour-6d5n-v10,package,Jodhpur – Jaisalmer Desert Tour,10,public/images/packages/rajasthan-jodhpur-jaisalmer-desert-tour-6d5n-v10.png,"Create a photorealistic travel image for ""Jodhpur – Jaisalmer Desert Tour"" — 6-day Rajasthan holiday package, India. Scene: scenic highlights of amber forts, desert palaces, royal heritage architecture. Style: Clean package-card thumbnail — subject centered, minimal clutter. YatraNexus brand colors: navy #001b2a, orange #ff7a00, purple #4b2cff. Photorealistic, no text, no watermark. Technical: 3:2 landscape 1200×800."
rajasthan-best-of-rajasthan-tour-10d9n-v1,package,Best of Rajasthan Tour,1,public/images/packages/rajasthan-best-of-rajasthan-tour-10d9n-v1.png,"Create a photorealistic travel image for ""Best of Rajasthan Tour"" — 10-day Rajasthan holiday package, India. Scene: scenic highlights of amber forts, desert palaces, royal heritage architecture. Style: Wide cinematic golden-hour landscape, premium travel brochure. YatraNexus brand colors: navy #001b2a, orange #ff7a00, purple #4b2cff. Photorealistic, no text, no watermark. Technical: 3:2 landscape 1200×800."
rajasthan-best-of-rajasthan-tour-10d9n-v2,package,Best of Rajasthan Tour,2,public/images/packages/rajasthan-best-of-rajasthan-tour-10d9n-v2.png,"Create a photorealistic travel image for ""Best of Rajasthan Tour"" — 10-day Rajasthan holiday package, India. Scene: scenic highlights of amber forts, desert palaces, royal heritage architecture. Style: Bright daylight vibrant colors, inviting family-friendly mood. YatraNexus brand colors: navy #001b2a, orange #ff7a00, purple #4b2cff. Photorealistic, no text, no watermark. Technical: 3:2 landscape 1200×800."
rajasthan-best-of-rajasthan-tour-10d9n-v3,package,Best of Rajasthan Tour,3,public/images/packages/rajasthan-best-of-rajasthan-tour-10d9n-v3.png,"Create a photorealistic travel image for ""Best of Rajasthan Tour"" — 10-day Rajasthan holiday package, India. Scene: scenic highlights of amber forts, desert palaces, royal heritage architecture. Style: Soft morning mist, peaceful serene atmosphere. YatraNexus brand colors: navy #001b2a, orange #ff7a00, purple #4b2cff. Photorealistic, no text, no watermark. Technical: 3:2 landscape 1200×800."
rajasthan-best-of-rajasthan-tour-10d9n-v4,package,Best of Rajasthan Tour,4,public/images/packages/rajasthan-best-of-rajasthan-tour-10d9n-v4.png,"Create a photorealistic travel image for ""Best of Rajasthan Tour"" — 10-day Rajasthan holiday package, India. Scene: scenic highlights of amber forts, desert palaces, royal heritage architecture. Style: Dramatic sunset warm orange-pink sky, romantic mood. YatraNexus brand colors: navy #001b2a, orange #ff7a00, purple #4b2cff. Photorealistic, no text, no watermark. Technical: 3:2 landscape 1200×800."
rajasthan-best-of-rajasthan-tour-10d9n-v5,package,Best of Rajasthan Tour,5,public/images/packages/rajasthan-best-of-rajasthan-tour-10d9n-v5.png,"Create a photorealistic travel image for ""Best of Rajasthan Tour"" — 10-day Rajasthan holiday package, India. Scene: scenic highlights of amber forts, desert palaces, royal heritage architecture. Style: Aerial drone bird's-eye view, epic panoramic scale. YatraNexus brand colors: navy #001b2a, orange #ff7a00, purple #4b2cff. Photorealistic, no text, no watermark. Technical: 3:2 landscape 1200×800."
rajasthan-best-of-rajasthan-tour-10d9n-v6,package,Best of Rajasthan Tour,6,public/images/packages/rajasthan-best-of-rajasthan-tour-10d9n-v6.png,"Create a photorealistic travel image for ""Best of Rajasthan Tour"" — 10-day Rajasthan holiday package, India. Scene: scenic highlights of amber forts, desert palaces, royal heritage architecture. Style: Close-up iconic landmark detail, shallow depth of field. YatraNexus brand colors: navy #001b2a, orange #ff7a00, purple #4b2cff. Photorealistic, no text, no watermark. Technical: 3:2 landscape 1200×800."
rajasthan-best-of-rajasthan-tour-10d9n-v7,package,Best of Rajasthan Tour,7,public/images/packages/rajasthan-best-of-rajasthan-tour-10d9n-v7.png,"Create a photorealistic travel image for ""Best of Rajasthan Tour"" — 10-day Rajasthan holiday package, India. Scene: scenic highlights of amber forts, desert palaces, royal heritage architecture. Style: Cultural heritage focus — temples, forts, or local architecture. YatraNexus brand colors: navy #001b2a, orange #ff7a00, purple #4b2cff. Photorealistic, no text, no watermark. Technical: 3:2 landscape 1200×800."
rajasthan-best-of-rajasthan-tour-10d9n-v8,package,Best of Rajasthan Tour,8,public/images/packages/rajasthan-best-of-rajasthan-tour-10d9n-v8.png,"Create a photorealistic travel image for ""Best of Rajasthan Tour"" — 10-day Rajasthan holiday package, India. Scene: scenic highlights of amber forts, desert palaces, royal heritage architecture. Style: Nature adventure — mountains, forests, rivers, wildlife hints. YatraNexus brand colors: navy #001b2a, orange #ff7a00, purple #4b2cff. Photorealistic, no text, no watermark. Technical: 3:2 landscape 1200×800."
rajasthan-best-of-rajasthan-tour-10d9n-v9,package,Best of Rajasthan Tour,9,public/images/packages/rajasthan-best-of-rajasthan-tour-10d9n-v9.png,"Create a photorealistic travel image for ""Best of Rajasthan Tour"" — 10-day Rajasthan holiday package, India. Scene: scenic highlights of amber forts, desert palaces, royal heritage architecture. Style: Coastal or lakeside calm water reflection composition. YatraNexus brand colors: navy #001b2a, orange #ff7a00, purple #4b2cff. Photorealistic, no text, no watermark. Technical: 3:2 landscape 1200×800."
rajasthan-best-of-rajasthan-tour-10d9n-v10,package,Best of Rajasthan Tour,10,public/images/packages/rajasthan-best-of-rajasthan-tour-10d9n-v10.png,"Create a photorealistic travel image for ""Best of Rajasthan Tour"" — 10-day Rajasthan holiday package, India. Scene: scenic highlights of amber forts, desert palaces, royal heritage architecture. Style: Clean package-card thumbnail — subject centered, minimal clutter. YatraNexus brand colors: navy #001b2a, orange #ff7a00, purple #4b2cff. Photorealistic, no text, no watermark. Technical: 3:2 landscape 1200×800."
rajasthan-jawai-leopard-safari-escape-3d2n-v1,package,Jawai Leopard Safari Escape,1,public/images/packages/rajasthan-jawai-leopard-safari-escape-3d2n-v1.png,"Create a photorealistic travel image for ""Jawai Leopard Safari Escape"" — 3-day Rajasthan holiday package, India. Scene: wildlife safari amber forts, desert palaces, royal heritage architecture. Style: Wide cinematic golden-hour landscape, premium travel brochure. YatraNexus brand colors: navy #001b2a, orange #ff7a00, purple #4b2cff. Photorealistic, no text, no watermark. Technical: 3:2 landscape 1200×800."
rajasthan-jawai-leopard-safari-escape-3d2n-v2,package,Jawai Leopard Safari Escape,2,public/images/packages/rajasthan-jawai-leopard-safari-escape-3d2n-v2.png,"Create a photorealistic travel image for ""Jawai Leopard Safari Escape"" — 3-day Rajasthan holiday package, India. Scene: wildlife safari amber forts, desert palaces, royal heritage architecture. Style: Bright daylight vibrant colors, inviting family-friendly mood. YatraNexus brand colors: navy #001b2a, orange #ff7a00, purple #4b2cff. Photorealistic, no text, no watermark. Technical: 3:2 landscape 1200×800."
rajasthan-jawai-leopard-safari-escape-3d2n-v3,package,Jawai Leopard Safari Escape,3,public/images/packages/rajasthan-jawai-leopard-safari-escape-3d2n-v3.png,"Create a photorealistic travel image for ""Jawai Leopard Safari Escape"" — 3-day Rajasthan holiday package, India. Scene: wildlife safari amber forts, desert palaces, royal heritage architecture. Style: Soft morning mist, peaceful serene atmosphere. YatraNexus brand colors: navy #001b2a, orange #ff7a00, purple #4b2cff. Photorealistic, no text, no watermark. Technical: 3:2 landscape 1200×800."
rajasthan-jawai-leopard-safari-escape-3d2n-v4,package,Jawai Leopard Safari Escape,4,public/images/packages/rajasthan-jawai-leopard-safari-escape-3d2n-v4.png,"Create a photorealistic travel image for ""Jawai Leopard Safari Escape"" — 3-day Rajasthan holiday package, India. Scene: wildlife safari amber forts, desert palaces, royal heritage architecture. Style: Dramatic sunset warm orange-pink sky, romantic mood. YatraNexus brand colors: navy #001b2a, orange #ff7a00, purple #4b2cff. Photorealistic, no text, no watermark. Technical: 3:2 landscape 1200×800."
rajasthan-jawai-leopard-safari-escape-3d2n-v5,package,Jawai Leopard Safari Escape,5,public/images/packages/rajasthan-jawai-leopard-safari-escape-3d2n-v5.png,"Create a photorealistic travel image for ""Jawai Leopard Safari Escape"" — 3-day Rajasthan holiday package, India. Scene: wildlife safari amber forts, desert palaces, royal heritage architecture. Style: Aerial drone bird's-eye view, epic panoramic scale. YatraNexus brand colors: navy #001b2a, orange #ff7a00, purple #4b2cff. Photorealistic, no text, no watermark. Technical: 3:2 landscape 1200×800."
rajasthan-jawai-leopard-safari-escape-3d2n-v6,package,Jawai Leopard Safari Escape,6,public/images/packages/rajasthan-jawai-leopard-safari-escape-3d2n-v6.png,"Create a photorealistic travel image for ""Jawai Leopard Safari Escape"" — 3-day Rajasthan holiday package, India. Scene: wildlife safari amber forts, desert palaces, royal heritage architecture. Style: Close-up iconic landmark detail, shallow depth of field. YatraNexus brand colors: navy #001b2a, orange #ff7a00, purple #4b2cff. Photorealistic, no text, no watermark. Technical: 3:2 landscape 1200×800."
rajasthan-jawai-leopard-safari-escape-3d2n-v7,package,Jawai Leopard Safari Escape,7,public/images/packages/rajasthan-jawai-leopard-safari-escape-3d2n-v7.png,"Create a photorealistic travel image for ""Jawai Leopard Safari Escape"" — 3-day Rajasthan holiday package, India. Scene: wildlife safari amber forts, desert palaces, royal heritage architecture. Style: Cultural heritage focus — temples, forts, or local architecture. YatraNexus brand colors: navy #001b2a, orange #ff7a00, purple #4b2cff. Photorealistic, no text, no watermark. Technical: 3:2 landscape 1200×800."
rajasthan-jawai-leopard-safari-escape-3d2n-v8,package,Jawai Leopard Safari Escape,8,public/images/packages/rajasthan-jawai-leopard-safari-escape-3d2n-v8.png,"Create a photorealistic travel image for ""Jawai Leopard Safari Escape"" — 3-day Rajasthan holiday package, India. Scene: wildlife safari amber forts, desert palaces, royal heritage architecture. Style: Nature adventure — mountains, forests, rivers, wildlife hints. YatraNexus brand colors: navy #001b2a, orange #ff7a00, purple #4b2cff. Photorealistic, no text, no watermark. Technical: 3:2 landscape 1200×800."
rajasthan-jawai-leopard-safari-escape-3d2n-v9,package,Jawai Leopard Safari Escape,9,public/images/packages/rajasthan-jawai-leopard-safari-escape-3d2n-v9.png,"Create a photorealistic travel image for ""Jawai Leopard Safari Escape"" — 3-day Rajasthan holiday package, India. Scene: wildlife safari amber forts, desert palaces, royal heritage architecture. Style: Coastal or lakeside calm water reflection composition. YatraNexus brand colors: navy #001b2a, orange #ff7a00, purple #4b2cff. Photorealistic, no text, no watermark. Technical: 3:2 landscape 1200×800."
rajasthan-jawai-leopard-safari-escape-3d2n-v10,package,Jawai Leopard Safari Escape,10,public/images/packages/rajasthan-jawai-leopard-safari-escape-3d2n-v10.png,"Create a photorealistic travel image for ""Jawai Leopard Safari Escape"" — 3-day Rajasthan holiday package, India. Scene: wildlife safari amber forts, desert palaces, royal heritage architecture. Style: Clean package-card thumbnail — subject centered, minimal clutter. YatraNexus brand colors: navy #001b2a, orange #ff7a00, purple #4b2cff. Photorealistic, no text, no watermark. Technical: 3:2 landscape 1200×800."
uttarakhand-haridwar-rishikesh-spiritual-tour-3d2n-v1,package,Haridwar – Rishikesh Spiritual Tour,1,public/images/packages/uttarakhand-haridwar-rishikesh-spiritual-tour-3d2n-v1.png,"Create a photorealistic travel image for ""Haridwar – Rishikesh Spiritual Tour"" — 3-day Uttarakhand holiday package, India. Scene: scenic highlights of Himalayan spirituality, Rishikesh, hill stations. Style: Wide cinematic golden-hour landscape, premium travel brochure. YatraNexus brand colors: navy #001b2a, orange #ff7a00, purple #4b2cff. Photorealistic, no text, no watermark. Technical: 3:2 landscape 1200×800."
uttarakhand-haridwar-rishikesh-spiritual-tour-3d2n-v2,package,Haridwar – Rishikesh Spiritual Tour,2,public/images/packages/uttarakhand-haridwar-rishikesh-spiritual-tour-3d2n-v2.png,"Create a photorealistic travel image for ""Haridwar – Rishikesh Spiritual Tour"" — 3-day Uttarakhand holiday package, India. Scene: scenic highlights of Himalayan spirituality, Rishikesh, hill stations. Style: Bright daylight vibrant colors, inviting family-friendly mood. YatraNexus brand colors: navy #001b2a, orange #ff7a00, purple #4b2cff. Photorealistic, no text, no watermark. Technical: 3:2 landscape 1200×800."
uttarakhand-haridwar-rishikesh-spiritual-tour-3d2n-v3,package,Haridwar – Rishikesh Spiritual Tour,3,public/images/packages/uttarakhand-haridwar-rishikesh-spiritual-tour-3d2n-v3.png,"Create a photorealistic travel image for ""Haridwar – Rishikesh Spiritual Tour"" — 3-day Uttarakhand holiday package, India. Scene: scenic highlights of Himalayan spirituality, Rishikesh, hill stations. Style: Soft morning mist, peaceful serene atmosphere. YatraNexus brand colors: navy #001b2a, orange #ff7a00, purple #4b2cff. Photorealistic, no text, no watermark. Technical: 3:2 landscape 1200×800."
uttarakhand-haridwar-rishikesh-spiritual-tour-3d2n-v4,package,Haridwar – Rishikesh Spiritual Tour,4,public/images/packages/uttarakhand-haridwar-rishikesh-spiritual-tour-3d2n-v4.png,"Create a photorealistic travel image for ""Haridwar – Rishikesh Spiritual Tour"" — 3-day Uttarakhand holiday package, India. Scene: scenic highlights of Himalayan spirituality, Rishikesh, hill stations. Style: Dramatic sunset warm orange-pink sky, romantic mood. YatraNexus brand colors: navy #001b2a, orange #ff7a00, purple #4b2cff. Photorealistic, no text, no watermark. Technical: 3:2 landscape 1200×800."
uttarakhand-haridwar-rishikesh-spiritual-tour-3d2n-v5,package,Haridwar – Rishikesh Spiritual Tour,5,public/images/packages/uttarakhand-haridwar-rishikesh-spiritual-tour-3d2n-v5.png,"Create a photorealistic travel image for ""Haridwar – Rishikesh Spiritual Tour"" — 3-day Uttarakhand holiday package, India. Scene: scenic highlights of Himalayan spirituality, Rishikesh, hill stations. Style: Aerial drone bird's-eye view, epic panoramic scale. YatraNexus brand colors: navy #001b2a, orange #ff7a00, purple #4b2cff. Photorealistic, no text, no watermark. Technical: 3:2 landscape 1200×800."
uttarakhand-haridwar-rishikesh-spiritual-tour-3d2n-v6,package,Haridwar – Rishikesh Spiritual Tour,6,public/images/packages/uttarakhand-haridwar-rishikesh-spiritual-tour-3d2n-v6.png,"Create a photorealistic travel image for ""Haridwar – Rishikesh Spiritual Tour"" — 3-day Uttarakhand holiday package, India. Scene: scenic highlights of Himalayan spirituality, Rishikesh, hill stations. Style: Close-up iconic landmark detail, shallow depth of field. YatraNexus brand colors: navy #001b2a, orange #ff7a00, purple #4b2cff. Photorealistic, no text, no watermark. Technical: 3:2 landscape 1200×800."
uttarakhand-haridwar-rishikesh-spiritual-tour-3d2n-v7,package,Haridwar – Rishikesh Spiritual Tour,7,public/images/packages/uttarakhand-haridwar-rishikesh-spiritual-tour-3d2n-v7.png,"Create a photorealistic travel image for ""Haridwar – Rishikesh Spiritual Tour"" — 3-day Uttarakhand holiday package, India. Scene: scenic highlights of Himalayan spirituality, Rishikesh, hill stations. Style: Cultural heritage focus — temples, forts, or local architecture. YatraNexus brand colors: navy #001b2a, orange #ff7a00, purple #4b2cff. Photorealistic, no text, no watermark. Technical: 3:2 landscape 1200×800."
uttarakhand-haridwar-rishikesh-spiritual-tour-3d2n-v8,package,Haridwar – Rishikesh Spiritual Tour,8,public/images/packages/uttarakhand-haridwar-rishikesh-spiritual-tour-3d2n-v8.png,"Create a photorealistic travel image for ""Haridwar – Rishikesh Spiritual Tour"" — 3-day Uttarakhand holiday package, India. Scene: scenic highlights of Himalayan spirituality, Rishikesh, hill stations. Style: Nature adventure — mountains, forests, rivers, wildlife hints. YatraNexus brand colors: navy #001b2a, orange #ff7a00, purple #4b2cff. Photorealistic, no text, no watermark. Technical: 3:2 landscape 1200×800."
uttarakhand-haridwar-rishikesh-spiritual-tour-3d2n-v9,package,Haridwar – Rishikesh Spiritual Tour,9,public/images/packages/uttarakhand-haridwar-rishikesh-spiritual-tour-3d2n-v9.png,"Create a photorealistic travel image for ""Haridwar – Rishikesh Spiritual Tour"" — 3-day Uttarakhand holiday package, India. Scene: scenic highlights of Himalayan spirituality, Rishikesh, hill stations. Style: Coastal or lakeside calm water reflection composition. YatraNexus brand colors: navy #001b2a, orange #ff7a00, purple #4b2cff. Photorealistic, no text, no watermark. Technical: 3:2 landscape 1200×800."
uttarakhand-haridwar-rishikesh-spiritual-tour-3d2n-v10,package,Haridwar – Rishikesh Spiritual Tour,10,public/images/packages/uttarakhand-haridwar-rishikesh-spiritual-tour-3d2n-v10.png,"Create a photorealistic travel image for ""Haridwar – Rishikesh Spiritual Tour"" — 3-day Uttarakhand holiday package, India. Scene: scenic highlights of Himalayan spirituality, Rishikesh, hill stations. Style: Clean package-card thumbnail — subject centered, minimal clutter. YatraNexus brand colors: navy #001b2a, orange #ff7a00, purple #4b2cff. Photorealistic, no text, no watermark. Technical: 3:2 landscape 1200×800."
uttarakhand-mussoorie-hill-station-tour-3d2n-v1,package,Mussoorie Hill Station Tour,1,public/images/packages/uttarakhand-mussoorie-hill-station-tour-3d2n-v1.png,"Create a photorealistic travel image for ""Mussoorie Hill Station Tour"" — 3-day Uttarakhand holiday package, India. Scene: scenic highlights of Himalayan spirituality, Rishikesh, hill stations. Style: Wide cinematic golden-hour landscape, premium travel brochure. YatraNexus brand colors: navy #001b2a, orange #ff7a00, purple #4b2cff. Photorealistic, no text, no watermark. Technical: 3:2 landscape 1200×800."
uttarakhand-mussoorie-hill-station-tour-3d2n-v2,package,Mussoorie Hill Station Tour,2,public/images/packages/uttarakhand-mussoorie-hill-station-tour-3d2n-v2.png,"Create a photorealistic travel image for ""Mussoorie Hill Station Tour"" — 3-day Uttarakhand holiday package, India. Scene: scenic highlights of Himalayan spirituality, Rishikesh, hill stations. Style: Bright daylight vibrant colors, inviting family-friendly mood. YatraNexus brand colors: navy #001b2a, orange #ff7a00, purple #4b2cff. Photorealistic, no text, no watermark. Technical: 3:2 landscape 1200×800."
uttarakhand-mussoorie-hill-station-tour-3d2n-v3,package,Mussoorie Hill Station Tour,3,public/images/packages/uttarakhand-mussoorie-hill-station-tour-3d2n-v3.png,"Create a photorealistic travel image for ""Mussoorie Hill Station Tour"" — 3-day Uttarakhand holiday package, India. Scene: scenic highlights of Himalayan spirituality, Rishikesh, hill stations. Style: Soft morning mist, peaceful serene atmosphere. YatraNexus brand colors: navy #001b2a, orange #ff7a00, purple #4b2cff. Photorealistic, no text, no watermark. Technical: 3:2 landscape 1200×800."
uttarakhand-mussoorie-hill-station-tour-3d2n-v4,package,Mussoorie Hill Station Tour,4,public/images/packages/uttarakhand-mussoorie-hill-station-tour-3d2n-v4.png,"Create a photorealistic travel image for ""Mussoorie Hill Station Tour"" — 3-day Uttarakhand holiday package, India. Scene: scenic highlights of Himalayan spirituality, Rishikesh, hill stations. Style: Dramatic sunset warm orange-pink sky, romantic mood. YatraNexus brand colors: navy #001b2a, orange #ff7a00, purple #4b2cff. Photorealistic, no text, no watermark. Technical: 3:2 landscape 1200×800."
uttarakhand-mussoorie-hill-station-tour-3d2n-v5,package,Mussoorie Hill Station Tour,5,public/images/packages/uttarakhand-mussoorie-hill-station-tour-3d2n-v5.png,"Create a photorealistic travel image for ""Mussoorie Hill Station Tour"" — 3-day Uttarakhand holiday package, India. Scene: scenic highlights of Himalayan spirituality, Rishikesh, hill stations. Style: Aerial drone bird's-eye view, epic panoramic scale. YatraNexus brand colors: navy #001b2a, orange #ff7a00, purple #4b2cff. Photorealistic, no text, no watermark. Technical: 3:2 landscape 1200×800."
uttarakhand-mussoorie-hill-station-tour-3d2n-v6,package,Mussoorie Hill Station Tour,6,public/images/packages/uttarakhand-mussoorie-hill-station-tour-3d2n-v6.png,"Create a photorealistic travel image for ""Mussoorie Hill Station Tour"" — 3-day Uttarakhand holiday package, India. Scene: scenic highlights of Himalayan spirituality, Rishikesh, hill stations. Style: Close-up iconic landmark detail, shallow depth of field. YatraNexus brand colors: navy #001b2a, orange #ff7a00, purple #4b2cff. Photorealistic, no text, no watermark. Technical: 3:2 landscape 1200×800."
uttarakhand-mussoorie-hill-station-tour-3d2n-v7,package,Mussoorie Hill Station Tour,7,public/images/packages/uttarakhand-mussoorie-hill-station-tour-3d2n-v7.png,"Create a photorealistic travel image for ""Mussoorie Hill Station Tour"" — 3-day Uttarakhand holiday package, India. Scene: scenic highlights of Himalayan spirituality, Rishikesh, hill stations. Style: Cultural heritage focus — temples, forts, or local architecture. YatraNexus brand colors: navy #001b2a, orange #ff7a00, purple #4b2cff. Photorealistic, no text, no watermark. Technical: 3:2 landscape 1200×800."
uttarakhand-mussoorie-hill-station-tour-3d2n-v8,package,Mussoorie Hill Station Tour,8,public/images/packages/uttarakhand-mussoorie-hill-station-tour-3d2n-v8.png,"Create a photorealistic travel image for ""Mussoorie Hill Station Tour"" — 3-day Uttarakhand holiday package, India. Scene: scenic highlights of Himalayan spirituality, Rishikesh, hill stations. Style: Nature adventure — mountains, forests, rivers, wildlife hints. YatraNexus brand colors: navy #001b2a, orange #ff7a00, purple #4b2cff. Photorealistic, no text, no watermark. Technical: 3:2 landscape 1200×800."
uttarakhand-mussoorie-hill-station-tour-3d2n-v9,package,Mussoorie Hill Station Tour,9,public/images/packages/uttarakhand-mussoorie-hill-station-tour-3d2n-v9.png,"Create a photorealistic travel image for ""Mussoorie Hill Station Tour"" — 3-day Uttarakhand holiday package, India. Scene: scenic highlights of Himalayan spirituality, Rishikesh, hill stations. Style: Coastal or lakeside calm water reflection composition. YatraNexus brand colors: navy #001b2a, orange #ff7a00, purple #4b2cff. Photorealistic, no text, no watermark. Technical: 3:2 landscape 1200×800."
uttarakhand-mussoorie-hill-station-tour-3d2n-v10,package,Mussoorie Hill Station Tour,10,public/images/packages/uttarakhand-mussoorie-hill-station-tour-3d2n-v10.png,"Create a photorealistic travel image for ""Mussoorie Hill Station Tour"" — 3-day Uttarakhand holiday package, India. Scene: scenic highlights of Himalayan spirituality, Rishikesh, hill stations. Style: Clean package-card thumbnail — subject centered, minimal clutter. YatraNexus brand colors: navy #001b2a, orange #ff7a00, purple #4b2cff. Photorealistic, no text, no watermark. Technical: 3:2 landscape 1200×800."
uttarakhand-nainital-jim-corbett-tour-5d4n-v1,package,Nainital & Jim Corbett Tour,1,public/images/packages/uttarakhand-nainital-jim-corbett-tour-5d4n-v1.png,"Create a photorealistic travel image for ""Nainital & Jim Corbett Tour"" — 5-day Uttarakhand holiday package, India. Scene: scenic highlights of Himalayan spirituality, Rishikesh, hill stations. Style: Wide cinematic golden-hour landscape, premium travel brochure. YatraNexus brand colors: navy #001b2a, orange #ff7a00, purple #4b2cff. Photorealistic, no text, no watermark. Technical: 3:2 landscape 1200×800."
uttarakhand-nainital-jim-corbett-tour-5d4n-v2,package,Nainital & Jim Corbett Tour,2,public/images/packages/uttarakhand-nainital-jim-corbett-tour-5d4n-v2.png,"Create a photorealistic travel image for ""Nainital & Jim Corbett Tour"" — 5-day Uttarakhand holiday package, India. Scene: scenic highlights of Himalayan spirituality, Rishikesh, hill stations. Style: Bright daylight vibrant colors, inviting family-friendly mood. YatraNexus brand colors: navy #001b2a, orange #ff7a00, purple #4b2cff. Photorealistic, no text, no watermark. Technical: 3:2 landscape 1200×800."
uttarakhand-nainital-jim-corbett-tour-5d4n-v3,package,Nainital & Jim Corbett Tour,3,public/images/packages/uttarakhand-nainital-jim-corbett-tour-5d4n-v3.png,"Create a photorealistic travel image for ""Nainital & Jim Corbett Tour"" — 5-day Uttarakhand holiday package, India. Scene: scenic highlights of Himalayan spirituality, Rishikesh, hill stations. Style: Soft morning mist, peaceful serene atmosphere. YatraNexus brand colors: navy #001b2a, orange #ff7a00, purple #4b2cff. Photorealistic, no text, no watermark. Technical: 3:2 landscape 1200×800."
uttarakhand-nainital-jim-corbett-tour-5d4n-v4,package,Nainital & Jim Corbett Tour,4,public/images/packages/uttarakhand-nainital-jim-corbett-tour-5d4n-v4.png,"Create a photorealistic travel image for ""Nainital & Jim Corbett Tour"" — 5-day Uttarakhand holiday package, India. Scene: scenic highlights of Himalayan spirituality, Rishikesh, hill stations. Style: Dramatic sunset warm orange-pink sky, romantic mood. YatraNexus brand colors: navy #001b2a, orange #ff7a00, purple #4b2cff. Photorealistic, no text, no watermark. Technical: 3:2 landscape 1200×800."
uttarakhand-nainital-jim-corbett-tour-5d4n-v5,package,Nainital & Jim Corbett Tour,5,public/images/packages/uttarakhand-nainital-jim-corbett-tour-5d4n-v5.png,"Create a photorealistic travel image for ""Nainital & Jim Corbett Tour"" — 5-day Uttarakhand holiday package, India. Scene: scenic highlights of Himalayan spirituality, Rishikesh, hill stations. Style: Aerial drone bird's-eye view, epic panoramic scale. YatraNexus brand colors: navy #001b2a, orange #ff7a00, purple #4b2cff. Photorealistic, no text, no watermark. Technical: 3:2 landscape 1200×800."
uttarakhand-nainital-jim-corbett-tour-5d4n-v6,package,Nainital & Jim Corbett Tour,6,public/images/packages/uttarakhand-nainital-jim-corbett-tour-5d4n-v6.png,"Create a photorealistic travel image for ""Nainital & Jim Corbett Tour"" — 5-day Uttarakhand holiday package, India. Scene: scenic highlights of Himalayan spirituality, Rishikesh, hill stations. Style: Close-up iconic landmark detail, shallow depth of field. YatraNexus brand colors: navy #001b2a, orange #ff7a00, purple #4b2cff. Photorealistic, no text, no watermark. Technical: 3:2 landscape 1200×800."
uttarakhand-nainital-jim-corbett-tour-5d4n-v7,package,Nainital & Jim Corbett Tour,7,public/images/packages/uttarakhand-nainital-jim-corbett-tour-5d4n-v7.png,"Create a photorealistic travel image for ""Nainital & Jim Corbett Tour"" — 5-day Uttarakhand holiday package, India. Scene: scenic highlights of Himalayan spirituality, Rishikesh, hill stations. Style: Cultural heritage focus — temples, forts, or local architecture. YatraNexus brand colors: navy #001b2a, orange #ff7a00, purple #4b2cff. Photorealistic, no text, no watermark. Technical: 3:2 landscape 1200×800."
uttarakhand-nainital-jim-corbett-tour-5d4n-v8,package,Nainital & Jim Corbett Tour,8,public/images/packages/uttarakhand-nainital-jim-corbett-tour-5d4n-v8.png,"Create a photorealistic travel image for ""Nainital & Jim Corbett Tour"" — 5-day Uttarakhand holiday package, India. Scene: scenic highlights of Himalayan spirituality, Rishikesh, hill stations. Style: Nature adventure — mountains, forests, rivers, wildlife hints. YatraNexus brand colors: navy #001b2a, orange #ff7a00, purple #4b2cff. Photorealistic, no text, no watermark. Technical: 3:2 landscape 1200×800."
uttarakhand-nainital-jim-corbett-tour-5d4n-v9,package,Nainital & Jim Corbett Tour,9,public/images/packages/uttarakhand-nainital-jim-corbett-tour-5d4n-v9.png,"Create a photorealistic travel image for ""Nainital & Jim Corbett Tour"" — 5-day Uttarakhand holiday package, India. Scene: scenic highlights of Himalayan spirituality, Rishikesh, hill stations. Style: Coastal or lakeside calm water reflection composition. YatraNexus brand colors: navy #001b2a, orange #ff7a00, purple #4b2cff. Photorealistic, no text, no watermark. Technical: 3:2 landscape 1200×800."
uttarakhand-nainital-jim-corbett-tour-5d4n-v10,package,Nainital & Jim Corbett Tour,10,public/images/packages/uttarakhand-nainital-jim-corbett-tour-5d4n-v10.png,"Create a photorealistic travel image for ""Nainital & Jim Corbett Tour"" — 5-day Uttarakhand holiday package, India. Scene: scenic highlights of Himalayan spirituality, Rishikesh, hill stations. Style: Clean package-card thumbnail — subject centered, minimal clutter. YatraNexus brand colors: navy #001b2a, orange #ff7a00, purple #4b2cff. Photorealistic, no text, no watermark. Technical: 3:2 landscape 1200×800."
uttarakhand-nainital-honeymoon-package-4d3n-v1,package,Nainital Honeymoon Package,1,public/images/packages/uttarakhand-nainital-honeymoon-package-4d3n-v1.png,"Create a photorealistic travel image for ""Nainital Honeymoon Package"" — 4-day Uttarakhand holiday package, India. Scene: romantic Himalayan spirituality, Rishikesh, hill stations, intimate luxury mood. Style: Wide cinematic golden-hour landscape, premium travel brochure. YatraNexus brand colors: navy #001b2a, orange #ff7a00, purple #4b2cff. Photorealistic, no text, no watermark. Technical: 3:2 landscape 1200×800."
uttarakhand-nainital-honeymoon-package-4d3n-v2,package,Nainital Honeymoon Package,2,public/images/packages/uttarakhand-nainital-honeymoon-package-4d3n-v2.png,"Create a photorealistic travel image for ""Nainital Honeymoon Package"" — 4-day Uttarakhand holiday package, India. Scene: romantic Himalayan spirituality, Rishikesh, hill stations, intimate luxury mood. Style: Bright daylight vibrant colors, inviting family-friendly mood. YatraNexus brand colors: navy #001b2a, orange #ff7a00, purple #4b2cff. Photorealistic, no text, no watermark. Technical: 3:2 landscape 1200×800."
uttarakhand-nainital-honeymoon-package-4d3n-v3,package,Nainital Honeymoon Package,3,public/images/packages/uttarakhand-nainital-honeymoon-package-4d3n-v3.png,"Create a photorealistic travel image for ""Nainital Honeymoon Package"" — 4-day Uttarakhand holiday package, India. Scene: romantic Himalayan spirituality, Rishikesh, hill stations, intimate luxury mood. Style: Soft morning mist, peaceful serene atmosphere. YatraNexus brand colors: navy #001b2a, orange #ff7a00, purple #4b2cff. Photorealistic, no text, no watermark. Technical: 3:2 landscape 1200×800."
uttarakhand-nainital-honeymoon-package-4d3n-v4,package,Nainital Honeymoon Package,4,public/images/packages/uttarakhand-nainital-honeymoon-package-4d3n-v4.png,"Create a photorealistic travel image for ""Nainital Honeymoon Package"" — 4-day Uttarakhand holiday package, India. Scene: romantic Himalayan spirituality, Rishikesh, hill stations, intimate luxury mood. Style: Dramatic sunset warm orange-pink sky, romantic mood. YatraNexus brand colors: navy #001b2a, orange #ff7a00, purple #4b2cff. Photorealistic, no text, no watermark. Technical: 3:2 landscape 1200×800."
uttarakhand-nainital-honeymoon-package-4d3n-v5,package,Nainital Honeymoon Package,5,public/images/packages/uttarakhand-nainital-honeymoon-package-4d3n-v5.png,"Create a photorealistic travel image for ""Nainital Honeymoon Package"" — 4-day Uttarakhand holiday package, India. Scene: romantic Himalayan spirituality, Rishikesh, hill stations, intimate luxury mood. Style: Aerial drone bird's-eye view, epic panoramic scale. YatraNexus brand colors: navy #001b2a, orange #ff7a00, purple #4b2cff. Photorealistic, no text, no watermark. Technical: 3:2 landscape 1200×800."
uttarakhand-nainital-honeymoon-package-4d3n-v6,package,Nainital Honeymoon Package,6,public/images/packages/uttarakhand-nainital-honeymoon-package-4d3n-v6.png,"Create a photorealistic travel image for ""Nainital Honeymoon Package"" — 4-day Uttarakhand holiday package, India. Scene: romantic Himalayan spirituality, Rishikesh, hill stations, intimate luxury mood. Style: Close-up iconic landmark detail, shallow depth of field. YatraNexus brand colors: navy #001b2a, orange #ff7a00, purple #4b2cff. Photorealistic, no text, no watermark. Technical: 3:2 landscape 1200×800."
uttarakhand-nainital-honeymoon-package-4d3n-v7,package,Nainital Honeymoon Package,7,public/images/packages/uttarakhand-nainital-honeymoon-package-4d3n-v7.png,"Create a photorealistic travel image for ""Nainital Honeymoon Package"" — 4-day Uttarakhand holiday package, India. Scene: romantic Himalayan spirituality, Rishikesh, hill stations, intimate luxury mood. Style: Cultural heritage focus — temples, forts, or local architecture. YatraNexus brand colors: navy #001b2a, orange #ff7a00, purple #4b2cff. Photorealistic, no text, no watermark. Technical: 3:2 landscape 1200×800."
uttarakhand-nainital-honeymoon-package-4d3n-v8,package,Nainital Honeymoon Package,8,public/images/packages/uttarakhand-nainital-honeymoon-package-4d3n-v8.png,"Create a photorealistic travel image for ""Nainital Honeymoon Package"" — 4-day Uttarakhand holiday package, India. Scene: romantic Himalayan spirituality, Rishikesh, hill stations, intimate luxury mood. Style: Nature adventure — mountains, forests, rivers, wildlife hints. YatraNexus brand colors: navy #001b2a, orange #ff7a00, purple #4b2cff. Photorealistic, no text, no watermark. Technical: 3:2 landscape 1200×800."
uttarakhand-nainital-honeymoon-package-4d3n-v9,package,Nainital Honeymoon Package,9,public/images/packages/uttarakhand-nainital-honeymoon-package-4d3n-v9.png,"Create a photorealistic travel image for ""Nainital Honeymoon Package"" — 4-day Uttarakhand holiday package, India. Scene: romantic Himalayan spirituality, Rishikesh, hill stations, intimate luxury mood. Style: Coastal or lakeside calm water reflection composition. YatraNexus brand colors: navy #001b2a, orange #ff7a00, purple #4b2cff. Photorealistic, no text, no watermark. Technical: 3:2 landscape 1200×800."
uttarakhand-nainital-honeymoon-package-4d3n-v10,package,Nainital Honeymoon Package,10,public/images/packages/uttarakhand-nainital-honeymoon-package-4d3n-v10.png,"Create a photorealistic travel image for ""Nainital Honeymoon Package"" — 4-day Uttarakhand holiday package, India. Scene: romantic Himalayan spirituality, Rishikesh, hill stations, intimate luxury mood. Style: Clean package-card thumbnail — subject centered, minimal clutter. YatraNexus brand colors: navy #001b2a, orange #ff7a00, purple #4b2cff. Photorealistic, no text, no watermark. Technical: 3:2 landscape 1200×800."
uttarakhand-char-dham-yatra-package-10d9n-v1,package,Char Dham Yatra Package,1,public/images/packages/uttarakhand-char-dham-yatra-package-10d9n-v1.png,"Create a photorealistic travel image for ""Char Dham Yatra Package"" — 10-day Uttarakhand holiday package, India. Scene: scenic highlights of Himalayan spirituality, Rishikesh, hill stations. Style: Wide cinematic golden-hour landscape, premium travel brochure. YatraNexus brand colors: navy #001b2a, orange #ff7a00, purple #4b2cff. Photorealistic, no text, no watermark. Technical: 3:2 landscape 1200×800."
uttarakhand-char-dham-yatra-package-10d9n-v2,package,Char Dham Yatra Package,2,public/images/packages/uttarakhand-char-dham-yatra-package-10d9n-v2.png,"Create a photorealistic travel image for ""Char Dham Yatra Package"" — 10-day Uttarakhand holiday package, India. Scene: scenic highlights of Himalayan spirituality, Rishikesh, hill stations. Style: Bright daylight vibrant colors, inviting family-friendly mood. YatraNexus brand colors: navy #001b2a, orange #ff7a00, purple #4b2cff. Photorealistic, no text, no watermark. Technical: 3:2 landscape 1200×800."
uttarakhand-char-dham-yatra-package-10d9n-v3,package,Char Dham Yatra Package,3,public/images/packages/uttarakhand-char-dham-yatra-package-10d9n-v3.png,"Create a photorealistic travel image for ""Char Dham Yatra Package"" — 10-day Uttarakhand holiday package, India. Scene: scenic highlights of Himalayan spirituality, Rishikesh, hill stations. Style: Soft morning mist, peaceful serene atmosphere. YatraNexus brand colors: navy #001b2a, orange #ff7a00, purple #4b2cff. Photorealistic, no text, no watermark. Technical: 3:2 landscape 1200×800."
uttarakhand-char-dham-yatra-package-10d9n-v4,package,Char Dham Yatra Package,4,public/images/packages/uttarakhand-char-dham-yatra-package-10d9n-v4.png,"Create a photorealistic travel image for ""Char Dham Yatra Package"" — 10-day Uttarakhand holiday package, India. Scene: scenic highlights of Himalayan spirituality, Rishikesh, hill stations. Style: Dramatic sunset warm orange-pink sky, romantic mood. YatraNexus brand colors: navy #001b2a, orange #ff7a00, purple #4b2cff. Photorealistic, no text, no watermark. Technical: 3:2 landscape 1200×800."
uttarakhand-char-dham-yatra-package-10d9n-v5,package,Char Dham Yatra Package,5,public/images/packages/uttarakhand-char-dham-yatra-package-10d9n-v5.png,"Create a photorealistic travel image for ""Char Dham Yatra Package"" — 10-day Uttarakhand holiday package, India. Scene: scenic highlights of Himalayan spirituality, Rishikesh, hill stations. Style: Aerial drone bird's-eye view, epic panoramic scale. YatraNexus brand colors: navy #001b2a, orange #ff7a00, purple #4b2cff. Photorealistic, no text, no watermark. Technical: 3:2 landscape 1200×800."
uttarakhand-char-dham-yatra-package-10d9n-v6,package,Char Dham Yatra Package,6,public/images/packages/uttarakhand-char-dham-yatra-package-10d9n-v6.png,"Create a photorealistic travel image for ""Char Dham Yatra Package"" — 10-day Uttarakhand holiday package, India. Scene: scenic highlights of Himalayan spirituality, Rishikesh, hill stations. Style: Close-up iconic landmark detail, shallow depth of field. YatraNexus brand colors: navy #001b2a, orange #ff7a00, purple #4b2cff. Photorealistic, no text, no watermark. Technical: 3:2 landscape 1200×800."
uttarakhand-char-dham-yatra-package-10d9n-v7,package,Char Dham Yatra Package,7,public/images/packages/uttarakhand-char-dham-yatra-package-10d9n-v7.png,"Create a photorealistic travel image for ""Char Dham Yatra Package"" — 10-day Uttarakhand holiday package, India. Scene: scenic highlights of Himalayan spirituality, Rishikesh, hill stations. Style: Cultural heritage focus — temples, forts, or local architecture. YatraNexus brand colors: navy #001b2a, orange #ff7a00, purple #4b2cff. Photorealistic, no text, no watermark. Technical: 3:2 landscape 1200×800."
uttarakhand-char-dham-yatra-package-10d9n-v8,package,Char Dham Yatra Package,8,public/images/packages/uttarakhand-char-dham-yatra-package-10d9n-v8.png,"Create a photorealistic travel image for ""Char Dham Yatra Package"" — 10-day Uttarakhand holiday package, India. Scene: scenic highlights of Himalayan spirituality, Rishikesh, hill stations. Style: Nature adventure — mountains, forests, rivers, wildlife hints. YatraNexus brand colors: navy #001b2a, orange #ff7a00, purple #4b2cff. Photorealistic, no text, no watermark. Technical: 3:2 landscape 1200×800."
uttarakhand-char-dham-yatra-package-10d9n-v9,package,Char Dham Yatra Package,9,public/images/packages/uttarakhand-char-dham-yatra-package-10d9n-v9.png,"Create a photorealistic travel image for ""Char Dham Yatra Package"" — 10-day Uttarakhand holiday package, India. Scene: scenic highlights of Himalayan spirituality, Rishikesh, hill stations. Style: Coastal or lakeside calm water reflection composition. YatraNexus brand colors: navy #001b2a, orange #ff7a00, purple #4b2cff. Photorealistic, no text, no watermark. Technical: 3:2 landscape 1200×800."
uttarakhand-char-dham-yatra-package-10d9n-v10,package,Char Dham Yatra Package,10,public/images/packages/uttarakhand-char-dham-yatra-package-10d9n-v10.png,"Create a photorealistic travel image for ""Char Dham Yatra Package"" — 10-day Uttarakhand holiday package, India. Scene: scenic highlights of Himalayan spirituality, Rishikesh, hill stations. Style: Clean package-card thumbnail — subject centered, minimal clutter. YatraNexus brand colors: navy #001b2a, orange #ff7a00, purple #4b2cff. Photorealistic, no text, no watermark. Technical: 3:2 landscape 1200×800."
uttarakhand-complete-uttarakhand-tour-package-9d8n-v1,package,Complete Uttarakhand Tour Package,1,public/images/packages/uttarakhand-complete-uttarakhand-tour-package-9d8n-v1.png,"Create a photorealistic travel image for ""Complete Uttarakhand Tour Package"" — 9-day Uttarakhand holiday package, India. Scene: scenic highlights of Himalayan spirituality, Rishikesh, hill stations. Style: Wide cinematic golden-hour landscape, premium travel brochure. YatraNexus brand colors: navy #001b2a, orange #ff7a00, purple #4b2cff. Photorealistic, no text, no watermark. Technical: 3:2 landscape 1200×800."
uttarakhand-complete-uttarakhand-tour-package-9d8n-v2,package,Complete Uttarakhand Tour Package,2,public/images/packages/uttarakhand-complete-uttarakhand-tour-package-9d8n-v2.png,"Create a photorealistic travel image for ""Complete Uttarakhand Tour Package"" — 9-day Uttarakhand holiday package, India. Scene: scenic highlights of Himalayan spirituality, Rishikesh, hill stations. Style: Bright daylight vibrant colors, inviting family-friendly mood. YatraNexus brand colors: navy #001b2a, orange #ff7a00, purple #4b2cff. Photorealistic, no text, no watermark. Technical: 3:2 landscape 1200×800."
uttarakhand-complete-uttarakhand-tour-package-9d8n-v3,package,Complete Uttarakhand Tour Package,3,public/images/packages/uttarakhand-complete-uttarakhand-tour-package-9d8n-v3.png,"Create a photorealistic travel image for ""Complete Uttarakhand Tour Package"" — 9-day Uttarakhand holiday package, India. Scene: scenic highlights of Himalayan spirituality, Rishikesh, hill stations. Style: Soft morning mist, peaceful serene atmosphere. YatraNexus brand colors: navy #001b2a, orange #ff7a00, purple #4b2cff. Photorealistic, no text, no watermark. Technical: 3:2 landscape 1200×800."
uttarakhand-complete-uttarakhand-tour-package-9d8n-v4,package,Complete Uttarakhand Tour Package,4,public/images/packages/uttarakhand-complete-uttarakhand-tour-package-9d8n-v4.png,"Create a photorealistic travel image for ""Complete Uttarakhand Tour Package"" — 9-day Uttarakhand holiday package, India. Scene: scenic highlights of Himalayan spirituality, Rishikesh, hill stations. Style: Dramatic sunset warm orange-pink sky, romantic mood. YatraNexus brand colors: navy #001b2a, orange #ff7a00, purple #4b2cff. Photorealistic, no text, no watermark. Technical: 3:2 landscape 1200×800."
uttarakhand-complete-uttarakhand-tour-package-9d8n-v5,package,Complete Uttarakhand Tour Package,5,public/images/packages/uttarakhand-complete-uttarakhand-tour-package-9d8n-v5.png,"Create a photorealistic travel image for ""Complete Uttarakhand Tour Package"" — 9-day Uttarakhand holiday package, India. Scene: scenic highlights of Himalayan spirituality, Rishikesh, hill stations. Style: Aerial drone bird's-eye view, epic panoramic scale. YatraNexus brand colors: navy #001b2a, orange #ff7a00, purple #4b2cff. Photorealistic, no text, no watermark. Technical: 3:2 landscape 1200×800."
uttarakhand-complete-uttarakhand-tour-package-9d8n-v6,package,Complete Uttarakhand Tour Package,6,public/images/packages/uttarakhand-complete-uttarakhand-tour-package-9d8n-v6.png,"Create a photorealistic travel image for ""Complete Uttarakhand Tour Package"" — 9-day Uttarakhand holiday package, India. Scene: scenic highlights of Himalayan spirituality, Rishikesh, hill stations. Style: Close-up iconic landmark detail, shallow depth of field. YatraNexus brand colors: navy #001b2a, orange #ff7a00, purple #4b2cff. Photorealistic, no text, no watermark. Technical: 3:2 landscape 1200×800."
uttarakhand-complete-uttarakhand-tour-package-9d8n-v7,package,Complete Uttarakhand Tour Package,7,public/images/packages/uttarakhand-complete-uttarakhand-tour-package-9d8n-v7.png,"Create a photorealistic travel image for ""Complete Uttarakhand Tour Package"" — 9-day Uttarakhand holiday package, India. Scene: scenic highlights of Himalayan spirituality, Rishikesh, hill stations. Style: Cultural heritage focus — temples, forts, or local architecture. YatraNexus brand colors: navy #001b2a, orange #ff7a00, purple #4b2cff. Photorealistic, no text, no watermark. Technical: 3:2 landscape 1200×800."
uttarakhand-complete-uttarakhand-tour-package-9d8n-v8,package,Complete Uttarakhand Tour Package,8,public/images/packages/uttarakhand-complete-uttarakhand-tour-package-9d8n-v8.png,"Create a photorealistic travel image for ""Complete Uttarakhand Tour Package"" — 9-day Uttarakhand holiday package, India. Scene: scenic highlights of Himalayan spirituality, Rishikesh, hill stations. Style: Nature adventure — mountains, forests, rivers, wildlife hints. YatraNexus brand colors: navy #001b2a, orange #ff7a00, purple #4b2cff. Photorealistic, no text, no watermark. Technical: 3:2 landscape 1200×800."
uttarakhand-complete-uttarakhand-tour-package-9d8n-v9,package,Complete Uttarakhand Tour Package,9,public/images/packages/uttarakhand-complete-uttarakhand-tour-package-9d8n-v9.png,"Create a photorealistic travel image for ""Complete Uttarakhand Tour Package"" — 9-day Uttarakhand holiday package, India. Scene: scenic highlights of Himalayan spirituality, Rishikesh, hill stations. Style: Coastal or lakeside calm water reflection composition. YatraNexus brand colors: navy #001b2a, orange #ff7a00, purple #4b2cff. Photorealistic, no text, no watermark. Technical: 3:2 landscape 1200×800."
uttarakhand-complete-uttarakhand-tour-package-9d8n-v10,package,Complete Uttarakhand Tour Package,10,public/images/packages/uttarakhand-complete-uttarakhand-tour-package-9d8n-v10.png,"Create a photorealistic travel image for ""Complete Uttarakhand Tour Package"" — 9-day Uttarakhand holiday package, India. Scene: scenic highlights of Himalayan spirituality, Rishikesh, hill stations. Style: Clean package-card thumbnail — subject centered, minimal clutter. YatraNexus brand colors: navy #001b2a, orange #ff7a00, purple #4b2cff. Photorealistic, no text, no watermark. Technical: 3:2 landscape 1200×800."
west-bengal-darjeeling-himalayan-escape-5d4n-v1,package,Darjeeling Himalayan Escape,1,public/images/packages/west-bengal-darjeeling-himalayan-escape-5d4n-v1.png,"Create a photorealistic travel image for ""Darjeeling Himalayan Escape"" — 5-day West Bengal holiday package, India. Scene: scenic highlights of Darjeeling tea gardens, Sundarbans, Kolkata heritage. Style: Wide cinematic golden-hour landscape, premium travel brochure. YatraNexus brand colors: navy #001b2a, orange #ff7a00, purple #4b2cff. Photorealistic, no text, no watermark. Technical: 3:2 landscape 1200×800."
west-bengal-darjeeling-himalayan-escape-5d4n-v2,package,Darjeeling Himalayan Escape,2,public/images/packages/west-bengal-darjeeling-himalayan-escape-5d4n-v2.png,"Create a photorealistic travel image for ""Darjeeling Himalayan Escape"" — 5-day West Bengal holiday package, India. Scene: scenic highlights of Darjeeling tea gardens, Sundarbans, Kolkata heritage. Style: Bright daylight vibrant colors, inviting family-friendly mood. YatraNexus brand colors: navy #001b2a, orange #ff7a00, purple #4b2cff. Photorealistic, no text, no watermark. Technical: 3:2 landscape 1200×800."
west-bengal-darjeeling-himalayan-escape-5d4n-v3,package,Darjeeling Himalayan Escape,3,public/images/packages/west-bengal-darjeeling-himalayan-escape-5d4n-v3.png,"Create a photorealistic travel image for ""Darjeeling Himalayan Escape"" — 5-day West Bengal holiday package, India. Scene: scenic highlights of Darjeeling tea gardens, Sundarbans, Kolkata heritage. Style: Soft morning mist, peaceful serene atmosphere. YatraNexus brand colors: navy #001b2a, orange #ff7a00, purple #4b2cff. Photorealistic, no text, no watermark. Technical: 3:2 landscape 1200×800."
west-bengal-darjeeling-himalayan-escape-5d4n-v4,package,Darjeeling Himalayan Escape,4,public/images/packages/west-bengal-darjeeling-himalayan-escape-5d4n-v4.png,"Create a photorealistic travel image for ""Darjeeling Himalayan Escape"" — 5-day West Bengal holiday package, India. Scene: scenic highlights of Darjeeling tea gardens, Sundarbans, Kolkata heritage. Style: Dramatic sunset warm orange-pink sky, romantic mood. YatraNexus brand colors: navy #001b2a, orange #ff7a00, purple #4b2cff. Photorealistic, no text, no watermark. Technical: 3:2 landscape 1200×800."
west-bengal-darjeeling-himalayan-escape-5d4n-v5,package,Darjeeling Himalayan Escape,5,public/images/packages/west-bengal-darjeeling-himalayan-escape-5d4n-v5.png,"Create a photorealistic travel image for ""Darjeeling Himalayan Escape"" — 5-day West Bengal holiday package, India. Scene: scenic highlights of Darjeeling tea gardens, Sundarbans, Kolkata heritage. Style: Aerial drone bird's-eye view, epic panoramic scale. YatraNexus brand colors: navy #001b2a, orange #ff7a00, purple #4b2cff. Photorealistic, no text, no watermark. Technical: 3:2 landscape 1200×800."
west-bengal-darjeeling-himalayan-escape-5d4n-v6,package,Darjeeling Himalayan Escape,6,public/images/packages/west-bengal-darjeeling-himalayan-escape-5d4n-v6.png,"Create a photorealistic travel image for ""Darjeeling Himalayan Escape"" — 5-day West Bengal holiday package, India. Scene: scenic highlights of Darjeeling tea gardens, Sundarbans, Kolkata heritage. Style: Close-up iconic landmark detail, shallow depth of field. YatraNexus brand colors: navy #001b2a, orange #ff7a00, purple #4b2cff. Photorealistic, no text, no watermark. Technical: 3:2 landscape 1200×800."
west-bengal-darjeeling-himalayan-escape-5d4n-v7,package,Darjeeling Himalayan Escape,7,public/images/packages/west-bengal-darjeeling-himalayan-escape-5d4n-v7.png,"Create a photorealistic travel image for ""Darjeeling Himalayan Escape"" — 5-day West Bengal holiday package, India. Scene: scenic highlights of Darjeeling tea gardens, Sundarbans, Kolkata heritage. Style: Cultural heritage focus — temples, forts, or local architecture. YatraNexus brand colors: navy #001b2a, orange #ff7a00, purple #4b2cff. Photorealistic, no text, no watermark. Technical: 3:2 landscape 1200×800."
west-bengal-darjeeling-himalayan-escape-5d4n-v8,package,Darjeeling Himalayan Escape,8,public/images/packages/west-bengal-darjeeling-himalayan-escape-5d4n-v8.png,"Create a photorealistic travel image for ""Darjeeling Himalayan Escape"" — 5-day West Bengal holiday package, India. Scene: scenic highlights of Darjeeling tea gardens, Sundarbans, Kolkata heritage. Style: Nature adventure — mountains, forests, rivers, wildlife hints. YatraNexus brand colors: navy #001b2a, orange #ff7a00, purple #4b2cff. Photorealistic, no text, no watermark. Technical: 3:2 landscape 1200×800."
west-bengal-darjeeling-himalayan-escape-5d4n-v9,package,Darjeeling Himalayan Escape,9,public/images/packages/west-bengal-darjeeling-himalayan-escape-5d4n-v9.png,"Create a photorealistic travel image for ""Darjeeling Himalayan Escape"" — 5-day West Bengal holiday package, India. Scene: scenic highlights of Darjeeling tea gardens, Sundarbans, Kolkata heritage. Style: Coastal or lakeside calm water reflection composition. YatraNexus brand colors: navy #001b2a, orange #ff7a00, purple #4b2cff. Photorealistic, no text, no watermark. Technical: 3:2 landscape 1200×800."
west-bengal-darjeeling-himalayan-escape-5d4n-v10,package,Darjeeling Himalayan Escape,10,public/images/packages/west-bengal-darjeeling-himalayan-escape-5d4n-v10.png,"Create a photorealistic travel image for ""Darjeeling Himalayan Escape"" — 5-day West Bengal holiday package, India. Scene: scenic highlights of Darjeeling tea gardens, Sundarbans, Kolkata heritage. Style: Clean package-card thumbnail — subject centered, minimal clutter. YatraNexus brand colors: navy #001b2a, orange #ff7a00, purple #4b2cff. Photorealistic, no text, no watermark. Technical: 3:2 landscape 1200×800."
west-bengal-dooars-wildlife-tea-garden-tour-6d5n-v1,package,Dooars Wildlife & Tea Garden Tour,1,public/images/packages/west-bengal-dooars-wildlife-tea-garden-tour-6d5n-v1.png,"Create a photorealistic travel image for ""Dooars Wildlife & Tea Garden Tour"" — 6-day West Bengal holiday package, India. Scene: wildlife safari Darjeeling tea gardens, Sundarbans, Kolkata heritage. Style: Wide cinematic golden-hour landscape, premium travel brochure. YatraNexus brand colors: navy #001b2a, orange #ff7a00, purple #4b2cff. Photorealistic, no text, no watermark. Technical: 3:2 landscape 1200×800."
west-bengal-dooars-wildlife-tea-garden-tour-6d5n-v2,package,Dooars Wildlife & Tea Garden Tour,2,public/images/packages/west-bengal-dooars-wildlife-tea-garden-tour-6d5n-v2.png,"Create a photorealistic travel image for ""Dooars Wildlife & Tea Garden Tour"" — 6-day West Bengal holiday package, India. Scene: wildlife safari Darjeeling tea gardens, Sundarbans, Kolkata heritage. Style: Bright daylight vibrant colors, inviting family-friendly mood. YatraNexus brand colors: navy #001b2a, orange #ff7a00, purple #4b2cff. Photorealistic, no text, no watermark. Technical: 3:2 landscape 1200×800."
west-bengal-dooars-wildlife-tea-garden-tour-6d5n-v3,package,Dooars Wildlife & Tea Garden Tour,3,public/images/packages/west-bengal-dooars-wildlife-tea-garden-tour-6d5n-v3.png,"Create a photorealistic travel image for ""Dooars Wildlife & Tea Garden Tour"" — 6-day West Bengal holiday package, India. Scene: wildlife safari Darjeeling tea gardens, Sundarbans, Kolkata heritage. Style: Soft morning mist, peaceful serene atmosphere. YatraNexus brand colors: navy #001b2a, orange #ff7a00, purple #4b2cff. Photorealistic, no text, no watermark. Technical: 3:2 landscape 1200×800."
west-bengal-dooars-wildlife-tea-garden-tour-6d5n-v4,package,Dooars Wildlife & Tea Garden Tour,4,public/images/packages/west-bengal-dooars-wildlife-tea-garden-tour-6d5n-v4.png,"Create a photorealistic travel image for ""Dooars Wildlife & Tea Garden Tour"" — 6-day West Bengal holiday package, India. Scene: wildlife safari Darjeeling tea gardens, Sundarbans, Kolkata heritage. Style: Dramatic sunset warm orange-pink sky, romantic mood. YatraNexus brand colors: navy #001b2a, orange #ff7a00, purple #4b2cff. Photorealistic, no text, no watermark. Technical: 3:2 landscape 1200×800."
west-bengal-dooars-wildlife-tea-garden-tour-6d5n-v5,package,Dooars Wildlife & Tea Garden Tour,5,public/images/packages/west-bengal-dooars-wildlife-tea-garden-tour-6d5n-v5.png,"Create a photorealistic travel image for ""Dooars Wildlife & Tea Garden Tour"" — 6-day West Bengal holiday package, India. Scene: wildlife safari Darjeeling tea gardens, Sundarbans, Kolkata heritage. Style: Aerial drone bird's-eye view, epic panoramic scale. YatraNexus brand colors: navy #001b2a, orange #ff7a00, purple #4b2cff. Photorealistic, no text, no watermark. Technical: 3:2 landscape 1200×800."
west-bengal-dooars-wildlife-tea-garden-tour-6d5n-v6,package,Dooars Wildlife & Tea Garden Tour,6,public/images/packages/west-bengal-dooars-wildlife-tea-garden-tour-6d5n-v6.png,"Create a photorealistic travel image for ""Dooars Wildlife & Tea Garden Tour"" — 6-day West Bengal holiday package, India. Scene: wildlife safari Darjeeling tea gardens, Sundarbans, Kolkata heritage. Style: Close-up iconic landmark detail, shallow depth of field. YatraNexus brand colors: navy #001b2a, orange #ff7a00, purple #4b2cff. Photorealistic, no text, no watermark. Technical: 3:2 landscape 1200×800."
west-bengal-dooars-wildlife-tea-garden-tour-6d5n-v7,package,Dooars Wildlife & Tea Garden Tour,7,public/images/packages/west-bengal-dooars-wildlife-tea-garden-tour-6d5n-v7.png,"Create a photorealistic travel image for ""Dooars Wildlife & Tea Garden Tour"" — 6-day West Bengal holiday package, India. Scene: wildlife safari Darjeeling tea gardens, Sundarbans, Kolkata heritage. Style: Cultural heritage focus — temples, forts, or local architecture. YatraNexus brand colors: navy #001b2a, orange #ff7a00, purple #4b2cff. Photorealistic, no text, no watermark. Technical: 3:2 landscape 1200×800."
west-bengal-dooars-wildlife-tea-garden-tour-6d5n-v8,package,Dooars Wildlife & Tea Garden Tour,8,public/images/packages/west-bengal-dooars-wildlife-tea-garden-tour-6d5n-v8.png,"Create a photorealistic travel image for ""Dooars Wildlife & Tea Garden Tour"" — 6-day West Bengal holiday package, India. Scene: wildlife safari Darjeeling tea gardens, Sundarbans, Kolkata heritage. Style: Nature adventure — mountains, forests, rivers, wildlife hints. YatraNexus brand colors: navy #001b2a, orange #ff7a00, purple #4b2cff. Photorealistic, no text, no watermark. Technical: 3:2 landscape 1200×800."
west-bengal-dooars-wildlife-tea-garden-tour-6d5n-v9,package,Dooars Wildlife & Tea Garden Tour,9,public/images/packages/west-bengal-dooars-wildlife-tea-garden-tour-6d5n-v9.png,"Create a photorealistic travel image for ""Dooars Wildlife & Tea Garden Tour"" — 6-day West Bengal holiday package, India. Scene: wildlife safari Darjeeling tea gardens, Sundarbans, Kolkata heritage. Style: Coastal or lakeside calm water reflection composition. YatraNexus brand colors: navy #001b2a, orange #ff7a00, purple #4b2cff. Photorealistic, no text, no watermark. Technical: 3:2 landscape 1200×800."
west-bengal-dooars-wildlife-tea-garden-tour-6d5n-v10,package,Dooars Wildlife & Tea Garden Tour,10,public/images/packages/west-bengal-dooars-wildlife-tea-garden-tour-6d5n-v10.png,"Create a photorealistic travel image for ""Dooars Wildlife & Tea Garden Tour"" — 6-day West Bengal holiday package, India. Scene: wildlife safari Darjeeling tea gardens, Sundarbans, Kolkata heritage. Style: Clean package-card thumbnail — subject centered, minimal clutter. YatraNexus brand colors: navy #001b2a, orange #ff7a00, purple #4b2cff. Photorealistic, no text, no watermark. Technical: 3:2 landscape 1200×800."
west-bengal-kolkata-digha-coastal-holiday-5d4n-v1,package,Kolkata – Digha Coastal Holiday,1,public/images/packages/west-bengal-kolkata-digha-coastal-holiday-5d4n-v1.png,"Create a photorealistic travel image for ""Kolkata – Digha Coastal Holiday"" — 5-day West Bengal holiday package, India. Scene: coastal beaches Darjeeling tea gardens, Sundarbans, Kolkata heritage. Style: Wide cinematic golden-hour landscape, premium travel brochure. YatraNexus brand colors: navy #001b2a, orange #ff7a00, purple #4b2cff. Photorealistic, no text, no watermark. Technical: 3:2 landscape 1200×800."
west-bengal-kolkata-digha-coastal-holiday-5d4n-v2,package,Kolkata – Digha Coastal Holiday,2,public/images/packages/west-bengal-kolkata-digha-coastal-holiday-5d4n-v2.png,"Create a photorealistic travel image for ""Kolkata – Digha Coastal Holiday"" — 5-day West Bengal holiday package, India. Scene: coastal beaches Darjeeling tea gardens, Sundarbans, Kolkata heritage. Style: Bright daylight vibrant colors, inviting family-friendly mood. YatraNexus brand colors: navy #001b2a, orange #ff7a00, purple #4b2cff. Photorealistic, no text, no watermark. Technical: 3:2 landscape 1200×800."
west-bengal-kolkata-digha-coastal-holiday-5d4n-v3,package,Kolkata – Digha Coastal Holiday,3,public/images/packages/west-bengal-kolkata-digha-coastal-holiday-5d4n-v3.png,"Create a photorealistic travel image for ""Kolkata – Digha Coastal Holiday"" — 5-day West Bengal holiday package, India. Scene: coastal beaches Darjeeling tea gardens, Sundarbans, Kolkata heritage. Style: Soft morning mist, peaceful serene atmosphere. YatraNexus brand colors: navy #001b2a, orange #ff7a00, purple #4b2cff. Photorealistic, no text, no watermark. Technical: 3:2 landscape 1200×800."
west-bengal-kolkata-digha-coastal-holiday-5d4n-v4,package,Kolkata – Digha Coastal Holiday,4,public/images/packages/west-bengal-kolkata-digha-coastal-holiday-5d4n-v4.png,"Create a photorealistic travel image for ""Kolkata – Digha Coastal Holiday"" — 5-day West Bengal holiday package, India. Scene: coastal beaches Darjeeling tea gardens, Sundarbans, Kolkata heritage. Style: Dramatic sunset warm orange-pink sky, romantic mood. YatraNexus brand colors: navy #001b2a, orange #ff7a00, purple #4b2cff. Photorealistic, no text, no watermark. Technical: 3:2 landscape 1200×800."
west-bengal-kolkata-digha-coastal-holiday-5d4n-v5,package,Kolkata – Digha Coastal Holiday,5,public/images/packages/west-bengal-kolkata-digha-coastal-holiday-5d4n-v5.png,"Create a photorealistic travel image for ""Kolkata – Digha Coastal Holiday"" — 5-day West Bengal holiday package, India. Scene: coastal beaches Darjeeling tea gardens, Sundarbans, Kolkata heritage. Style: Aerial drone bird's-eye view, epic panoramic scale. YatraNexus brand colors: navy #001b2a, orange #ff7a00, purple #4b2cff. Photorealistic, no text, no watermark. Technical: 3:2 landscape 1200×800."
west-bengal-kolkata-digha-coastal-holiday-5d4n-v6,package,Kolkata – Digha Coastal Holiday,6,public/images/packages/west-bengal-kolkata-digha-coastal-holiday-5d4n-v6.png,"Create a photorealistic travel image for ""Kolkata – Digha Coastal Holiday"" — 5-day West Bengal holiday package, India. Scene: coastal beaches Darjeeling tea gardens, Sundarbans, Kolkata heritage. Style: Close-up iconic landmark detail, shallow depth of field. YatraNexus brand colors: navy #001b2a, orange #ff7a00, purple #4b2cff. Photorealistic, no text, no watermark. Technical: 3:2 landscape 1200×800."
west-bengal-kolkata-digha-coastal-holiday-5d4n-v7,package,Kolkata – Digha Coastal Holiday,7,public/images/packages/west-bengal-kolkata-digha-coastal-holiday-5d4n-v7.png,"Create a photorealistic travel image for ""Kolkata – Digha Coastal Holiday"" — 5-day West Bengal holiday package, India. Scene: coastal beaches Darjeeling tea gardens, Sundarbans, Kolkata heritage. Style: Cultural heritage focus — temples, forts, or local architecture. YatraNexus brand colors: navy #001b2a, orange #ff7a00, purple #4b2cff. Photorealistic, no text, no watermark. Technical: 3:2 landscape 1200×800."
west-bengal-kolkata-digha-coastal-holiday-5d4n-v8,package,Kolkata – Digha Coastal Holiday,8,public/images/packages/west-bengal-kolkata-digha-coastal-holiday-5d4n-v8.png,"Create a photorealistic travel image for ""Kolkata – Digha Coastal Holiday"" — 5-day West Bengal holiday package, India. Scene: coastal beaches Darjeeling tea gardens, Sundarbans, Kolkata heritage. Style: Nature adventure — mountains, forests, rivers, wildlife hints. YatraNexus brand colors: navy #001b2a, orange #ff7a00, purple #4b2cff. Photorealistic, no text, no watermark. Technical: 3:2 landscape 1200×800."
west-bengal-kolkata-digha-coastal-holiday-5d4n-v9,package,Kolkata – Digha Coastal Holiday,9,public/images/packages/west-bengal-kolkata-digha-coastal-holiday-5d4n-v9.png,"Create a photorealistic travel image for ""Kolkata – Digha Coastal Holiday"" — 5-day West Bengal holiday package, India. Scene: coastal beaches Darjeeling tea gardens, Sundarbans, Kolkata heritage. Style: Coastal or lakeside calm water reflection composition. YatraNexus brand colors: navy #001b2a, orange #ff7a00, purple #4b2cff. Photorealistic, no text, no watermark. Technical: 3:2 landscape 1200×800."
west-bengal-kolkata-digha-coastal-holiday-5d4n-v10,package,Kolkata – Digha Coastal Holiday,10,public/images/packages/west-bengal-kolkata-digha-coastal-holiday-5d4n-v10.png,"Create a photorealistic travel image for ""Kolkata – Digha Coastal Holiday"" — 5-day West Bengal holiday package, India. Scene: coastal beaches Darjeeling tea gardens, Sundarbans, Kolkata heritage. Style: Clean package-card thumbnail — subject centered, minimal clutter. YatraNexus brand colors: navy #001b2a, orange #ff7a00, purple #4b2cff. Photorealistic, no text, no watermark. Technical: 3:2 landscape 1200×800."
west-bengal-kolkata-shantiniketan-cultural-journey-5d4n-v1,package,Kolkata – Shantiniketan Cultural Journey,1,public/images/packages/west-bengal-kolkata-shantiniketan-cultural-journey-5d4n-v1.png,"Create a photorealistic travel image for ""Kolkata – Shantiniketan Cultural Journey"" — 5-day West Bengal holiday package, India. Scene: scenic highlights of Darjeeling tea gardens, Sundarbans, Kolkata heritage. Style: Wide cinematic golden-hour landscape, premium travel brochure. YatraNexus brand colors: navy #001b2a, orange #ff7a00, purple #4b2cff. Photorealistic, no text, no watermark. Technical: 3:2 landscape 1200×800."
west-bengal-kolkata-shantiniketan-cultural-journey-5d4n-v2,package,Kolkata – Shantiniketan Cultural Journey,2,public/images/packages/west-bengal-kolkata-shantiniketan-cultural-journey-5d4n-v2.png,"Create a photorealistic travel image for ""Kolkata – Shantiniketan Cultural Journey"" — 5-day West Bengal holiday package, India. Scene: scenic highlights of Darjeeling tea gardens, Sundarbans, Kolkata heritage. Style: Bright daylight vibrant colors, inviting family-friendly mood. YatraNexus brand colors: navy #001b2a, orange #ff7a00, purple #4b2cff. Photorealistic, no text, no watermark. Technical: 3:2 landscape 1200×800."
west-bengal-kolkata-shantiniketan-cultural-journey-5d4n-v3,package,Kolkata – Shantiniketan Cultural Journey,3,public/images/packages/west-bengal-kolkata-shantiniketan-cultural-journey-5d4n-v3.png,"Create a photorealistic travel image for ""Kolkata – Shantiniketan Cultural Journey"" — 5-day West Bengal holiday package, India. Scene: scenic highlights of Darjeeling tea gardens, Sundarbans, Kolkata heritage. Style: Soft morning mist, peaceful serene atmosphere. YatraNexus brand colors: navy #001b2a, orange #ff7a00, purple #4b2cff. Photorealistic, no text, no watermark. Technical: 3:2 landscape 1200×800."
west-bengal-kolkata-shantiniketan-cultural-journey-5d4n-v4,package,Kolkata – Shantiniketan Cultural Journey,4,public/images/packages/west-bengal-kolkata-shantiniketan-cultural-journey-5d4n-v4.png,"Create a photorealistic travel image for ""Kolkata – Shantiniketan Cultural Journey"" — 5-day West Bengal holiday package, India. Scene: scenic highlights of Darjeeling tea gardens, Sundarbans, Kolkata heritage. Style: Dramatic sunset warm orange-pink sky, romantic mood. YatraNexus brand colors: navy #001b2a, orange #ff7a00, purple #4b2cff. Photorealistic, no text, no watermark. Technical: 3:2 landscape 1200×800."
west-bengal-kolkata-shantiniketan-cultural-journey-5d4n-v5,package,Kolkata – Shantiniketan Cultural Journey,5,public/images/packages/west-bengal-kolkata-shantiniketan-cultural-journey-5d4n-v5.png,"Create a photorealistic travel image for ""Kolkata – Shantiniketan Cultural Journey"" — 5-day West Bengal holiday package, India. Scene: scenic highlights of Darjeeling tea gardens, Sundarbans, Kolkata heritage. Style: Aerial drone bird's-eye view, epic panoramic scale. YatraNexus brand colors: navy #001b2a, orange #ff7a00, purple #4b2cff. Photorealistic, no text, no watermark. Technical: 3:2 landscape 1200×800."
west-bengal-kolkata-shantiniketan-cultural-journey-5d4n-v6,package,Kolkata – Shantiniketan Cultural Journey,6,public/images/packages/west-bengal-kolkata-shantiniketan-cultural-journey-5d4n-v6.png,"Create a photorealistic travel image for ""Kolkata – Shantiniketan Cultural Journey"" — 5-day West Bengal holiday package, India. Scene: scenic highlights of Darjeeling tea gardens, Sundarbans, Kolkata heritage. Style: Close-up iconic landmark detail, shallow depth of field. YatraNexus brand colors: navy #001b2a, orange #ff7a00, purple #4b2cff. Photorealistic, no text, no watermark. Technical: 3:2 landscape 1200×800."
west-bengal-kolkata-shantiniketan-cultural-journey-5d4n-v7,package,Kolkata – Shantiniketan Cultural Journey,7,public/images/packages/west-bengal-kolkata-shantiniketan-cultural-journey-5d4n-v7.png,"Create a photorealistic travel image for ""Kolkata – Shantiniketan Cultural Journey"" — 5-day West Bengal holiday package, India. Scene: scenic highlights of Darjeeling tea gardens, Sundarbans, Kolkata heritage. Style: Cultural heritage focus — temples, forts, or local architecture. YatraNexus brand colors: navy #001b2a, orange #ff7a00, purple #4b2cff. Photorealistic, no text, no watermark. Technical: 3:2 landscape 1200×800."
west-bengal-kolkata-shantiniketan-cultural-journey-5d4n-v8,package,Kolkata – Shantiniketan Cultural Journey,8,public/images/packages/west-bengal-kolkata-shantiniketan-cultural-journey-5d4n-v8.png,"Create a photorealistic travel image for ""Kolkata – Shantiniketan Cultural Journey"" — 5-day West Bengal holiday package, India. Scene: scenic highlights of Darjeeling tea gardens, Sundarbans, Kolkata heritage. Style: Nature adventure — mountains, forests, rivers, wildlife hints. YatraNexus brand colors: navy #001b2a, orange #ff7a00, purple #4b2cff. Photorealistic, no text, no watermark. Technical: 3:2 landscape 1200×800."
west-bengal-kolkata-shantiniketan-cultural-journey-5d4n-v9,package,Kolkata – Shantiniketan Cultural Journey,9,public/images/packages/west-bengal-kolkata-shantiniketan-cultural-journey-5d4n-v9.png,"Create a photorealistic travel image for ""Kolkata – Shantiniketan Cultural Journey"" — 5-day West Bengal holiday package, India. Scene: scenic highlights of Darjeeling tea gardens, Sundarbans, Kolkata heritage. Style: Coastal or lakeside calm water reflection composition. YatraNexus brand colors: navy #001b2a, orange #ff7a00, purple #4b2cff. Photorealistic, no text, no watermark. Technical: 3:2 landscape 1200×800."
west-bengal-kolkata-shantiniketan-cultural-journey-5d4n-v10,package,Kolkata – Shantiniketan Cultural Journey,10,public/images/packages/west-bengal-kolkata-shantiniketan-cultural-journey-5d4n-v10.png,"Create a photorealistic travel image for ""Kolkata – Shantiniketan Cultural Journey"" — 5-day West Bengal holiday package, India. Scene: scenic highlights of Darjeeling tea gardens, Sundarbans, Kolkata heritage. Style: Clean package-card thumbnail — subject centered, minimal clutter. YatraNexus brand colors: navy #001b2a, orange #ff7a00, purple #4b2cff. Photorealistic, no text, no watermark. Technical: 3:2 landscape 1200×800."
west-bengal-complete-north-bengal-explorer-8d7n-v1,package,Complete North Bengal Explorer,1,public/images/packages/west-bengal-complete-north-bengal-explorer-8d7n-v1.png,"Create a photorealistic travel image for ""Complete North Bengal Explorer"" — 8-day West Bengal holiday package, India. Scene: scenic highlights of Darjeeling tea gardens, Sundarbans, Kolkata heritage. Style: Wide cinematic golden-hour landscape, premium travel brochure. YatraNexus brand colors: navy #001b2a, orange #ff7a00, purple #4b2cff. Photorealistic, no text, no watermark. Technical: 3:2 landscape 1200×800."
west-bengal-complete-north-bengal-explorer-8d7n-v2,package,Complete North Bengal Explorer,2,public/images/packages/west-bengal-complete-north-bengal-explorer-8d7n-v2.png,"Create a photorealistic travel image for ""Complete North Bengal Explorer"" — 8-day West Bengal holiday package, India. Scene: scenic highlights of Darjeeling tea gardens, Sundarbans, Kolkata heritage. Style: Bright daylight vibrant colors, inviting family-friendly mood. YatraNexus brand colors: navy #001b2a, orange #ff7a00, purple #4b2cff. Photorealistic, no text, no watermark. Technical: 3:2 landscape 1200×800."
west-bengal-complete-north-bengal-explorer-8d7n-v3,package,Complete North Bengal Explorer,3,public/images/packages/west-bengal-complete-north-bengal-explorer-8d7n-v3.png,"Create a photorealistic travel image for ""Complete North Bengal Explorer"" — 8-day West Bengal holiday package, India. Scene: scenic highlights of Darjeeling tea gardens, Sundarbans, Kolkata heritage. Style: Soft morning mist, peaceful serene atmosphere. YatraNexus brand colors: navy #001b2a, orange #ff7a00, purple #4b2cff. Photorealistic, no text, no watermark. Technical: 3:2 landscape 1200×800."
west-bengal-complete-north-bengal-explorer-8d7n-v4,package,Complete North Bengal Explorer,4,public/images/packages/west-bengal-complete-north-bengal-explorer-8d7n-v4.png,"Create a photorealistic travel image for ""Complete North Bengal Explorer"" — 8-day West Bengal holiday package, India. Scene: scenic highlights of Darjeeling tea gardens, Sundarbans, Kolkata heritage. Style: Dramatic sunset warm orange-pink sky, romantic mood. YatraNexus brand colors: navy #001b2a, orange #ff7a00, purple #4b2cff. Photorealistic, no text, no watermark. Technical: 3:2 landscape 1200×800."
west-bengal-complete-north-bengal-explorer-8d7n-v5,package,Complete North Bengal Explorer,5,public/images/packages/west-bengal-complete-north-bengal-explorer-8d7n-v5.png,"Create a photorealistic travel image for ""Complete North Bengal Explorer"" — 8-day West Bengal holiday package, India. Scene: scenic highlights of Darjeeling tea gardens, Sundarbans, Kolkata heritage. Style: Aerial drone bird's-eye view, epic panoramic scale. YatraNexus brand colors: navy #001b2a, orange #ff7a00, purple #4b2cff. Photorealistic, no text, no watermark. Technical: 3:2 landscape 1200×800."
west-bengal-complete-north-bengal-explorer-8d7n-v6,package,Complete North Bengal Explorer,6,public/images/packages/west-bengal-complete-north-bengal-explorer-8d7n-v6.png,"Create a photorealistic travel image for ""Complete North Bengal Explorer"" — 8-day West Bengal holiday package, India. Scene: scenic highlights of Darjeeling tea gardens, Sundarbans, Kolkata heritage. Style: Close-up iconic landmark detail, shallow depth of field. YatraNexus brand colors: navy #001b2a, orange #ff7a00, purple #4b2cff. Photorealistic, no text, no watermark. Technical: 3:2 landscape 1200×800."
west-bengal-complete-north-bengal-explorer-8d7n-v7,package,Complete North Bengal Explorer,7,public/images/packages/west-bengal-complete-north-bengal-explorer-8d7n-v7.png,"Create a photorealistic travel image for ""Complete North Bengal Explorer"" — 8-day West Bengal holiday package, India. Scene: scenic highlights of Darjeeling tea gardens, Sundarbans, Kolkata heritage. Style: Cultural heritage focus — temples, forts, or local architecture. YatraNexus brand colors: navy #001b2a, orange #ff7a00, purple #4b2cff. Photorealistic, no text, no watermark. Technical: 3:2 landscape 1200×800."
west-bengal-complete-north-bengal-explorer-8d7n-v8,package,Complete North Bengal Explorer,8,public/images/packages/west-bengal-complete-north-bengal-explorer-8d7n-v8.png,"Create a photorealistic travel image for ""Complete North Bengal Explorer"" — 8-day West Bengal holiday package, India. Scene: scenic highlights of Darjeeling tea gardens, Sundarbans, Kolkata heritage. Style: Nature adventure — mountains, forests, rivers, wildlife hints. YatraNexus brand colors: navy #001b2a, orange #ff7a00, purple #4b2cff. Photorealistic, no text, no watermark. Technical: 3:2 landscape 1200×800."
west-bengal-complete-north-bengal-explorer-8d7n-v9,package,Complete North Bengal Explorer,9,public/images/packages/west-bengal-complete-north-bengal-explorer-8d7n-v9.png,"Create a photorealistic travel image for ""Complete North Bengal Explorer"" — 8-day West Bengal holiday package, India. Scene: scenic highlights of Darjeeling tea gardens, Sundarbans, Kolkata heritage. Style: Coastal or lakeside calm water reflection composition. YatraNexus brand colors: navy #001b2a, orange #ff7a00, purple #4b2cff. Photorealistic, no text, no watermark. Technical: 3:2 landscape 1200×800."
west-bengal-complete-north-bengal-explorer-8d7n-v10,package,Complete North Bengal Explorer,10,public/images/packages/west-bengal-complete-north-bengal-explorer-8d7n-v10.png,"Create a photorealistic travel image for ""Complete North Bengal Explorer"" — 8-day West Bengal holiday package, India. Scene: scenic highlights of Darjeeling tea gardens, Sundarbans, Kolkata heritage. Style: Clean package-card thumbnail — subject centered, minimal clutter. YatraNexus brand colors: navy #001b2a, orange #ff7a00, purple #4b2cff. Photorealistic, no text, no watermark. Technical: 3:2 landscape 1200×800."
west-bengal-grand-west-bengal-explorer-premium-10d9n-v1,package,⭐ Grand West Bengal Explorer (Premium),1,public/images/packages/west-bengal-grand-west-bengal-explorer-premium-10d9n-v1.png,"Create a photorealistic travel image for ""⭐ Grand West Bengal Explorer (Premium)"" — 10-day West Bengal holiday package, India. Scene: scenic highlights of Darjeeling tea gardens, Sundarbans, Kolkata heritage. Style: Wide cinematic golden-hour landscape, premium travel brochure. YatraNexus brand colors: navy #001b2a, orange #ff7a00, purple #4b2cff. Photorealistic, no text, no watermark. Technical: 3:2 landscape 1200×800."
west-bengal-grand-west-bengal-explorer-premium-10d9n-v2,package,⭐ Grand West Bengal Explorer (Premium),2,public/images/packages/west-bengal-grand-west-bengal-explorer-premium-10d9n-v2.png,"Create a photorealistic travel image for ""⭐ Grand West Bengal Explorer (Premium)"" — 10-day West Bengal holiday package, India. Scene: scenic highlights of Darjeeling tea gardens, Sundarbans, Kolkata heritage. Style: Bright daylight vibrant colors, inviting family-friendly mood. YatraNexus brand colors: navy #001b2a, orange #ff7a00, purple #4b2cff. Photorealistic, no text, no watermark. Technical: 3:2 landscape 1200×800."
west-bengal-grand-west-bengal-explorer-premium-10d9n-v3,package,⭐ Grand West Bengal Explorer (Premium),3,public/images/packages/west-bengal-grand-west-bengal-explorer-premium-10d9n-v3.png,"Create a photorealistic travel image for ""⭐ Grand West Bengal Explorer (Premium)"" — 10-day West Bengal holiday package, India. Scene: scenic highlights of Darjeeling tea gardens, Sundarbans, Kolkata heritage. Style: Soft morning mist, peaceful serene atmosphere. YatraNexus brand colors: navy #001b2a, orange #ff7a00, purple #4b2cff. Photorealistic, no text, no watermark. Technical: 3:2 landscape 1200×800."
west-bengal-grand-west-bengal-explorer-premium-10d9n-v4,package,⭐ Grand West Bengal Explorer (Premium),4,public/images/packages/west-bengal-grand-west-bengal-explorer-premium-10d9n-v4.png,"Create a photorealistic travel image for ""⭐ Grand West Bengal Explorer (Premium)"" — 10-day West Bengal holiday package, India. Scene: scenic highlights of Darjeeling tea gardens, Sundarbans, Kolkata heritage. Style: Dramatic sunset warm orange-pink sky, romantic mood. YatraNexus brand colors: navy #001b2a, orange #ff7a00, purple #4b2cff. Photorealistic, no text, no watermark. Technical: 3:2 landscape 1200×800."
west-bengal-grand-west-bengal-explorer-premium-10d9n-v5,package,⭐ Grand West Bengal Explorer (Premium),5,public/images/packages/west-bengal-grand-west-bengal-explorer-premium-10d9n-v5.png,"Create a photorealistic travel image for ""⭐ Grand West Bengal Explorer (Premium)"" — 10-day West Bengal holiday package, India. Scene: scenic highlights of Darjeeling tea gardens, Sundarbans, Kolkata heritage. Style: Aerial drone bird's-eye view, epic panoramic scale. YatraNexus brand colors: navy #001b2a, orange #ff7a00, purple #4b2cff. Photorealistic, no text, no watermark. Technical: 3:2 landscape 1200×800."
west-bengal-grand-west-bengal-explorer-premium-10d9n-v6,package,⭐ Grand West Bengal Explorer (Premium),6,public/images/packages/west-bengal-grand-west-bengal-explorer-premium-10d9n-v6.png,"Create a photorealistic travel image for ""⭐ Grand West Bengal Explorer (Premium)"" — 10-day West Bengal holiday package, India. Scene: scenic highlights of Darjeeling tea gardens, Sundarbans, Kolkata heritage. Style: Close-up iconic landmark detail, shallow depth of field. YatraNexus brand colors: navy #001b2a, orange #ff7a00, purple #4b2cff. Photorealistic, no text, no watermark. Technical: 3:2 landscape 1200×800."
west-bengal-grand-west-bengal-explorer-premium-10d9n-v7,package,⭐ Grand West Bengal Explorer (Premium),7,public/images/packages/west-bengal-grand-west-bengal-explorer-premium-10d9n-v7.png,"Create a photorealistic travel image for ""⭐ Grand West Bengal Explorer (Premium)"" — 10-day West Bengal holiday package, India. Scene: scenic highlights of Darjeeling tea gardens, Sundarbans, Kolkata heritage. Style: Cultural heritage focus — temples, forts, or local architecture. YatraNexus brand colors: navy #001b2a, orange #ff7a00, purple #4b2cff. Photorealistic, no text, no watermark. Technical: 3:2 landscape 1200×800."
west-bengal-grand-west-bengal-explorer-premium-10d9n-v8,package,⭐ Grand West Bengal Explorer (Premium),8,public/images/packages/west-bengal-grand-west-bengal-explorer-premium-10d9n-v8.png,"Create a photorealistic travel image for ""⭐ Grand West Bengal Explorer (Premium)"" — 10-day West Bengal holiday package, India. Scene: scenic highlights of Darjeeling tea gardens, Sundarbans, Kolkata heritage. Style: Nature adventure — mountains, forests, rivers, wildlife hints. YatraNexus brand colors: navy #001b2a, orange #ff7a00, purple #4b2cff. Photorealistic, no text, no watermark. Technical: 3:2 landscape 1200×800."
west-bengal-grand-west-bengal-explorer-premium-10d9n-v9,package,⭐ Grand West Bengal Explorer (Premium),9,public/images/packages/west-bengal-grand-west-bengal-explorer-premium-10d9n-v9.png,"Create a photorealistic travel image for ""⭐ Grand West Bengal Explorer (Premium)"" — 10-day West Bengal holiday package, India. Scene: scenic highlights of Darjeeling tea gardens, Sundarbans, Kolkata heritage. Style: Coastal or lakeside calm water reflection composition. YatraNexus brand colors: navy #001b2a, orange #ff7a00, purple #4b2cff. Photorealistic, no text, no watermark. Technical: 3:2 landscape 1200×800."
west-bengal-grand-west-bengal-explorer-premium-10d9n-v10,package,⭐ Grand West Bengal Explorer (Premium),10,public/images/packages/west-bengal-grand-west-bengal-explorer-premium-10d9n-v10.png,"Create a photorealistic travel image for ""⭐ Grand West Bengal Explorer (Premium)"" — 10-day West Bengal holiday package, India. Scene: scenic highlights of Darjeeling tea gardens, Sundarbans, Kolkata heritage. Style: Clean package-card thumbnail — subject centered, minimal clutter. YatraNexus brand colors: navy #001b2a, orange #ff7a00, purple #4b2cff. Photorealistic, no text, no watermark. Technical: 3:2 landscape 1200×800."